--
-- PostgreSQL database dump
--

\restrict cRBqJNuvvmrp6cQWutdZI1RXAQJeETurbTDf0n7ObrKdTMSFBWsEf4BbHW9qbDr

-- Dumped from database version 18.4 (6e15e70)
-- Dumped by pg_dump version 18.4

SET statement_timeout = 0;
SET lock_timeout = 0;
SET idle_in_transaction_session_timeout = 0;
SET transaction_timeout = 0;
SET client_encoding = 'UTF8';
SET standard_conforming_strings = on;
SELECT pg_catalog.set_config('search_path', '', false);
SET check_function_bodies = false;
SET xmloption = content;
SET client_min_messages = warning;
SET row_security = off;

SET default_tablespace = '';

SET default_table_access_method = heap;

--
-- Name: match_chat_messages; Type: TABLE; Schema: public; Owner: neondb_owner
--

CREATE TABLE public.match_chat_messages (
    id integer NOT NULL,
    match_id integer NOT NULL,
    user_id integer NOT NULL,
    message text NOT NULL,
    created_at timestamp with time zone DEFAULT now() NOT NULL
);


ALTER TABLE public.match_chat_messages OWNER TO neondb_owner;

--
-- Name: match_chat_messages_id_seq; Type: SEQUENCE; Schema: public; Owner: neondb_owner
--

CREATE SEQUENCE public.match_chat_messages_id_seq
    AS integer
    START WITH 1
    INCREMENT BY 1
    NO MINVALUE
    NO MAXVALUE
    CACHE 1;


ALTER SEQUENCE public.match_chat_messages_id_seq OWNER TO neondb_owner;

--
-- Name: match_chat_messages_id_seq; Type: SEQUENCE OWNED BY; Schema: public; Owner: neondb_owner
--

ALTER SEQUENCE public.match_chat_messages_id_seq OWNED BY public.match_chat_messages.id;


--
-- Name: matches; Type: TABLE; Schema: public; Owner: neondb_owner
--

CREATE TABLE public.matches (
    id integer NOT NULL,
    external_id integer,
    home_team text NOT NULL,
    away_team text NOT NULL,
    home_logo text,
    away_logo text,
    match_date timestamp with time zone NOT NULL,
    status text DEFAULT 'upcoming'::text NOT NULL,
    home_score integer,
    away_score integer,
    youtube_url text,
    created_at timestamp with time zone DEFAULT now() NOT NULL,
    chat_locked boolean DEFAULT false NOT NULL,
    prediction_unlocked boolean DEFAULT false NOT NULL
);


ALTER TABLE public.matches OWNER TO neondb_owner;

--
-- Name: matches_id_seq; Type: SEQUENCE; Schema: public; Owner: neondb_owner
--

CREATE SEQUENCE public.matches_id_seq
    AS integer
    START WITH 1
    INCREMENT BY 1
    NO MINVALUE
    NO MAXVALUE
    CACHE 1;


ALTER SEQUENCE public.matches_id_seq OWNER TO neondb_owner;

--
-- Name: matches_id_seq; Type: SEQUENCE OWNED BY; Schema: public; Owner: neondb_owner
--

ALTER SEQUENCE public.matches_id_seq OWNED BY public.matches.id;


--
-- Name: notices; Type: TABLE; Schema: public; Owner: neondb_owner
--

CREATE TABLE public.notices (
    id integer CONSTRAINT playing_with_neon_id_not_null NOT NULL,
    title text CONSTRAINT playing_with_neon_name_not_null NOT NULL,
    message real,
    is_active boolean DEFAULT true NOT NULL,
    created_at timestamp with time zone DEFAULT now() NOT NULL,
    updated_at timestamp with time zone DEFAULT now() NOT NULL
);


ALTER TABLE public.notices OWNER TO neondb_owner;

--
-- Name: playing_with_neon; Type: TABLE; Schema: public; Owner: neondb_owner
--

CREATE TABLE public.playing_with_neon (
    id integer CONSTRAINT playing_with_neon_id_not_null1 NOT NULL,
    name text CONSTRAINT playing_with_neon_name_not_null1 NOT NULL,
    value real
);


ALTER TABLE public.playing_with_neon OWNER TO neondb_owner;

--
-- Name: playing_with_neon_id_seq; Type: SEQUENCE; Schema: public; Owner: neondb_owner
--

CREATE SEQUENCE public.playing_with_neon_id_seq
    AS integer
    START WITH 1
    INCREMENT BY 1
    NO MINVALUE
    NO MAXVALUE
    CACHE 1;


ALTER SEQUENCE public.playing_with_neon_id_seq OWNER TO neondb_owner;

--
-- Name: playing_with_neon_id_seq; Type: SEQUENCE OWNED BY; Schema: public; Owner: neondb_owner
--

ALTER SEQUENCE public.playing_with_neon_id_seq OWNED BY public.notices.id;


--
-- Name: playing_with_neon_id_seq1; Type: SEQUENCE; Schema: public; Owner: neondb_owner
--

CREATE SEQUENCE public.playing_with_neon_id_seq1
    AS integer
    START WITH 1
    INCREMENT BY 1
    NO MINVALUE
    NO MAXVALUE
    CACHE 1;


ALTER SEQUENCE public.playing_with_neon_id_seq1 OWNER TO neondb_owner;

--
-- Name: playing_with_neon_id_seq1; Type: SEQUENCE OWNED BY; Schema: public; Owner: neondb_owner
--

ALTER SEQUENCE public.playing_with_neon_id_seq1 OWNED BY public.playing_with_neon.id;


--
-- Name: predictions; Type: TABLE; Schema: public; Owner: neondb_owner
--

CREATE TABLE public.predictions (
    id integer NOT NULL,
    user_id integer NOT NULL,
    match_id integer NOT NULL,
    home_goals integer NOT NULL,
    away_goals integer NOT NULL,
    created_at timestamp with time zone DEFAULT now() NOT NULL,
    updated_at timestamp with time zone DEFAULT now() NOT NULL
);


ALTER TABLE public.predictions OWNER TO neondb_owner;

--
-- Name: predictions_id_seq; Type: SEQUENCE; Schema: public; Owner: neondb_owner
--

CREATE SEQUENCE public.predictions_id_seq
    AS integer
    START WITH 1
    INCREMENT BY 1
    NO MINVALUE
    NO MAXVALUE
    CACHE 1;


ALTER SEQUENCE public.predictions_id_seq OWNER TO neondb_owner;

--
-- Name: predictions_id_seq; Type: SEQUENCE OWNED BY; Schema: public; Owner: neondb_owner
--

ALTER SEQUENCE public.predictions_id_seq OWNED BY public.predictions.id;


--
-- Name: users; Type: TABLE; Schema: public; Owner: neondb_owner
--

CREATE TABLE public.users (
    id integer NOT NULL,
    name text NOT NULL,
    email text NOT NULL,
    password text NOT NULL,
    is_admin boolean DEFAULT false NOT NULL,
    status text DEFAULT 'pending'::text NOT NULL,
    avatar_url text,
    created_at timestamp with time zone DEFAULT now() NOT NULL
);


ALTER TABLE public.users OWNER TO neondb_owner;

--
-- Name: users_id_seq; Type: SEQUENCE; Schema: public; Owner: neondb_owner
--

CREATE SEQUENCE public.users_id_seq
    AS integer
    START WITH 1
    INCREMENT BY 1
    NO MINVALUE
    NO MAXVALUE
    CACHE 1;


ALTER SEQUENCE public.users_id_seq OWNER TO neondb_owner;

--
-- Name: users_id_seq; Type: SEQUENCE OWNED BY; Schema: public; Owner: neondb_owner
--

ALTER SEQUENCE public.users_id_seq OWNED BY public.users.id;


--
-- Name: match_chat_messages id; Type: DEFAULT; Schema: public; Owner: neondb_owner
--

ALTER TABLE ONLY public.match_chat_messages ALTER COLUMN id SET DEFAULT nextval('public.match_chat_messages_id_seq'::regclass);


--
-- Name: matches id; Type: DEFAULT; Schema: public; Owner: neondb_owner
--

ALTER TABLE ONLY public.matches ALTER COLUMN id SET DEFAULT nextval('public.matches_id_seq'::regclass);


--
-- Name: notices id; Type: DEFAULT; Schema: public; Owner: neondb_owner
--

ALTER TABLE ONLY public.notices ALTER COLUMN id SET DEFAULT nextval('public.playing_with_neon_id_seq'::regclass);


--
-- Name: playing_with_neon id; Type: DEFAULT; Schema: public; Owner: neondb_owner
--

ALTER TABLE ONLY public.playing_with_neon ALTER COLUMN id SET DEFAULT nextval('public.playing_with_neon_id_seq1'::regclass);


--
-- Name: predictions id; Type: DEFAULT; Schema: public; Owner: neondb_owner
--

ALTER TABLE ONLY public.predictions ALTER COLUMN id SET DEFAULT nextval('public.predictions_id_seq'::regclass);


--
-- Name: users id; Type: DEFAULT; Schema: public; Owner: neondb_owner
--

ALTER TABLE ONLY public.users ALTER COLUMN id SET DEFAULT nextval('public.users_id_seq'::regclass);


--
-- Data for Name: match_chat_messages; Type: TABLE DATA; Schema: public; Owner: neondb_owner
--

COPY public.match_chat_messages (id, match_id, user_id, message, created_at) FROM stdin;
49	5	4	boraaaa	2026-06-13 21:04:50.053296+00
50	5	4	+3zinho	2026-06-13 21:05:08.232328+00
51	5	29	Vsf japonês caloteiro	2026-06-13 21:06:01.387118+00
\.


--
-- Data for Name: matches; Type: TABLE DATA; Schema: public; Owner: neondb_owner
--

COPY public.matches (id, external_id, home_team, away_team, home_logo, away_logo, match_date, status, home_score, away_score, youtube_url, created_at, chat_locked, prediction_unlocked) FROM stdin;
31	537341	Brazil	Haiti	https://crests.football-data.org/764.svg	https://crests.football-data.org/haiti.svg	2026-06-20 00:30:00+00	upcoming	0	0	\N	2026-06-06 13:33:21.291474+00	f	f
21	537403	Portugal	Congo DR	https://crests.football-data.org/765.svg	https://crests.football-data.org/congo_dr.svg	2026-06-17 17:00:00+00	upcoming	0	0	\N	2026-06-06 13:33:20.955649+00	f	f
4	537345	USA	Paraguay	https://crests.football-data.org/usa.svg	https://crests.football-data.org/761.svg	2026-06-13 01:00:00+00	finished	4	1	\N	2026-06-06 13:33:20.375791+00	f	f
3	537333	Canada	Bosnia-H.	https://crests.football-data.org/canada.svg	https://crests.football-data.org/bosnia.svg	2026-06-12 19:00:00+00	finished	1	1	\N	2026-06-06 13:33:20.340829+00	f	f
18	537392	Iraq	Norway	https://crests.football-data.org/iraq.svg	https://crests.football-data.org/813.svg	2026-06-16 22:00:00+00	upcoming	0	0	\N	2026-06-06 13:33:20.85593+00	f	f
30	537342	Scotland	Morocco	https://crests.football-data.org/814.svg	https://crests.football-data.org/morocco.svg	2026-06-19 22:00:00+00	upcoming	0	0	\N	2026-06-06 13:33:21.248851+00	f	f
40	537366	New Zealand	Egypt	https://crests.football-data.org/783.svg	https://crests.football-data.org/825.svg	2026-06-22 01:00:00+00	upcoming	0	0	\N	2026-06-06 13:33:21.720035+00	f	f
22	537409	England	Croatia	https://crests.football-data.org/770.svg	https://crests.football-data.org/799.svg	2026-06-17 20:00:00+00	upcoming	0	0	\N	2026-06-06 13:33:20.98827+00	f	f
10	537357	Netherlands	Japan	https://crests.football-data.org/8601.svg	https://crests.football-data.org/766.svg	2026-06-14 20:00:00+00	upcoming	0	0	\N	2026-06-06 13:33:20.579155+00	f	f
11	537352	Ivory Coast	Ecuador	https://crests.football-data.org/787.svg	https://crests.football-data.org/791.svg	2026-06-14 23:00:00+00	upcoming	0	0	\N	2026-06-06 13:33:20.611798+00	f	f
5	537334	Qatar	Switzerland	https://crests.football-data.org/8030.svg	https://crests.football-data.org/788.svg	2026-06-13 19:00:00+00	finished	1	1	\N	2026-06-06 13:33:20.410537+00	f	f
6	537339	Brazil	Morocco	https://crests.football-data.org/764.svg	https://crests.football-data.org/morocco.svg	2026-06-13 22:00:00+00	finished	1	1	\N	2026-06-06 13:33:20.444057+00	f	f
2	537328	Korea Republic	Czechia	https://crests.football-data.org/772.png	https://crests.football-data.org/798.svg	2026-06-12 02:00:00+00	finished	2	1	\N	2026-06-06 13:33:20.306365+00	f	f
8	537346	Australia	Turkey	https://crests.football-data.org/779.svg	https://crests.football-data.org/803.svg	2026-06-14 04:00:00+00	finished	2	0	\N	2026-06-06 13:33:20.509926+00	f	f
17	537391	France	Senegal	https://crests.football-data.org/773.svg	https://crests.football-data.org/senegal.svg	2026-06-16 19:00:00+00	upcoming	0	0	\N	2026-06-06 13:33:20.823253+00	f	f
41	537399	Argentina	Austria	https://crests.football-data.org/762.png	https://crests.football-data.org/816.svg	2026-06-22 17:00:00+00	upcoming	0	0	\N	2026-06-06 13:33:21.753562+00	f	f
42	537393	France	Iraq	https://crests.football-data.org/773.svg	https://crests.football-data.org/iraq.svg	2026-06-22 21:00:00+00	upcoming	0	0	\N	2026-06-06 13:33:21.786865+00	f	f
19	537397	Argentina	Algeria	https://crests.football-data.org/762.png	https://crests.football-data.org/algeria.svg	2026-06-17 01:00:00+00	upcoming	0	0	\N	2026-06-06 13:33:20.888518+00	f	f
25	537329	Czechia	South Africa	https://crests.football-data.org/798.svg	https://crests.football-data.org/9396.svg	2026-06-18 16:00:00+00	upcoming	0	0	\N	2026-06-06 13:33:21.086264+00	f	f
32	537347	Turkey	Paraguay	https://crests.football-data.org/803.svg	https://crests.football-data.org/761.svg	2026-06-20 03:00:00+00	upcoming	0	0	\N	2026-06-06 13:33:21.415491+00	f	f
36	537360	Tunisia	Japan	https://crests.football-data.org/tunisia.svg	https://crests.football-data.org/766.svg	2026-06-21 04:00:00+00	upcoming	0	0	\N	2026-06-06 13:33:21.579765+00	f	f
12	537358	Sweden	Tunisia	https://crests.football-data.org/792.svg	https://crests.football-data.org/tunisia.svg	2026-06-15 02:00:00+00	upcoming	0	0	\N	2026-06-06 13:33:20.644819+00	f	f
35	537354	Ecuador	Curaçao	https://crests.football-data.org/791.svg	https://crests.football-data.org/curacao.svg	2026-06-21 00:00:00+00	upcoming	0	0	\N	2026-06-06 13:33:21.547991+00	f	f
37	537371	Spain	Saudi Arabia	https://crests.football-data.org/760.svg	https://crests.football-data.org/saudi_arabia.svg	2026-06-21 16:00:00+00	upcoming	0	0	\N	2026-06-06 13:33:21.612822+00	f	f
44	537400	Jordan	Algeria	https://crests.football-data.org/8049.png	https://crests.football-data.org/algeria.svg	2026-06-23 03:00:00+00	upcoming	0	0	\N	2026-06-06 13:33:21.851786+00	f	f
28	537330	Mexico	Korea Republic	https://crests.football-data.org/769.svg	https://crests.football-data.org/772.png	2026-06-19 01:00:00+00	upcoming	0	0	\N	2026-06-06 13:33:21.183844+00	f	f
23	537410	Ghana	Panama	https://crests.football-data.org/ghana.svg	https://crests.football-data.org/panama.svg	2026-06-17 23:00:00+00	upcoming	0	0	\N	2026-06-06 13:33:21.020739+00	f	f
24	537404	Uzbekistan	Colombia	https://crests.football-data.org/8070.png	https://crests.football-data.org/818.svg	2026-06-18 02:00:00+00	upcoming	0	0	\N	2026-06-06 13:33:21.053539+00	f	f
45	537405	Portugal	Uzbekistan	https://crests.football-data.org/765.svg	https://crests.football-data.org/8070.png	2026-06-23 17:00:00+00	upcoming	0	0	\N	2026-06-06 13:33:21.884339+00	f	f
34	537353	Germany	Ivory Coast	https://crests.football-data.org/759.svg	https://crests.football-data.org/787.svg	2026-06-20 20:00:00+00	upcoming	0	0	\N	2026-06-06 13:33:21.51453+00	f	f
27	537336	Canada	Qatar	https://crests.football-data.org/canada.svg	https://crests.football-data.org/8030.svg	2026-06-18 22:00:00+00	upcoming	0	0	\N	2026-06-06 13:33:21.151346+00	f	f
43	537394	Norway	Senegal	https://crests.football-data.org/813.svg	https://crests.football-data.org/senegal.svg	2026-06-23 00:00:00+00	upcoming	0	0	\N	2026-06-06 13:33:21.819121+00	f	f
16	537364	Iran	New Zealand	https://crests.football-data.org/iran.svg	https://crests.football-data.org/783.svg	2026-06-16 01:00:00+00	upcoming	0	0	\N	2026-06-06 13:33:20.790847+00	f	f
38	537365	Belgium	Iran	https://crests.football-data.org/805.svg	https://crests.football-data.org/iran.svg	2026-06-21 19:00:00+00	upcoming	0	0	\N	2026-06-06 13:33:21.644808+00	f	f
20	537398	Austria	Jordan	https://crests.football-data.org/816.svg	https://crests.football-data.org/8049.png	2026-06-17 04:00:00+00	upcoming	0	0	\N	2026-06-06 13:33:20.922104+00	f	f
29	537348	USA	Australia	https://crests.football-data.org/usa.svg	https://crests.football-data.org/779.svg	2026-06-19 19:00:00+00	upcoming	0	0	\N	2026-06-06 13:33:21.216237+00	f	f
26	537335	Switzerland	Bosnia-H.	https://crests.football-data.org/788.svg	https://crests.football-data.org/bosnia.svg	2026-06-18 19:00:00+00	upcoming	0	0	\N	2026-06-06 13:33:21.11803+00	f	f
59	537349	Turkey	USA	https://crests.football-data.org/803.svg	https://crests.football-data.org/usa.svg	2026-06-26 02:00:00+00	upcoming	0	0	\N	2026-06-06 13:33:22.347688+00	f	f
55	537355	Ecuador	Germany	https://crests.football-data.org/791.svg	https://crests.football-data.org/759.svg	2026-06-25 20:00:00+00	upcoming	0	0	\N	2026-06-06 13:33:22.216911+00	f	f
65	537367	New Zealand	Belgium	https://crests.football-data.org/783.svg	https://crests.football-data.org/805.svg	2026-06-27 03:00:00+00	upcoming	0	0	\N	2026-06-06 13:33:22.553542+00	f	f
13	537369	Spain	Cape Verde	https://crests.football-data.org/760.svg	https://crests.football-data.org/cape_verde.svg	2026-06-15 16:00:00+00	upcoming	0	0	\N	2026-06-06 13:33:20.685017+00	f	f
1	537327	Mexico	South Africa	https://crests.football-data.org/769.svg	https://crests.football-data.org/9396.svg	2026-06-11 19:00:00+00	finished	2	0	https://www.youtube.com/watch?v=YCNysrewn7k	2026-06-06 13:33:20.268879+00	f	f
39	537372	Uruguay	Cape Verde	https://crests.football-data.org/758.svg	https://crests.football-data.org/cape_verde.svg	2026-06-21 22:00:00+00	upcoming	0	0	\N	2026-06-06 13:33:21.687331+00	f	f
46	537411	England	Ghana	https://crests.football-data.org/770.svg	https://crests.football-data.org/ghana.svg	2026-06-23 20:00:00+00	upcoming	0	0	\N	2026-06-06 13:33:21.918795+00	f	f
57	537361	Tunisia	Netherlands	https://crests.football-data.org/tunisia.svg	https://crests.football-data.org/8601.svg	2026-06-25 23:00:00+00	upcoming	0	0	\N	2026-06-06 13:33:22.282353+00	f	f
51	537344	Morocco	Haiti	https://crests.football-data.org/morocco.svg	https://crests.football-data.org/haiti.svg	2026-06-24 22:00:00+00	upcoming	0	0	\N	2026-06-06 13:33:22.084233+00	f	f
63	537373	Uruguay	Spain	https://crests.football-data.org/758.svg	https://crests.football-data.org/760.svg	2026-06-27 00:00:00+00	upcoming	0	0	\N	2026-06-06 13:33:22.487576+00	f	f
49	537337	Switzerland	Canada	https://crests.football-data.org/788.svg	https://crests.football-data.org/canada.svg	2026-06-24 19:00:00+00	upcoming	0	0	\N	2026-06-06 13:33:22.019571+00	f	f
58	537362	Japan	Sweden	https://crests.football-data.org/766.svg	https://crests.football-data.org/792.svg	2026-06-25 23:00:00+00	upcoming	0	0	\N	2026-06-06 13:33:22.315613+00	f	f
67	537413	Panama	England	https://crests.football-data.org/panama.svg	https://crests.football-data.org/770.svg	2026-06-27 21:00:00+00	upcoming	0	0	\N	2026-06-06 13:33:22.618355+00	f	f
14	537363	Belgium	Egypt	https://crests.football-data.org/805.svg	https://crests.football-data.org/825.svg	2026-06-15 19:00:00+00	upcoming	0	0	\N	2026-06-06 13:33:20.723886+00	f	f
47	537412	Panama	Croatia	https://crests.football-data.org/panama.svg	https://crests.football-data.org/799.svg	2026-06-23 23:00:00+00	upcoming	0	0	\N	2026-06-06 13:33:21.955464+00	f	f
48	537406	Colombia	Congo DR	https://crests.football-data.org/818.svg	https://crests.football-data.org/congo_dr.svg	2026-06-24 02:00:00+00	upcoming	0	0	\N	2026-06-06 13:33:21.987506+00	f	f
69	537407	Colombia	Portugal	https://crests.football-data.org/818.svg	https://crests.football-data.org/765.svg	2026-06-27 23:30:00+00	upcoming	0	0	\N	2026-06-06 13:33:22.73797+00	f	f
50	537338	Bosnia-H.	Qatar	https://crests.football-data.org/bosnia.svg	https://crests.football-data.org/8030.svg	2026-06-24 19:00:00+00	upcoming	0	0	\N	2026-06-06 13:33:22.051842+00	f	f
64	537374	Cape Verde	Saudi Arabia	https://crests.football-data.org/cape_verde.svg	https://crests.football-data.org/saudi_arabia.svg	2026-06-27 00:00:00+00	upcoming	0	0	\N	2026-06-06 13:33:22.5213+00	f	f
68	537414	Croatia	Ghana	https://crests.football-data.org/799.svg	https://crests.football-data.org/ghana.svg	2026-06-27 21:00:00+00	upcoming	0	0	\N	2026-06-06 13:33:22.6502+00	f	f
61	537395	Norway	France	https://crests.football-data.org/813.svg	https://crests.football-data.org/773.svg	2026-06-26 19:00:00+00	upcoming	0	0	\N	2026-06-06 13:33:22.416586+00	f	f
70	537408	Congo DR	Uzbekistan	https://crests.football-data.org/congo_dr.svg	https://crests.football-data.org/8070.png	2026-06-27 23:30:00+00	upcoming	0	0	\N	2026-06-06 13:33:22.775638+00	f	f
60	537350	Paraguay	Australia	https://crests.football-data.org/761.svg	https://crests.football-data.org/779.svg	2026-06-26 02:00:00+00	upcoming	0	0	\N	2026-06-06 13:33:22.383326+00	f	f
15	537370	Saudi Arabia	Uruguay	https://crests.football-data.org/saudi_arabia.svg	https://crests.football-data.org/758.svg	2026-06-15 22:00:00+00	upcoming	0	0	\N	2026-06-06 13:33:20.75746+00	f	f
53	537331	Czechia	Mexico	https://crests.football-data.org/798.svg	https://crests.football-data.org/769.svg	2026-06-25 01:00:00+00	upcoming	0	0	\N	2026-06-06 13:33:22.149168+00	f	f
71	537401	Jordan	Argentina	https://crests.football-data.org/8049.png	https://crests.football-data.org/762.png	2026-06-28 02:00:00+00	upcoming	0	0	\N	2026-06-06 13:33:22.808854+00	f	f
7	537340	Haiti	Scotland	https://crests.football-data.org/haiti.svg	https://crests.football-data.org/814.svg	2026-06-14 01:00:00+00	finished	0	1	\N	2026-06-06 13:33:20.477383+00	f	f
62	537396	Senegal	Iraq	https://crests.football-data.org/senegal.svg	https://crests.football-data.org/iraq.svg	2026-06-26 19:00:00+00	upcoming	0	0	\N	2026-06-06 13:33:22.449198+00	f	f
52	537343	Scotland	Brazil	https://crests.football-data.org/814.svg	https://crests.football-data.org/764.svg	2026-06-24 22:00:00+00	upcoming	0	0	\N	2026-06-06 13:33:22.11623+00	f	f
66	537368	Egypt	Iran	https://crests.football-data.org/825.svg	https://crests.football-data.org/iran.svg	2026-06-27 03:00:00+00	upcoming	0	0	\N	2026-06-06 13:33:22.586557+00	f	f
72	537402	Algeria	Austria	https://crests.football-data.org/algeria.svg	https://crests.football-data.org/816.svg	2026-06-28 02:00:00+00	upcoming	0	0	\N	2026-06-06 13:33:22.843839+00	f	f
33	537359	Netherlands	Sweden	https://crests.football-data.org/8601.svg	https://crests.football-data.org/792.svg	2026-06-20 17:00:00+00	upcoming	0	0	\N	2026-06-06 13:33:21.483018+00	f	f
87	\N	CHAT	TESTE			2026-06-14 13:00:00+00	live	\N	\N	\N	2026-06-14 11:31:38.591486+00	f	f
54	537332	South Africa	Korea Republic	https://crests.football-data.org/9396.svg	https://crests.football-data.org/772.png	2026-06-25 01:00:00+00	upcoming	0	0	\N	2026-06-06 13:33:22.182369+00	f	f
56	537356	Curaçao	Ivory Coast	https://crests.football-data.org/curacao.svg	https://crests.football-data.org/787.svg	2026-06-25 20:00:00+00	upcoming	0	0	\N	2026-06-06 13:33:22.249563+00	f	f
9	537351	Germany	Curaçao	https://crests.football-data.org/759.svg	https://crests.football-data.org/curacao.svg	2026-06-14 17:00:00+00	upcoming	0	0	\N	2026-06-06 13:33:20.542545+00	f	f
\.


--
-- Data for Name: notices; Type: TABLE DATA; Schema: public; Owner: neondb_owner
--

COPY public.notices (id, title, message, is_active, created_at, updated_at) FROM stdin;
\.


--
-- Data for Name: playing_with_neon; Type: TABLE DATA; Schema: public; Owner: neondb_owner
--

COPY public.playing_with_neon (id, name, value) FROM stdin;
1	c4ca4238a0	0.9674491
2	c81e728d9d	0.039836127
3	eccbc87e4b	0.5721036
4	a87ff679a2	0.05617637
5	e4da3b7fbb	0.61824167
6	1679091c5a	0.8597377
7	8f14e45fce	0.39752835
8	c9f0f895fb	0.8202375
9	45c48cce2e	0.23406161
10	d3d9446802	0.9201976
11	c4ca4238a0	0.752995
12	c81e728d9d	0.97084624
13	eccbc87e4b	0.27823967
14	a87ff679a2	0.72829205
15	e4da3b7fbb	0.5811227
16	1679091c5a	0.06687021
17	8f14e45fce	0.07590556
18	c9f0f895fb	0.5150322
19	45c48cce2e	0.8292706
20	d3d9446802	0.6475226
21	c4ca4238a0	0.9701175
22	c81e728d9d	0.08637677
23	eccbc87e4b	0.750884
24	a87ff679a2	0.6661688
25	e4da3b7fbb	0.7298332
26	1679091c5a	0.6211083
27	8f14e45fce	0.05233721
28	c9f0f895fb	0.116840005
29	45c48cce2e	0.3071993
30	d3d9446802	0.31212887
31	c4ca4238a0	0.58246666
32	c81e728d9d	0.43445012
33	eccbc87e4b	0.8920156
34	a87ff679a2	0.63322246
35	e4da3b7fbb	0.7348863
36	1679091c5a	0.6862935
37	8f14e45fce	0.6499646
38	c9f0f895fb	0.1727761
39	45c48cce2e	0.07646935
40	d3d9446802	0.68070215
41	c4ca4238a0	0.59424645
42	c81e728d9d	0.7504159
43	eccbc87e4b	0.50447744
44	a87ff679a2	0.91178864
45	e4da3b7fbb	0.41559923
46	1679091c5a	0.32979804
47	8f14e45fce	0.3533079
48	c9f0f895fb	0.12244779
49	45c48cce2e	0.09953517
50	d3d9446802	0.076007485
51	c4ca4238a0	0.8234743
52	c81e728d9d	0.52463174
53	eccbc87e4b	0.5845527
54	a87ff679a2	0.3903221
55	e4da3b7fbb	0.583431
56	1679091c5a	0.62490815
57	8f14e45fce	0.028847324
58	c9f0f895fb	0.750222
59	45c48cce2e	0.33869597
60	d3d9446802	0.9785419
61	c4ca4238a0	0.28113574
62	c81e728d9d	0.80008984
63	eccbc87e4b	0.6339721
64	a87ff679a2	0.91568303
65	e4da3b7fbb	0.7395752
66	1679091c5a	0.98447406
67	8f14e45fce	0.3569635
68	c9f0f895fb	0.97671056
69	45c48cce2e	0.47419897
70	d3d9446802	0.54492074
\.


--
-- Data for Name: predictions; Type: TABLE DATA; Schema: public; Owner: neondb_owner
--

COPY public.predictions (id, user_id, match_id, home_goals, away_goals, created_at, updated_at) FROM stdin;
1	2	1	2	0	2026-06-06 13:38:56.09727+00	2026-06-06 13:38:56.09727+00
9	7	1	3	1	2026-06-08 12:10:43.132633+00	2026-06-08 12:10:43.132633+00
11	7	3	1	1	2026-06-08 12:23:17.051666+00	2026-06-08 12:23:17.051666+00
12	7	4	1	2	2026-06-08 12:23:36.564788+00	2026-06-08 12:23:36.564788+00
13	7	5	0	3	2026-06-08 12:23:52.692986+00	2026-06-08 12:23:52.692986+00
14	7	6	3	2	2026-06-08 12:24:05.767165+00	2026-06-08 12:24:05.767165+00
15	7	7	1	4	2026-06-08 12:24:22.261558+00	2026-06-08 12:24:22.261558+00
16	7	8	2	2	2026-06-08 12:24:54.020565+00	2026-06-08 12:24:54.020565+00
17	7	9	5	0	2026-06-08 12:25:08.723007+00	2026-06-08 12:25:08.723007+00
18	7	10	2	1	2026-06-08 12:25:31.683383+00	2026-06-08 12:25:31.683383+00
19	7	11	0	1	2026-06-08 12:25:43.503134+00	2026-06-08 12:25:43.503134+00
20	7	12	1	0	2026-06-08 12:26:08.345769+00	2026-06-08 12:26:08.345769+00
21	7	13	6	0	2026-06-08 12:26:49.088633+00	2026-06-08 12:26:49.088633+00
22	7	14	2	1	2026-06-08 12:26:59.679642+00	2026-06-08 12:26:59.679642+00
23	7	15	1	3	2026-06-08 12:27:12.652775+00	2026-06-08 12:27:12.652775+00
24	7	16	1	1	2026-06-08 12:27:24.150082+00	2026-06-08 12:27:24.150082+00
25	7	17	4	0	2026-06-08 12:27:43.071146+00	2026-06-08 12:27:43.071146+00
26	7	18	0	2	2026-06-08 12:28:09.785615+00	2026-06-08 12:28:09.785615+00
27	7	19	3	1	2026-06-08 12:28:31.580783+00	2026-06-08 12:28:31.580783+00
28	7	20	1	1	2026-06-08 12:28:47.429249+00	2026-06-08 12:28:47.429249+00
29	7	21	6	0	2026-06-08 12:29:11.094793+00	2026-06-08 12:29:11.094793+00
30	7	22	1	2	2026-06-08 12:29:23.638136+00	2026-06-08 12:29:23.638136+00
31	7	23	1	1	2026-06-08 12:29:41.894561+00	2026-06-08 12:29:41.894561+00
32	7	24	0	3	2026-06-08 12:30:03.946687+00	2026-06-08 12:30:03.946687+00
38	9	2	1	1	2026-06-08 17:29:35.549301+00	2026-06-08 17:29:35.549301+00
40	9	4	2	1	2026-06-08 17:30:46.066598+00	2026-06-08 17:30:46.066598+00
41	9	5	0	2	2026-06-08 17:32:04.352324+00	2026-06-08 17:32:04.352324+00
44	12	1	2	0	2026-06-09 12:18:01.888135+00	2026-06-09 12:18:01.888135+00
46	12	2	1	1	2026-06-09 12:20:55.02118+00	2026-06-09 12:20:55.02118+00
47	12	3	2	1	2026-06-09 12:21:06.871252+00	2026-06-09 12:21:06.871252+00
48	12	4	2	1	2026-06-09 12:21:17.420576+00	2026-06-09 12:21:17.420576+00
49	12	5	1	2	2026-06-09 12:21:28.002891+00	2026-06-09 12:21:28.002891+00
50	12	6	3	1	2026-06-09 12:21:37.060439+00	2026-06-09 12:21:37.060439+00
52	12	8	1	1	2026-06-09 12:22:00.58817+00	2026-06-09 12:22:00.58817+00
53	12	9	4	0	2026-06-09 12:22:10.924846+00	2026-06-09 12:22:10.924846+00
54	12	11	1	1	2026-06-09 12:22:32.750369+00	2026-06-09 12:22:32.750369+00
55	12	10	2	1	2026-06-09 12:22:44.196712+00	2026-06-09 12:22:44.196712+00
56	12	12	2	0	2026-06-09 12:22:54.688728+00	2026-06-09 12:22:54.688728+00
57	12	13	4	0	2026-06-09 12:23:04.713187+00	2026-06-09 12:23:04.713187+00
58	12	14	2	0	2026-06-09 12:23:15.850704+00	2026-06-09 12:23:15.850704+00
59	5	1	2	0	2026-06-09 12:29:11.950842+00	2026-06-09 12:29:11.950842+00
60	12	15	0	2	2026-06-09 12:38:09.601183+00	2026-06-09 12:38:09.601183+00
61	12	16	0	0	2026-06-09 12:38:27.539593+00	2026-06-09 12:38:27.539593+00
62	12	17	3	0	2026-06-09 12:38:46.366956+00	2026-06-09 12:38:46.366956+00
63	12	18	1	3	2026-06-09 12:39:01.627662+00	2026-06-09 12:39:01.627662+00
64	12	19	2	2	2026-06-09 12:39:13.851323+00	2026-06-09 12:39:13.851323+00
65	12	20	1	2	2026-06-09 12:39:24.100075+00	2026-06-09 12:39:24.100075+00
66	12	22	2	2	2026-06-09 12:39:36.246344+00	2026-06-09 12:39:36.246344+00
67	12	23	0	0	2026-06-09 12:39:47.447359+00	2026-06-09 12:39:47.447359+00
68	12	24	0	3	2026-06-09 12:40:01.53954+00	2026-06-09 12:40:01.53954+00
69	12	21	4	0	2026-06-09 12:42:06.064496+00	2026-06-09 12:42:06.064496+00
70	12	25	1	0	2026-06-09 12:43:45.995059+00	2026-06-09 12:43:45.995059+00
73	10	1	3	1	2026-06-09 13:20:49.458057+00	2026-06-09 13:20:49.458057+00
75	4	1	2	1	2026-06-09 14:25:59.030695+00	2026-06-09 14:25:59.030695+00
78	14	1	3	1	2026-06-09 16:19:46.257136+00	2026-06-09 16:19:46.257136+00
79	14	2	1	2	2026-06-09 16:20:31.122667+00	2026-06-09 16:20:31.122667+00
80	14	3	1	1	2026-06-09 16:21:02.657382+00	2026-06-09 16:21:02.657382+00
81	14	4	2	1	2026-06-09 16:21:17.311599+00	2026-06-09 16:21:17.311599+00
82	14	5	0	2	2026-06-09 16:22:41.572017+00	2026-06-09 16:22:41.572017+00
83	14	6	3	1	2026-06-09 16:23:00.460968+00	2026-06-09 16:23:00.460968+00
84	14	7	0	2	2026-06-09 16:23:19.730466+00	2026-06-09 16:23:19.730466+00
85	14	8	0	1	2026-06-09 16:23:43.902591+00	2026-06-09 16:23:43.902591+00
86	14	9	5	0	2026-06-09 16:24:08.343303+00	2026-06-09 16:24:08.343303+00
87	14	10	1	1	2026-06-09 16:26:02.871079+00	2026-06-09 16:26:02.871079+00
88	14	11	2	1	2026-06-09 16:26:28.425316+00	2026-06-09 16:26:28.425316+00
89	14	12	0	0	2026-06-09 16:26:51.013197+00	2026-06-09 16:26:51.013197+00
91	14	13	4	0	2026-06-09 16:43:12.169482+00	2026-06-09 16:43:12.169482+00
94	14	14	3	1	2026-06-09 16:43:45.135964+00	2026-06-09 16:43:45.135964+00
96	14	15	0	1	2026-06-09 16:44:05.878201+00	2026-06-09 16:44:05.878201+00
98	14	16	1	0	2026-06-09 16:44:35.416685+00	2026-06-09 16:44:35.416685+00
99	14	17	3	0	2026-06-09 16:45:12.602849+00	2026-06-09 16:45:12.602849+00
100	14	18	1	2	2026-06-09 16:45:45.279177+00	2026-06-09 16:45:45.279177+00
101	14	19	4	1	2026-06-09 16:46:09.462082+00	2026-06-09 16:46:09.462082+00
102	14	20	2	0	2026-06-09 16:46:35.951329+00	2026-06-09 16:46:35.951329+00
103	7	2	1	2	2026-06-09 16:46:44.433462+00	2026-06-09 16:46:44.433462+00
104	14	21	3	0	2026-06-09 16:47:07.329829+00	2026-06-09 16:47:07.329829+00
105	14	22	1	1	2026-06-09 16:49:44.709535+00	2026-06-09 16:49:44.709535+00
106	14	23	2	0	2026-06-09 16:50:12.521138+00	2026-06-09 16:50:12.521138+00
107	14	24	0	2	2026-06-09 16:50:33.1705+00	2026-06-09 16:50:33.1705+00
108	10	2	1	2	2026-06-09 18:24:29.889695+00	2026-06-09 18:24:29.889695+00
109	10	3	2	0	2026-06-09 18:25:10.262914+00	2026-06-09 18:25:10.262914+00
113	10	5	1	2	2026-06-09 20:22:59.398687+00	2026-06-09 20:22:59.398687+00
114	10	6	3	1	2026-06-09 20:23:57.62579+00	2026-06-09 20:23:57.62579+00
115	23	1	1	0	2026-06-09 20:45:06.103668+00	2026-06-09 20:45:06.103668+00
116	21	1	2	0	2026-06-10 10:51:05.195434+00	2026-06-10 10:51:05.195434+00
117	21	2	2	2	2026-06-10 10:51:25.444927+00	2026-06-10 10:51:25.444927+00
118	21	3	2	1	2026-06-10 10:52:35.102827+00	2026-06-10 10:52:35.102827+00
119	21	4	3	2	2026-06-10 10:53:07.137363+00	2026-06-10 10:53:07.137363+00
120	21	5	2	1	2026-06-10 10:53:36.048702+00	2026-06-10 10:53:36.048702+00
121	21	6	3	1	2026-06-10 10:53:58.494983+00	2026-06-10 10:53:58.494983+00
122	21	7	1	3	2026-06-10 10:54:58.282983+00	2026-06-10 10:54:58.282983+00
123	21	8	2	1	2026-06-10 10:55:44.993259+00	2026-06-10 10:55:44.993259+00
124	21	9	3	1	2026-06-10 10:56:08.822598+00	2026-06-10 10:56:08.822598+00
125	21	10	4	1	2026-06-10 10:57:27.038134+00	2026-06-10 10:57:27.038134+00
126	21	11	1	2	2026-06-10 10:58:02.658921+00	2026-06-10 10:58:02.658921+00
130	21	12	3	2	2026-06-10 11:00:45.380894+00	2026-06-10 11:00:45.380894+00
132	9	6	2	1	2026-06-10 11:54:11.156793+00	2026-06-10 11:54:11.156793+00
133	9	8	0	1	2026-06-10 11:58:20.665302+00	2026-06-10 11:58:20.665302+00
134	9	9	3	0	2026-06-10 11:58:59.587235+00	2026-06-10 11:58:59.587235+00
135	9	10	2	1	2026-06-10 11:59:48.51505+00	2026-06-10 11:59:48.51505+00
137	19	1	2	0	2026-06-10 17:11:16.74879+00	2026-06-10 17:11:16.74879+00
138	19	2	1	1	2026-06-10 17:11:32.330709+00	2026-06-10 17:11:32.330709+00
140	20	1	1	1	2026-06-10 23:39:47.190697+00	2026-06-10 23:39:47.190697+00
142	8	1	2	1	2026-06-11 00:30:15.79625+00	2026-06-11 00:30:15.79625+00
143	8	2	1	0	2026-06-11 00:31:19.18505+00	2026-06-11 00:31:19.18505+00
144	8	3	0	2	2026-06-11 00:32:00.595445+00	2026-06-11 00:32:00.595445+00
145	8	4	1	1	2026-06-11 00:32:27.193146+00	2026-06-11 00:32:27.193146+00
146	8	5	0	2	2026-06-11 00:32:57.448685+00	2026-06-11 00:32:57.448685+00
147	8	6	3	1	2026-06-11 00:33:38.433008+00	2026-06-11 00:33:38.433008+00
148	8	7	0	2	2026-06-11 00:34:11.157823+00	2026-06-11 00:34:11.157823+00
149	23	2	2	1	2026-06-11 10:02:03.549052+00	2026-06-11 10:02:03.549052+00
150	11	1	3	0	2026-06-11 11:01:44.891321+00	2026-06-11 11:01:44.891321+00
151	10	7	0	4	2026-06-11 11:09:14.913735+00	2026-06-11 11:09:14.913735+00
152	10	8	2	1	2026-06-11 11:09:45.40568+00	2026-06-11 11:09:45.40568+00
153	10	9	5	1	2026-06-11 11:10:12.605+00	2026-06-11 11:10:12.605+00
154	10	10	2	3	2026-06-11 11:10:43.470702+00	2026-06-11 11:10:43.470702+00
155	10	11	2	2	2026-06-11 11:11:13.052027+00	2026-06-11 11:11:13.052027+00
156	10	12	3	1	2026-06-11 11:11:50.992458+00	2026-06-11 11:11:50.992458+00
159	9	1	3	1	2026-06-11 12:05:26.556632+00	2026-06-11 12:05:26.556632+00
160	22	1	3	1	2026-06-11 12:16:53.012129+00	2026-06-11 12:16:53.012129+00
162	25	1	2	2	2026-06-11 12:32:20.883651+00	2026-06-11 12:32:20.883651+00
164	6	1	3	1	2026-06-11 16:23:14.716958+00	2026-06-11 16:23:14.716958+00
165	6	2	2	2	2026-06-11 16:23:35.144915+00	2026-06-11 16:23:35.144915+00
166	24	1	2	0	2026-06-11 17:04:19.485642+00	2026-06-11 17:04:19.485642+00
168	19	3	2	1	2026-06-11 17:18:59.560599+00	2026-06-11 17:18:59.560599+00
169	19	6	1	0	2026-06-11 17:19:15.721149+00	2026-06-11 17:19:15.721149+00
170	19	4	2	0	2026-06-11 17:19:33.720764+00	2026-06-11 17:19:33.720764+00
171	19	9	4	0	2026-06-11 17:19:49.029976+00	2026-06-11 17:19:49.029976+00
172	19	10	1	1	2026-06-11 17:20:12.169681+00	2026-06-11 17:20:12.169681+00
173	19	14	2	1	2026-06-11 17:20:29.144686+00	2026-06-11 17:20:29.144686+00
174	19	13	3	0	2026-06-11 17:21:50.493777+00	2026-06-11 17:21:50.493777+00
175	19	17	2	0	2026-06-11 17:22:20.66712+00	2026-06-11 17:22:20.66712+00
176	19	19	3	1	2026-06-11 17:22:45.082521+00	2026-06-11 17:22:45.082521+00
177	19	21	3	0	2026-06-11 17:23:07.431643+00	2026-06-11 17:23:07.431643+00
178	19	22	2	1	2026-06-11 17:23:28.439765+00	2026-06-11 17:23:28.439765+00
180	19	5	0	2	2026-06-11 17:25:11.72653+00	2026-06-11 17:25:11.72653+00
181	19	7	0	2	2026-06-11 17:25:38.443469+00	2026-06-11 17:25:38.443469+00
182	5	2	0	0	2026-06-11 17:29:29.260003+00	2026-06-11 17:29:29.260003+00
183	26	1	1	0	2026-06-11 17:31:00.348294+00	2026-06-11 17:31:00.348294+00
186	13	1	3	1	2026-06-11 17:36:37.180305+00	2026-06-11 17:36:37.180305+00
187	27	1	2	1	2026-06-11 17:47:56.956523+00	2026-06-11 17:47:56.956523+00
188	27	2	0	1	2026-06-11 17:48:24.60652+00	2026-06-11 17:48:24.60652+00
190	28	1	2	1	2026-06-11 17:53:12.711963+00	2026-06-11 17:53:12.711963+00
191	28	2	2	0	2026-06-11 17:53:28.528038+00	2026-06-11 17:53:28.528038+00
192	29	1	1	2	2026-06-11 17:56:35.45893+00	2026-06-11 17:56:35.45893+00
194	30	1	2	3	2026-06-11 17:58:31.345995+00	2026-06-11 17:58:31.345995+00
196	30	2	1	1	2026-06-11 18:53:24.874406+00	2026-06-11 18:53:24.874406+00
197	30	3	2	1	2026-06-11 18:53:57.199731+00	2026-06-11 18:53:57.199731+00
198	30	4	2	1	2026-06-11 18:54:08.932183+00	2026-06-11 18:54:08.932183+00
199	30	5	1	2	2026-06-11 18:54:23.718544+00	2026-06-11 18:54:23.718544+00
200	30	6	2	1	2026-06-11 18:54:31.819671+00	2026-06-11 18:54:31.819671+00
201	30	7	0	2	2026-06-11 18:54:43.02113+00	2026-06-11 18:54:43.02113+00
202	30	8	1	1	2026-06-11 18:54:53.944076+00	2026-06-11 18:54:53.944076+00
203	30	9	3	0	2026-06-11 18:55:09.484116+00	2026-06-11 18:55:09.484116+00
204	30	10	1	2	2026-06-11 18:55:20.634781+00	2026-06-11 18:55:20.634781+00
205	30	11	1	1	2026-06-11 18:55:33.348826+00	2026-06-11 18:55:33.348826+00
206	30	12	2	0	2026-06-11 18:55:44.570882+00	2026-06-11 18:55:44.570882+00
207	30	13	3	0	2026-06-11 18:55:58.602802+00	2026-06-11 18:55:58.602802+00
208	30	14	2	0	2026-06-11 18:56:19.947531+00	2026-06-11 18:56:19.947531+00
209	30	15	0	2	2026-06-11 18:56:34.589941+00	2026-06-11 18:56:34.589941+00
210	30	16	1	1	2026-06-11 18:56:52.537143+00	2026-06-11 18:56:52.537143+00
211	30	17	2	1	2026-06-11 18:57:06.618341+00	2026-06-11 18:57:06.618341+00
212	30	18	0	2	2026-06-11 18:57:16.942861+00	2026-06-11 18:57:16.942861+00
213	30	19	3	0	2026-06-11 18:57:29.034421+00	2026-06-11 18:57:29.034421+00
214	30	20	2	0	2026-06-11 18:57:45.696132+00	2026-06-11 18:57:45.696132+00
215	30	21	2	0	2026-06-11 18:57:56.23264+00	2026-06-11 18:57:56.23264+00
216	30	46	1	1	2026-06-11 18:58:20.666051+00	2026-06-11 18:58:20.666051+00
221	31	2	2	0	2026-06-11 21:04:06.760552+00	2026-06-11 21:04:06.760552+00
222	31	3	3	1	2026-06-11 21:04:35.080195+00	2026-06-11 21:04:35.080195+00
223	31	4	2	1	2026-06-11 21:04:53.32344+00	2026-06-11 21:04:53.32344+00
224	31	5	1	3	2026-06-11 21:05:07.847512+00	2026-06-11 21:05:07.847512+00
225	24	2	1	1	2026-06-11 21:31:56.623494+00	2026-06-11 21:31:56.623494+00
227	29	2	2	1	2026-06-11 22:06:48.841591+00	2026-06-11 22:06:48.841591+00
228	22	2	1	2	2026-06-11 22:21:42.218003+00	2026-06-11 22:21:42.218003+00
229	22	3	1	1	2026-06-11 22:22:05.345222+00	2026-06-11 22:22:05.345222+00
230	22	4	2	1	2026-06-11 22:22:36.218278+00	2026-06-11 22:22:36.218278+00
231	11	2	2	1	2026-06-11 22:39:26.959299+00	2026-06-11 22:39:26.959299+00
232	23	3	1	1	2026-06-11 23:59:49.871236+00	2026-06-11 23:59:49.871236+00
234	13	2	0	2	2026-06-12 00:08:04.70936+00	2026-06-12 00:08:04.70936+00
235	20	2	0	1	2026-06-12 00:36:21.840194+00	2026-06-12 00:36:21.840194+00
236	25	2	3	2	2026-06-12 00:43:59.289212+00	2026-06-12 00:43:59.289212+00
240	4	2	1	0	2026-06-12 01:39:09.200989+00	2026-06-12 01:39:09.200989+00
242	26	2	2	1	2026-06-12 01:46:12.263418+00	2026-06-12 01:46:12.263418+00
243	6	3	2	1	2026-06-12 11:17:55.912641+00	2026-06-12 11:17:55.912641+00
246	9	12	2	1	2026-06-12 11:57:40.330858+00	2026-06-12 11:57:40.330858+00
247	9	13	3	0	2026-06-12 11:58:01.362889+00	2026-06-12 11:58:01.362889+00
248	9	14	1	0	2026-06-12 11:58:42.335229+00	2026-06-12 11:58:42.335229+00
249	9	15	1	2	2026-06-12 11:59:03.452188+00	2026-06-12 11:59:03.452188+00
250	9	16	0	0	2026-06-12 11:59:38.181155+00	2026-06-12 11:59:38.181155+00
251	9	17	3	1	2026-06-12 12:00:10.762333+00	2026-06-12 12:00:10.762333+00
252	5	3	1	0	2026-06-12 12:31:05.46479+00	2026-06-12 12:31:05.46479+00
253	5	4	2	1	2026-06-12 12:32:05.807538+00	2026-06-12 12:32:05.807538+00
254	5	5	0	3	2026-06-12 12:32:49.230662+00	2026-06-12 12:32:49.230662+00
255	16	3	2	0	2026-06-12 12:36:12.085941+00	2026-06-12 12:36:12.085941+00
256	16	4	0	1	2026-06-12 12:36:31.974259+00	2026-06-12 12:36:31.974259+00
257	28	3	2	1	2026-06-12 12:36:54.739773+00	2026-06-12 12:36:54.739773+00
258	28	4	3	1	2026-06-12 12:37:07.681476+00	2026-06-12 12:37:07.681476+00
259	11	3	0	2	2026-06-12 13:22:32.875683+00	2026-06-12 13:22:32.875683+00
261	26	3	1	1	2026-06-12 14:13:49.940417+00	2026-06-12 14:13:49.940417+00
262	24	3	1	2	2026-06-12 14:15:08.899433+00	2026-06-12 14:15:08.899433+00
264	13	3	2	1	2026-06-12 15:05:09.028799+00	2026-06-12 15:05:09.028799+00
265	4	3	1	0	2026-06-12 16:07:25.60807+00	2026-06-12 16:07:25.60807+00
266	25	3	1	2	2026-06-12 16:16:49.873215+00	2026-06-12 16:16:49.873215+00
268	29	3	1	1	2026-06-12 16:20:54.500683+00	2026-06-12 16:20:54.500683+00
269	13	4	1	0	2026-06-12 16:24:24.321549+00	2026-06-12 16:24:24.321549+00
270	9	3	2	1	2026-06-12 17:26:56.019561+00	2026-06-12 17:26:56.019561+00
274	27	4	0	1	2026-06-12 18:08:24.70525+00	2026-06-12 18:08:24.70525+00
277	10	4	2	2	2026-06-12 20:04:32.598524+00	2026-06-12 20:04:32.598524+00
278	22	5	0	2	2026-06-12 20:57:21.238963+00	2026-06-12 20:57:21.238963+00
279	22	6	3	1	2026-06-12 20:57:43.711694+00	2026-06-12 20:57:43.711694+00
280	22	7	0	3	2026-06-12 20:58:14.122093+00	2026-06-12 20:58:14.122093+00
281	22	8	1	2	2026-06-12 20:58:39.218642+00	2026-06-12 20:58:39.218642+00
284	16	5	0	1	2026-06-12 21:42:59.773613+00	2026-06-12 21:42:59.773613+00
285	16	6	2	1	2026-06-12 21:43:12.808848+00	2026-06-12 21:43:12.808848+00
286	16	7	1	1	2026-06-12 21:43:38.1449+00	2026-06-12 21:43:38.1449+00
287	16	8	2	1	2026-06-12 21:43:50.980743+00	2026-06-12 21:43:50.980743+00
288	16	9	2	0	2026-06-12 21:44:12.312621+00	2026-06-12 21:44:12.312621+00
289	16	10	1	2	2026-06-12 21:44:33.76511+00	2026-06-12 21:44:33.76511+00
290	16	11	0	1	2026-06-12 21:44:48.219156+00	2026-06-12 21:44:48.219156+00
291	16	12	2	1	2026-06-12 21:45:16.549494+00	2026-06-12 21:45:16.549494+00
292	16	13	2	0	2026-06-12 21:45:31.183354+00	2026-06-12 21:45:31.183354+00
293	16	14	1	1	2026-06-12 21:45:49.50753+00	2026-06-12 21:45:49.50753+00
294	16	15	0	1	2026-06-12 21:46:13.602863+00	2026-06-12 21:46:13.602863+00
295	16	16	0	0	2026-06-12 21:46:37.964795+00	2026-06-12 21:46:37.964795+00
296	16	17	2	0	2026-06-12 21:47:00.427185+00	2026-06-12 21:47:00.427185+00
297	16	18	0	1	2026-06-12 21:47:27.927368+00	2026-06-12 21:47:27.927368+00
298	16	19	2	0	2026-06-12 21:47:41.751718+00	2026-06-12 21:47:41.751718+00
299	16	20	0	0	2026-06-12 21:48:20.855232+00	2026-06-12 21:48:20.855232+00
300	16	21	1	0	2026-06-12 21:48:41.564191+00	2026-06-12 21:48:41.564191+00
301	16	22	2	1	2026-06-12 21:49:05.349451+00	2026-06-12 21:49:05.349451+00
302	16	23	1	0	2026-06-12 21:49:47.11303+00	2026-06-12 21:49:47.11303+00
303	16	24	0	1	2026-06-12 21:50:05.650911+00	2026-06-12 21:50:05.650911+00
304	16	25	1	1	2026-06-12 21:50:29.961321+00	2026-06-12 21:50:29.961321+00
306	16	26	1	0	2026-06-12 21:51:06.13449+00	2026-06-12 21:51:06.13449+00
307	16	27	1	0	2026-06-12 21:51:19.042913+00	2026-06-12 21:51:19.042913+00
308	16	28	2	1	2026-06-12 21:51:35.81039+00	2026-06-12 21:51:35.81039+00
309	16	29	1	1	2026-06-12 21:51:49.559157+00	2026-06-12 21:51:49.559157+00
310	16	30	0	1	2026-06-12 21:52:07.24427+00	2026-06-12 21:52:07.24427+00
311	16	31	3	1	2026-06-12 21:52:52.431122+00	2026-06-12 21:52:52.431122+00
312	16	32	0	1	2026-06-12 21:53:13.233654+00	2026-06-12 21:53:13.233654+00
313	16	33	1	0	2026-06-12 21:53:33.049172+00	2026-06-12 21:53:33.049172+00
314	16	34	2	0	2026-06-12 21:53:47.933614+00	2026-06-12 21:53:47.933614+00
315	16	35	1	1	2026-06-12 21:54:00.19039+00	2026-06-12 21:54:00.19039+00
316	16	36	0	2	2026-06-12 21:54:17.637588+00	2026-06-12 21:54:17.637588+00
317	16	37	2	1	2026-06-12 21:54:31.486729+00	2026-06-12 21:54:31.486729+00
318	16	38	1	0	2026-06-12 21:54:48.937992+00	2026-06-12 21:54:48.937992+00
319	16	39	2	0	2026-06-12 21:55:08.337367+00	2026-06-12 21:55:08.337367+00
320	16	40	0	0	2026-06-12 21:55:25.047274+00	2026-06-12 21:55:25.047274+00
321	16	41	2	1	2026-06-12 21:55:50.932699+00	2026-06-12 21:55:50.932699+00
322	16	42	1	0	2026-06-12 21:56:42.523411+00	2026-06-12 21:56:42.523411+00
323	16	43	1	0	2026-06-12 21:57:02.796281+00	2026-06-12 21:57:02.796281+00
324	16	44	2	1	2026-06-12 21:57:22.080513+00	2026-06-12 21:57:22.080513+00
325	16	45	2	0	2026-06-12 21:57:35.492839+00	2026-06-12 21:57:35.492839+00
326	16	46	1	0	2026-06-12 21:57:50.380138+00	2026-06-12 21:57:50.380138+00
327	16	47	0	1	2026-06-12 21:58:09.592787+00	2026-06-12 21:58:09.592787+00
328	16	48	2	1	2026-06-12 21:58:37.517952+00	2026-06-12 21:58:37.517952+00
329	16	50	1	0	2026-06-12 21:59:05.039293+00	2026-06-12 21:59:05.039293+00
330	16	49	1	1	2026-06-12 21:59:23.99518+00	2026-06-12 21:59:23.99518+00
331	16	51	1	0	2026-06-12 21:59:37.606545+00	2026-06-12 21:59:37.606545+00
332	16	52	1	2	2026-06-12 22:00:13.183104+00	2026-06-12 22:00:13.183104+00
333	16	53	0	1	2026-06-12 22:01:04.615582+00	2026-06-12 22:01:04.615582+00
334	16	54	0	1	2026-06-12 22:01:26.117782+00	2026-06-12 22:01:26.117782+00
335	16	56	1	1	2026-06-12 22:01:47.251265+00	2026-06-12 22:01:47.251265+00
336	16	55	1	2	2026-06-12 22:01:59.430003+00	2026-06-12 22:01:59.430003+00
337	16	57	0	2	2026-06-12 22:02:37.796728+00	2026-06-12 22:02:37.796728+00
338	16	58	1	1	2026-06-12 22:02:56.927953+00	2026-06-12 22:02:56.927953+00
340	16	60	1	1	2026-06-12 22:03:34.904989+00	2026-06-12 22:03:34.904989+00
341	16	59	1	2	2026-06-12 22:03:51.609308+00	2026-06-12 22:03:51.609308+00
342	16	61	1	2	2026-06-12 22:04:08.406123+00	2026-06-12 22:04:08.406123+00
343	16	62	1	1	2026-06-12 22:04:31.42815+00	2026-06-12 22:04:31.42815+00
344	16	63	2	1	2026-06-12 22:04:52.995033+00	2026-06-12 22:04:52.995033+00
345	16	64	1	2	2026-06-12 22:05:05.060371+00	2026-06-12 22:05:05.060371+00
346	16	65	0	1	2026-06-12 22:05:16.446784+00	2026-06-12 22:05:16.446784+00
347	16	66	1	1	2026-06-12 22:05:29.96731+00	2026-06-12 22:05:29.96731+00
348	16	68	2	0	2026-06-12 22:05:43.854188+00	2026-06-12 22:05:43.854188+00
349	16	67	1	2	2026-06-12 22:05:58.306998+00	2026-06-12 22:05:58.306998+00
350	16	70	1	1	2026-06-12 22:06:23.537518+00	2026-06-12 22:06:23.537518+00
351	16	69	2	1	2026-06-12 22:06:41.652831+00	2026-06-12 22:06:41.652831+00
352	16	72	1	1	2026-06-12 22:07:00.299348+00	2026-06-12 22:07:00.299348+00
353	16	71	1	2	2026-06-12 22:07:15.512421+00	2026-06-12 22:07:15.512421+00
358	25	4	3	2	2026-06-12 22:50:48.496024+00	2026-06-12 22:50:48.496024+00
359	4	4	1	1	2026-06-12 23:09:00.723915+00	2026-06-12 23:09:00.723915+00
363	23	4	2	1	2026-06-12 23:23:05.241259+00	2026-06-12 23:23:05.241259+00
364	6	4	1	2	2026-06-12 23:29:42.520588+00	2026-06-12 23:29:42.520588+00
365	11	4	0	2	2026-06-12 23:34:19.506444+00	2026-06-12 23:34:19.506444+00
366	29	4	3	2	2026-06-12 23:45:24.762751+00	2026-06-12 23:45:24.762751+00
367	23	5	0	2	2026-06-13 01:55:13.093217+00	2026-06-13 01:55:13.093217+00
368	23	6	2	1	2026-06-13 01:55:23.467545+00	2026-06-13 01:55:23.467545+00
369	23	7	1	3	2026-06-13 01:55:35.207003+00	2026-06-13 01:55:35.207003+00
370	23	9	5	0	2026-06-13 01:55:52.780341+00	2026-06-13 01:55:52.780341+00
372	23	10	1	2	2026-06-13 01:56:24.722526+00	2026-06-13 01:56:24.722526+00
373	23	11	0	1	2026-06-13 01:56:37.971157+00	2026-06-13 01:56:37.971157+00
374	23	12	3	0	2026-06-13 01:56:49.410736+00	2026-06-13 01:56:49.410736+00
360	26	4	3	1	2026-06-12 23:09:34.28185+00	2026-06-12 23:09:00+00
399	6	7	1	2	2026-06-13 11:39:26.445044+00	2026-06-13 11:39:26.445044+00
362	24	4	2	0	2026-06-12 23:18:46.569475+00	2026-06-12 23:18:00+00
375	8	8	2	1	2026-06-13 03:17:05.881428+00	2026-06-13 03:17:05.881428+00
376	8	9	3	0	2026-06-13 03:17:48.756625+00	2026-06-13 03:17:48.756625+00
377	8	10	1	2	2026-06-13 03:18:21.545277+00	2026-06-13 03:18:21.545277+00
378	8	11	0	1	2026-06-13 03:19:49.326347+00	2026-06-13 03:19:49.326347+00
379	8	12	0	1	2026-06-13 03:21:03.301786+00	2026-06-13 03:21:03.301786+00
380	8	13	4	0	2026-06-13 03:21:52.048724+00	2026-06-13 03:21:52.048724+00
381	8	14	2	0	2026-06-13 03:22:40.064419+00	2026-06-13 03:22:40.064419+00
382	8	15	1	2	2026-06-13 03:23:19.785237+00	2026-06-13 03:23:19.785237+00
383	8	16	1	1	2026-06-13 03:23:58.821109+00	2026-06-13 03:23:58.821109+00
384	28	5	1	2	2026-06-13 10:48:58.914934+00	2026-06-13 10:48:58.914934+00
385	28	6	3	1	2026-06-13 10:49:10.280815+00	2026-06-13 10:49:10.280815+00
386	28	7	0	0	2026-06-13 10:49:19.591042+00	2026-06-13 10:49:19.591042+00
387	28	8	3	1	2026-06-13 10:49:34.296418+00	2026-06-13 10:49:34.296418+00
388	28	9	3	0	2026-06-13 10:49:47.1828+00	2026-06-13 10:49:47.1828+00
389	28	10	0	2	2026-06-13 10:50:12.920596+00	2026-06-13 10:50:12.920596+00
390	28	11	1	3	2026-06-13 10:50:27.887403+00	2026-06-13 10:50:27.887403+00
391	28	12	2	1	2026-06-13 10:50:49.77095+00	2026-06-13 10:50:49.77095+00
392	29	5	0	1	2026-06-13 11:07:40.470409+00	2026-06-13 11:07:40.470409+00
395	18	6	2	0	2026-06-13 11:34:05.737388+00	2026-06-13 11:34:05.737388+00
396	6	5	0	3	2026-06-13 11:35:00.867716+00	2026-06-13 11:35:00.867716+00
397	6	6	3	1	2026-06-13 11:37:27.412512+00	2026-06-13 11:37:27.412512+00
398	18	5	0	3	2026-06-13 11:37:46.176729+00	2026-06-13 11:37:46.176729+00
400	18	7	0	3	2026-06-13 11:43:02.114678+00	2026-06-13 11:43:02.114678+00
401	26	5	0	2	2026-06-13 12:35:23.88637+00	2026-06-13 12:35:23.88637+00
403	24	5	0	1	2026-06-13 12:36:34.388825+00	2026-06-13 12:36:34.388825+00
404	9	7	0	2	2026-06-13 12:50:47.304308+00	2026-06-13 12:50:47.304308+00
405	9	11	1	2	2026-06-13 12:51:24.957597+00	2026-06-13 12:51:24.957597+00
408	33	6	2	1	2026-06-13 13:10:41.404288+00	2026-06-13 13:10:41.404288+00
409	33	7	0	2	2026-06-13 13:10:53.866232+00	2026-06-13 13:10:53.866232+00
410	33	8	2	0	2026-06-13 13:13:45.775388+00	2026-06-13 13:13:45.775388+00
411	33	9	3	0	2026-06-13 13:14:29.799625+00	2026-06-13 13:14:29.799625+00
412	33	10	2	0	2026-06-13 13:14:53.367242+00	2026-06-13 13:14:53.367242+00
413	33	11	1	0	2026-06-13 13:15:25.13722+00	2026-06-13 13:15:25.13722+00
414	33	12	1	0	2026-06-13 13:15:44.217147+00	2026-06-13 13:15:44.217147+00
415	4	5	1	1	2026-06-13 13:56:06.243232+00	2026-06-13 13:56:06.243232+00
416	5	6	1	0	2026-06-13 14:21:14.02582+00	2026-06-13 14:21:14.02582+00
417	5	7	1	1	2026-06-13 14:24:17.940468+00	2026-06-13 14:24:17.940468+00
418	5	8	1	2	2026-06-13 14:24:57.55105+00	2026-06-13 14:24:57.55105+00
419	5	9	4	0	2026-06-13 14:25:07.637487+00	2026-06-13 14:25:07.637487+00
420	5	10	2	2	2026-06-13 14:25:38.240802+00	2026-06-13 14:25:38.240802+00
421	5	11	0	0	2026-06-13 14:26:35.076033+00	2026-06-13 14:26:35.076033+00
422	5	12	2	0	2026-06-13 14:26:52.903099+00	2026-06-13 14:26:52.903099+00
423	31	6	2	1	2026-06-13 14:29:23.299438+00	2026-06-13 14:29:23.299438+00
424	31	7	1	3	2026-06-13 14:29:36.695769+00	2026-06-13 14:29:36.695769+00
428	31	11	2	2	2026-06-13 14:30:12.759149+00	2026-06-13 14:30:12.759149+00
429	31	12	1	0	2026-06-13 14:30:28.600355+00	2026-06-13 14:30:28.600355+00
430	19	12	2	0	2026-06-13 14:32:16.70359+00	2026-06-13 14:32:16.70359+00
425	31	8	2	2	2026-06-13 14:29:46.631742+00	2026-06-13 14:29:46.631742+00
426	31	9	5	0	2026-06-13 14:29:55.781118+00	2026-06-13 14:29:55.781118+00
427	31	10	3	2	2026-06-13 14:30:04.520417+00	2026-06-13 14:30:04.520417+00
431	19	11	1	1	2026-06-13 14:32:35.232556+00	2026-06-13 14:32:35.232556+00
432	19	8	1	2	2026-06-13 14:33:12.213446+00	2026-06-13 14:33:12.213446+00
433	12	7	0	3	2026-06-13 14:59:02.439469+00	2026-06-13 14:59:02.439469+00
434	22	9	5	0	2026-06-13 15:19:08.491391+00	2026-06-13 15:19:08.491391+00
435	22	10	2	1	2026-06-13 15:19:25.236071+00	2026-06-13 15:19:25.236071+00
438	33	5	0	1	2026-06-13 16:13:28.132795+00	2026-06-13 16:13:28.132795+00
439	27	5	0	1	2026-06-13 16:55:32.72317+00	2026-06-13 16:55:32.72317+00
440	27	6	2	1	2026-06-13 16:55:47.788469+00	2026-06-13 16:55:47.788469+00
441	27	7	0	2	2026-06-13 16:56:26.490856+00	2026-06-13 16:56:26.490856+00
442	20	5	2	2	2026-06-13 17:26:07.666772+00	2026-06-13 17:26:07.666772+00
443	13	5	2	4	2026-06-13 17:38:28.708755+00	2026-06-13 17:38:28.708755+00
444	13	6	3	1	2026-06-13 17:38:42.602234+00	2026-06-13 17:38:42.602234+00
445	13	7	0	4	2026-06-13 17:38:55.700534+00	2026-06-13 17:38:55.700534+00
446	13	8	1	2	2026-06-13 17:40:08.604513+00	2026-06-13 17:40:08.604513+00
447	20	6	3	1	2026-06-13 18:27:08.322679+00	2026-06-13 18:27:08.322679+00
450	11	6	1	0	2026-06-13 19:18:15.536634+00	2026-06-13 19:18:15.536634+00
451	11	7	1	0	2026-06-13 19:18:26.729077+00	2026-06-13 19:18:26.729077+00
455	24	6	3	1	2026-06-13 20:14:32.532539+00	2026-06-13 20:14:32.532539+00
456	29	6	3	2	2026-06-13 20:34:21.216403+00	2026-06-13 20:34:21.216403+00
457	20	7	1	1	2026-06-13 21:33:10.711423+00	2026-06-13 21:33:10.711423+00
453	26	6	2	1	2026-06-13 20:12:34.730316+00	2026-06-13 20:12:00+00
454	4	6	1	1	2026-06-13 20:13:02.437047+00	2026-06-13 20:13:00+00
458	29	7	1	2	2026-06-13 23:28:26.995143+00	2026-06-13 23:28:26.995143+00
459	4	7	0	2	2026-06-14 00:13:24.630435+00	2026-06-14 00:13:24.630435+00
460	26	7	1	2	2026-06-14 00:14:15.905306+00	2026-06-14 00:14:15.905306+00
461	24	7	0	1	2026-06-14 00:16:03.97845+00	2026-06-14 00:16:03.97845+00
462	6	8	0	2	2026-06-14 00:22:30.324859+00	2026-06-14 00:22:30.324859+00
463	22	11	2	1	2026-06-14 00:32:46.321131+00	2026-06-14 00:32:46.321131+00
464	22	12	1	1	2026-06-14 00:32:58.836364+00	2026-06-14 00:32:58.836364+00
465	11	8	0	1	2026-06-14 01:07:01.181211+00	2026-06-14 01:07:01.181211+00
466	4	8	1	2	2026-06-14 01:38:38.838051+00	2026-06-14 01:38:38.838051+00
467	24	8	1	1	2026-06-14 01:40:10.677511+00	2026-06-14 01:40:10.677511+00
468	1	8	0	1	2026-06-14 01:40:36.181349+00	2026-06-14 01:40:36.181349+00
469	20	8	1	1	2026-06-14 01:47:39.572802+00	2026-06-14 01:47:39.572802+00
470	27	8	0	2	2026-06-14 02:24:28.339726+00	2026-06-14 02:24:28.339726+00
471	23	8	1	2	2026-06-14 02:55:48.798175+00	2026-06-14 02:55:48.798175+00
472	26	8	1	0	2026-06-14 11:28:14.660134+00	2026-06-15 01:42:00+00
473	27	9	3	0	2026-06-14 12:35:58.562092+00	2026-06-14 12:35:58.562092+00
474	27	10	2	1	2026-06-14 12:37:15.361379+00	2026-06-14 12:37:15.361379+00
475	27	13	3	0	2026-06-14 12:37:40.268332+00	2026-06-14 12:37:40.268332+00
476	29	9	2	0	2026-06-14 13:08:10.647621+00	2026-06-14 13:08:10.647621+00
477	13	9	4	1	2026-06-14 13:08:52.725836+00	2026-06-14 13:08:52.725836+00
478	13	10	3	2	2026-06-14 13:09:12.479317+00	2026-06-14 13:09:12.479317+00
479	13	11	2	1	2026-06-14 13:09:35.07766+00	2026-06-14 13:09:35.07766+00
480	13	12	1	0	2026-06-14 13:09:54.862668+00	2026-06-14 13:09:54.862668+00
481	29	10	1	2	2026-06-14 13:10:14.148446+00	2026-06-14 13:10:14.148446+00
482	29	11	0	1	2026-06-14 13:11:46.57417+00	2026-06-14 13:11:46.57417+00
483	29	12	1	1	2026-06-14 13:13:25.564389+00	2026-06-14 13:13:25.564389+00
484	18	9	4	0	2026-06-14 14:07:36.109143+00	2026-06-14 14:07:36.109143+00
485	6	9	3	0	2026-06-14 14:08:21.565858+00	2026-06-14 14:08:21.565858+00
486	6	11	1	2	2026-06-14 14:08:48.84577+00	2026-06-14 14:08:48.84577+00
487	6	10	2	1	2026-06-14 14:09:08.275737+00	2026-06-14 14:09:08.275737+00
488	6	12	3	1	2026-06-14 14:09:21.398404+00	2026-06-14 14:09:21.398404+00
489	20	9	2	0	2026-06-14 14:29:09.278719+00	2026-06-14 14:29:09.278719+00
490	20	10	0	1	2026-06-14 14:29:26.428056+00	2026-06-14 14:29:26.428056+00
493	26	9	4	0	2026-06-14 15:02:48.256143+00	2026-06-14 15:02:48.256143+00
494	4	9	3	0	2026-06-14 15:03:22.567223+00	2026-06-14 15:03:22.567223+00
496	24	9	2	1	2026-06-14 15:10:13.224246+00	2026-06-14 15:10:13.224246+00
498	25	9	4	2	2026-06-14 15:48:42.8083+00	2026-06-14 15:48:42.8083+00
499	25	10	1	3	2026-06-14 15:48:53.320275+00	2026-06-14 15:48:53.320275+00
\.


--
-- Data for Name: users; Type: TABLE DATA; Schema: public; Owner: neondb_owner
--

COPY public.users (id, name, email, password, is_admin, status, avatar_url, created_at) FROM stdin;
19	Augusto	augusto@gmail.com	$2b$10$TBd0DE1a/HUSSFD6ugQZkOYu/43giIXjorkYU/UhFY56ZTRwl5RRu	f	approved	\N	2026-06-09 18:13:23.416616+00
18	Diego	diego@gmail.com	$2b$10$3dCTfdxWxWIpQra123cazuBDUj2tHiICjJTvoJPCMZ05guHIzzIbS	f	approved	\N	2026-06-09 18:12:21.815442+00
21	Acir	acir@gmail.com	$2b$10$O6P6xGj43W3ws0xaQaWd9OOMkMmpB4qRfxfSuCx811YeAegMNV7Ry	f	approved	\N	2026-06-09 18:14:50.612849+00
20	Danilo	danilo@gmail.com	$2b$10$LdFZwlGvV5mebtnfGCITF.70sq7k0aRjxCvwRZj5MJmXFUPIZ/jTm	f	approved	\N	2026-06-09 18:14:21.215958+00
2	teste1	teste1@gmail.com	$2b$10$C6jQNQUdrKJVxutQoFansu.kSYqrof8jGQ7mcmYgzwfWL/ookx4Ka	f	rejected	\N	2026-06-06 13:38:12.3608+00
25	Vinicius	vcirino1999@gmail.com	$2b$10$GokZkQQ7pxXJoNA1JjR91OlnCY3MnVIlraXYHe5bOC.wACn.XxCe6	f	approved	\N	2026-06-11 11:57:55.639722+00
23	Fellipe Gonçalves	goncalves.feh@hotmail.com	$2b$10$4hUXTzSJF7nAU5JCZE9xLuM0Y5wpPtssc.YUVtJDOqAb1/Y4MfCCK	f	approved	\N	2026-06-09 20:40:05.985347+00
24	Kauane	kauane23@gmail.com	$2b$10$DMxXL.6Pw6CMpTHdDvaM5ONtIHrkaXtUC.gvYjjIY1jCTUUzObzDi	f	approved	\N	2026-06-09 20:42:55.482894+00
3	Kauane Aparecida De Paula Neves 	kauane@gmail.com	$2b$10$MKmb7iA1U..w1wQMZFwgA.WM8dQb7/QwF4BxSVy3ODFyCkCPciRMK	f	rejected	\N	2026-06-07 16:47:06.583155+00
30	Lucas	lucasz@gmail.com	$2b$10$5CWC2H6NkmnPq8p62g8gcunAFtplyEQ6E0QnX9FooZCEdnyQ5oRtW	f	approved	\N	2026-06-11 17:58:01.846677+00
5	WAGNER AUGUSTO HORNUNG	wagner@gmail.com	$2b$10$lCg.XpgqyoBKLti3aLInfuO/CVZKwyxJUyN2dcb7nIUjZU13LgjI.	f	approved	\N	2026-06-08 10:58:19.382771+00
6	Dyonatn	dyonatn@gmail.com	$2b$10$k.18oXtsoGexToqqajeAduDNjrDn.JErxxAQ.fkJw7r0hXGRzuHf6	f	approved	\N	2026-06-08 11:03:31.879077+00
31	Algacir	algacir@Gmail.com	$2b$10$kB9rIpOa9girjMistOIEeON2fUOIu4u6gBtSPI4Hhze1kCZRWHMuS	f	approved	\N	2026-06-11 17:58:55.844117+00
8	EUCLIDES PATRAL	euclides@gmail.com	$2b$10$g2COfO3HXFRNrstHppDX8OKTYJFIH2v9FMqMqRAN1gY2Acsw0ftxe	f	approved	\N	2026-06-08 11:19:28.480998+00
9	luan	luan@gmail.com	$2b$10$4KIlH/.5g1SU4UygKF.EyO07rnTIJhxjcbzKh2vp72sBZeWsk5.KG	f	approved	\N	2026-06-08 12:05:14.077285+00
10	Amarildo	amadantos89@gmail.com	$2b$10$t9i1cLQQT3tPJ0SHh8JWlekxnQRFcG9xyVm4edeUiFdQKVGGQUkJ6	f	approved	\N	2026-06-08 12:47:45.876817+00
11	Marcos alves	marcosss1352@gmail.com	$2b$10$PytyjDnXiN/Xd1N9rJwXWeD0ivRacN7lIBE/n59Rxe5AfBOWlnfQK	f	approved	\N	2026-06-08 12:54:38.377076+00
12	Gabriel	Suero@suero.com	$2b$10$A7E9xEkQArI0UC0mbtwM2.IqWjSn4rNSqBObXPpmUSovdw0vOXvee	f	approved	data:image/jpeg;base64,/9j/4AAQSkZJRgABAQAAAQABAAD/2wCEAAkGBwgHBgkIBwgKCgkLDRYPDQwMDRsUFRAWIB0iIiAdHx8kKDQsJCYxJx8fLT0tMTU3Ojo6Iys/RD84QzQ5OjcBCgoKDQwNGg8PGjclHyU3Nzc3Nzc3Nzc3Nzc3Nzc3Nzc3Nzc3Nzc3Nzc3Nzc3Nzc3Nzc3Nzc3Nzc3Nzc3Nzc3N//AABEIAJQAlAMBIgACEQEDEQH/xAAcAAABBQEBAQAAAAAAAAAAAAAFAAIDBAYBBwj/xAA6EAACAQMDAQYDBQYHAQEAAAABAgMABBEFEiExBhMiQVFhcYGhFCMykbEHFUJDwdEkUnKi4fDxUzP/xAAaAQACAwEBAAAAAAAAAAAAAAACAwABBAUG/8QAJhEAAgIBBAICAgMBAAAAAAAAAAECEQMEEiExBUETUTIzFCNxIv/aAAwDAQACEQMRAD8AxO2ulPaplSpBHWDcMIEj9q7O5ihyvDHgY61aSOqeo4SZN/4VQnA458qdjlbBaA99OjucnHr6n50OMTTZWIZyeg5zW97GdgLjtLKt7qO6208nwkDDzf6fQe9eq2XY3sto0BlGm2kaxrlp58cAeZY1qjjsU5pHguk9i9a1eQR2lk3rukOxR781ol/ZPrzTJue3RfOQEtt9eOtex/vfR7O8it1dAkyBo5IlzGF2sQSw4GQr4+FE7K4+1WMFw8TRGVA4jf8AEM+R98Y4piggN7PDbn9lGpxOq2tykpz4iy7B8sE/Whtx+zLtOsmVsRIB/EJFH0Jr1jtL2tu9HvNWt4bOCT7FbW86M7EbhJJtbOPTrTT2xli0w3Zi027P2pLcNZ3v3SbhnMjFfB5dR51exFbmeO3PYvX47cyvpU7xKSCY8NgjrkA5H5UJ2SxTd1KGQr4WRgfqK+i7LWLa4mjYw3FldPA87pKnG1GAbOOD1BBHkeKl1TQNE7QxrJdW0MrsoKzJxIAeniHOPjQvH9BKf2fPtsXiO0bdp6gVbLetb3Wv2ZzW4kl0aYXKH+U/hdfgeh+lYS5gktXMUyOjqcMrqQVPuD0pbTQadlZ6hapmNRsKqwiOlTttLbV2QQ6V2uYrtXZQdUVKoqNelSA1y2NHjAo52R7MLruq/ar1AbC0IyrfznPO34DzoFu4r1/szAlnotpBH/8AMMx9SRkmtOkjunYvLKkXdRuhpmnvPDDu2bVVFXgcgfIAZPyrIXd3cySPcXU8s1o08M88RG5YlW4dSAMdMAZHtW0vLf7ZZT2xZkE0bIWUZIyOtU1k0bQHml3RRTzndJgks558vLqTj3NdFtIzq30A9M0BZOz9mXs83bylN7ZzHbmVm5B89hIHGRuojoGlanZnUhqN0WS4AERSZnOfHlxkeEkMvhHA20y57aWCDEEckzDyyF/Xmg0/bnUS7CG1sIU9XkaQ4+AxS5ZoLtjFhm/RYfsPcXNtqCatrD3Ut1aLZpJ3IUoituBPPLZ86uzaHq7WU1vJrFvK+5WQNZKqNjOVkA/EpHzFZ+Xtxq2dsMVo7+piZQP91MXtxrEBzcfu9gP4Vgf8s7qH+RBl/BNBC10DUdISK5EcV2VS5iNrbEgRxyYICbvIMOnvxUelKuk6lp32oNDdPHBHIjcOxK7Rj/MvkR1Bwa5b/tItu8WO8tkGephkz+taSx1fSda7vuXieaLxRrKo3IfbP9KYskWA4SXoMOTWG/aZoCX2mPqdumLm1XL4/mJ5/MdfzraFivqaiuYkuraWE/zUZOenIxUlyUnR86YzzXCKt3NlLZ3MtrOrLLCxRgRjkVGY6zmgr4pbasd3Xe69qhRVxSqyYeelKoQuq1ShuKqhqerYrntDCxu4r1nsrcmfQ7Jy2T3QU/Lj+leQ769F/Z/c79HMRP8A+crAfDg1p0bqYrMuAr2u7R/uexVI2xPMDg55UeteWy9oLJ3L3Ft3zscl2GST8zVzV5Ju0WtzSM5W3LbVwekY6f3qW8tdJtbZYpBGRjzHnTMmTdIbCG2JHZ6tp9ziNSkR8lKbaMR21u67hj41iLi2tVm7y2cY9jzRrTL43CCIMxYcCkSocm/YY1CSKzs5JIgN+MAEVhniu9TucyOwXPViePgKOazPJCvdnJJ6g0Eju55JFitlzM2ec8ADrVwbfQMohODs9bBMvM4b1zU9vbS2MgKzmVc8MDhloRFLdTMVjeJpApIzLy3w5/UVc0+e4mx3sMkZ9XXGfnVy3IkdrR6T2f7SzRqLfVGM0f8ADcdWUeh9R71rA6sVZSGjboynIPwry213RRhj0HNXdL7XfuW+htNQydNuM4kHP2dvX/SfpT8Wb0xGTF7RV/aIintJIQgVu6TcQPxH1rMmIV6H28sUntrXUYypwQhdOQ6EZU5rEGI46U6haZTEQ9KcIh6VZEZ867sqbS7KvdUqt7KVVtJYIVqeG96qK9ShqwbRxYDVp+xt+0MOpWwPLQNJH7MAc/0rJBqu6Tctb38bocBiUbPTDcUzGtrsGXKLi7oU8A4wMYoZbpdXV5LsEkUSoXM2zk46Kp8s0e0xTKFLoQxUZDeRohLpkjIxt5nj3dQBxQx4Y58qjG2tss5mWeO6RtuY7hzjB9MZOQeRRrsvpzJMJpGJZWB8PQ1MugSNLmWd39QRxRmO1S0hCQjByDnNFKVlxhQM1eCOa4MkkYKng0Pl04wO81pAGDjrnyx0+tG7qMndhSQ1MtnMLd0w+G6lxdDJRAFrY3MbHuNPhiz1Jo1bW0xH3zbj6HpRWMccgU6RkC4DAH2q27BopldsDAnk9D6UDuI4pfDcLuXOCM+VFro7W65WhF9uUExjLAg4HnQ3fRKRd7PPeW2nX2kd9JcaYJFW3DjLQt1HPpnIpskJVipGCDgim6RftEhEShS5ywB5z71auHM0zyHqxya2YJOS5MueKT4KZSmFassKiI5rQ0JQzFKnUqAsyKtUoeqy1ItZ9o9k6tVuyiae6hhjIDO4UE9B71RWrVtI0UqyL1U8Ue0GzVtMEu5trbtrZz6qeM0asJu8jG5vCRWNtJw12Dzh1KH+n1ovBdmKPaT08s1llafI+PIdupIYFZ2YAAVUtp459ssuO7PvQXU7lpFVBnxHHNTT6eZLNVSZ4mUcNGcVS5GcBm8uLRBlH3NjwgeVBb3VtOuZGjlbNwowu1uQaDTGeBu7LyTH/Niu21ptbvO5w2cnwc1OQqVBS2v5oMJNypHDelWWulPmOaG3CyCInaMY8xTbSQSjY3X1oWiWi+8hcY/hqD8V2objnNNY93501JN84bodtSHYuZbuIHtLhopAAw53AfiB86SnNG9Zt/tOl292g8caKT/pP/NAFb5V1Mck0YJXZI1QOeaez1A7c0TIh2a5Uea7QBGVC1Iq0/ZTgKShzOItWUFRqKnjFGhcmSREoysOoORRNWLBT86HqKtQvgKp+VKzx4sLDKnQtRcoISvmwq7HfS3dx9ksLf7RKo8W3y96rXcJnRQvBHT2qno0EukXE0kFxIzTAq4DYGD1GazKSRp59Gqj7Na5KruWhhI6Dd1+GB71y47L/ZGzfayib0JUYw2R6Z69arfvy8YsgkK7sbi8mceXrVU3F7esrWxln54ZVOPzq3kivRVz+wTr6y2G392TzXW9FbDR4zn+39ak00yP3UkkZRiPEvoaLS6fdhO9uhEnPmQzH8v6125u7Cx0yVIlLXcw27/8oz+QH1pXyqXCQdPso3ZPGPnUG4CRhx0Gc1Xe43cbgT0ru4d6zHp0olwUej6KI7rRYmPiXaY5FJ6j/wArK31jcW91LAIpJCh4KqTuHkeKP9hpCbG5GNyqwCj3/wCmiF49tcT7Sq5OVYqRuUj3HWlLWSxKXF0IlBOVGBmMkRxKjofR1IqHvcnrW1CyxMV3HaDjg8GmPZ2V793eWyHP82PwOPmOvzqQ8vBupqi3p2ujG7x61ytiOyOlNymo3IHowXP6VytS8hg+wPjl9HnZX2pu2rJSmlcVosojUVKhxTaQ8vX0q7AaLCmn4Z2Gz8Q6UV0vs/JKFkvSYkPSMfiPx9Kt6y1pp9jJb2kKozjBIGWx8TzSY6iGTJ8UeWDJPHHeypZ3dupY6jAJMceYP0qLVNa03TQsk1jGI24UEM+f91VNfkKasQRtDwxuB7bR/Y0F7UEXNpZAeQcn6UrFi+SXBqlJ7bLzds4SP8DYpGRwGEaL9cE/WqU3abUJmJGCT5uS360EtrSTcEUcuMijljpmMb1OTUyKEBU5OJPa3t/cyj7XcyMnXbnCj5VelHeKufWmSQLBsJ8+PjUdxdqGAA8QXjH6UMKatDcc7iQ30ixvlfxDyFQd8qpkv0GSfU0ySJjiR+pqvxvjR87XdQfhmj9BHrnZmD7J2eh7zKyzRl2Puwz/AGoQ18zTWcqnAklyVHowJx9aO3UqpaRxxcxrACPcYrH6ZumstJIGTvT6H/g/lWDRZE4ZlL2J1MHuhJfZrJeWf3qrko+eanmfZIynjnzpEKyHjn1riI6VUdWbwiuVWyw4GcUquiUiFdK0zVeXQ2kp/igPhJ9Sv9qF6n2P1K2y9qgvIfJofxAe6nn8s0UtZWJBaJXA6/8AlH7F42G62mkjIP4c9Pka6OPXZIcPkyzxL0eVNDKJhAY2EpYKEIwc/CtrpHZ2LTgJ7lu8uto4GMR+o+PvWqmKygSXMNvJJGfBN3Y3g+x6igupzbI2C9c0zU66U4qMeLBx4rfJBczFUZU49TnNZ5tHvJ7me5mIWJfEu45LAVobG3E1nvl6A5pkN/bvOyiVWBOAD50jSZZ492zsmopNcWZzX9OuNWtrW902De9vmJ49wzjy6+xoWNKea0ZLqN4pA+U3D4fSt0XEN+0W1UikGFAHGcZoRfxOl0CMuOjJjoBzkV2PE5n/ACNkuuTJrMl4HKBlrGyltbkCaLARshgcjaeDWp7lVGDsBx6VPpEMFxdpGwUq6lSCPLH/AJT54XQundvIUOCFB6VPL4/jzf8APsx487z41a5RmO004hW3RcbiW6UEjkyct+Kpu0N0JtVKqMRwDuwM+fn9apB8mqwrbBI6WJVEtvLuPJ6VUuHCPGR5MD9adyT4QSc9B1Naew7O6eYVmvHeeQHDxq2EJ+PWpkyxxq5DkrD9pe/aOzts/OQWiz6gVR7PgLDp8R42uyY/Nh+rVJf3MUcNrZ2kYjhQtwvqahtGEGq2sQ8sH54I/tXNxOnKvdh5Iboo1sgDDB55qv3Me4kKAfapA9NwQc+tcsaMKAH8CH3K0qeV5pUQJV0+LxY4NF4bUeFwSr+WP6+1DLJtniPXyojHIxG7kZ/T0pvHbBlb6LcoGMJzgf8ATWY1mXaxG4e/NaBHWeRlGAicHHmfSqmrIiwjw7V9AKWncrLjLaD9OugliyvnBHGBmgE1tJbzbJU2ufEA3p7UZs2PeruI8P4VPlVya2hv7OQMoD4zG3mje1a8EOWSWpWNpPpgJbyZLOdGYvJb4miJ64BGR+tEJ543v7V0/C4BU+uQf+KExI0l6YmXxFDGwHqQeKeh722iXlWIVgf8pHOa7vjNO805f4zn+VccaVe6YTtIfs2uRpGvhJ3KPQHqP1oja3AfVNRt5M/eZMYB28AdD8/1ofp05vNRs58Y+6ctjyIOCPzqbWFaKeO+tuZE8RA86Rrcz/rU+1wZtJjTcjyi4P8AiJgx8QkbPxzTQ6r65qXXomg1OdyuI5nMkZzkEE5/rVAOMdacl9HQT4Deg/f6pECAVQFj8q3EaAxIRgA8msX2URmknmGOQI0+fWtoGEQAYZCqMe9czWu5j4dFaeP75Xx06A0+ytg+rrPvB2RY246HP/JrinvpTk+Ecs3kKm0RS8Et4VKrNLiPPVlHn+dZrlGDYU3yohtvCevFSR4biqzZJz5ZqeA8isTCJSh88UqlOKVUCD7JQ821ugOBj4USm8MQVeMtt48q7Sps+wRqosLhYxgDimXn3kzbudgAX2yM0qVCDDsz9wxW7XB6mp5LqVJbS2QhVuXIdwPEMelKlW7ABkSckQpBHHrbIgIC+LOSTnaOcmqUx2u4UABScDHSlSr0vge5HK8u25R/wd2dci6vR5RcL7bmJNFzK0tvLuA8AyOPSlSrk+Y/cadB7MbrlrFMt7A65SI709VOM8VhB+EcnpSpVpw/iOj2zZ9lFC2tucA5LE59aMvKzyFDwuT0rtKuXqP2M2w/E5eL/hbe3UlUnP3m04JHp8K0UiLEscUYARQAB6UqVZ8360BH82SH8Ap0ROa7SrKNJ8n1rtKlVFH/2Q==	2026-06-09 12:08:22.442361+00
13	orivaldodaluz	fs0466281@gmail.com	$2b$10$JxYPRtNE0i3N7CKcljOCw.GKpkuPDza/aDcGmCwiVEViy/PBYJQby	f	approved	\N	2026-06-09 12:18:29.539757+00
14	israelwille	israel@gmail.com	$2b$10$c6rXZps7NlYhS4e0N7bQ6uAx5DOOJyr47RH9IKk4FNVX4eriMM6u2	f	approved	\N	2026-06-09 12:49:13.645478+00
15	teste3	teste3@gmail.com	$2b$10$emIzXqa/7vyoYixQXMOIiOLW7gx0ehb1.NYJPBRxD6WGjxXhCaPhu	f	rejected	\N	2026-06-09 12:57:09.939963+00
17	teste1	teste20@gmail.com	$2b$10$6v.5XnFfSc0pv3ao1GdDvejBwwb5ajUiYsHr8Yc7sMDq6cUtP/BkK	f	rejected	\N	2026-06-09 18:05:54.513745+00
7	huesley pavelecini	hpavelecini@gmail.com	$2b$10$G/kBRlNeHbeckMMs9FbmmOzkyi/BJYs/JTGV.N2PBpkeH9Ddh8ED.	f	approved	data:image/webp;base64,UklGRiKSAABXRUJQVlA4WAoAAAAIAAAANwQAXwIAVlA4IEKRAAAQkAOdASo4BGACPrVUok6nJDI8pHJK25AWiWNCxcL5zFAY8u3+l/2/R3hW3h3Fxa+f/4/wZ/uPEX9Q/zeyL0A+OHnwf+X08v1fnvNNuL6lxQe5/5Hlp9Pe1/Sd87/nv057UPTh/XvUT/qnpm9RH/M9Dnmg/9z16/1X1Nf511Uv9r/9nsnfy//o9dT5WOcG/+/0F/G/8PlcvdbpTRU/Df0x7Tu6H9d+971Dsju/77T/l+hZ33/7vnyfg/+302+1nsA/rT6kf9fxxvvH/h9gj+mf7H1hf93y/fYfsMfsZ1xB2QN5NzmcedCp/EKO0o0cjB6aN7ZtwQbJTKaqLXClHphsyG+RaqUjAlN8OLgn3QT7IrE3o0NknPrwXS7SPtI9WYjdbA3xoy+rHwgY5NKdkFCJFCAR8/TIIDyZu4f2pDJOFcdVkpw4y8YjdC3mFKIiHZOhIfSg1ZBYO9KRjI1xchFNHE5zxcv/6nQSKyP/myC93+w1+vlm2GNEJliRXdFZ5g6U/zCLa1A5mWVj6XVVJr3vWcGWb409JdVuIJ5GYXObgMCbZuA/JqvKV01p/HMGYTWf1dd5yBDDjLZdJWpgcAJyfUAX8YRR0GVJ2Qrhqv1KMRYtfEmSV4RsqcTOQpSlm+jyi6U6nClmgEuO1SD/5tyBq9DCWIDP2J60PEYI+mzi3tK9FkEKmtocZvy9KHeyaftuAdFRaT+O6Ssg/McH6Og/x2IJ8G5JPl68cqUhGOMM2sMTNdDim1Y69ziueNxJkBV63/Vo+wZ532mbnr0lfBawsO65dLXHHzlU5sgV+BO2uRNEBjtIUJYdkku1FVucbBur/ZX7t2PG5airwQJJ+INUjv5miR3ySff3zlnC0i7X9EfLWexWF5wAOVZRAdUb8u/Pdz5Ytrt+cOZg5poAxcWq1DcYUwSY09yce8W1428akzRfUKH13EiusIofXmlz5u+h/+g4WF4IHVNbk5kLcmpBUQPq6/yqfl6rs586a6Gyc/vTjUtOtIXgMTUtuUAckNE+zbu77WhZxYe23/gvrvayT2Fab9hfZvNVxAScB7tmJd660qAdxHE8xnI0cgzip8e3lORMBpLd8uca2qXnsfMrp+1g6THS2vFM6YRhfvpQx8P1Gdk6HNehlRwUjHtDLW2GFssgKFcTOicXXYkNUCPxP6dr++N2jlUFL/AjhJyg3Eprs4ZyzPnhOXsgVGitz19NHHX/8/PRY1ubOiVitkjO+HQjptHw4cK66JdqDOk7a/oQb28dQyvBTvaBKO9TvT5F8MXp7I+E8mvYLqDEGh9YdtzG1Qbu/S7x3ek7SRiRIru+++1oVdNe7c1hGolwgrXK4SS3GdODBvk9awxF3FFbw/L4zg4323nI86b7v+GtBRi93cg8IJvDHg1K2hntjRTUDyv07DACUJkBorkyiG7Yh54ZwcozQ6F3R2zXIVHFQ5vPa9gyTW1XXlY8t7ZvXTqEns/TkM1jj0P82mNGZgCkj7MRIJ4qNoumx8iKI4E1N9HLZ1iQ783ts/iHoqx88ApTJ/Ef9A73C21i92ozBI3Q1ezkhVrbkkxG6kVHD1HUK2/CKMhgxq9TjzfxRQ4t4xljcm3vKe+PMU/uIMtnp2DEXRDY/jpbV5nzaq36hDCo3ho2MkijIdhzKnhsWIbnaABtfh/HcPAzUCCWfPOapRDFnKMtuVuPGcbanw2/ZJebZ1j7XcaEs7HsaVsuWHgEULCwTeRkKkoLgqo5e+s3bNE9TJvkKwZ+fTJvuVVbQe5CRRH/I26jLqHR3Uv2InBIchvxrJOgi3YYErFD7YczU8ewRS8WeIJwy24Fu6KexoxJ/rx0sFDKb0YRDg/6vNdGleJyYPNBpIZ+BH0zJe0ea0xVXfGbAtDFp+Z47LUZwqOsNIltYDVB3opedUq7scnW/BqDx/t34PnUicO1JOhjLmWVuhsp8DACubOermlpYxF043s5fFq89UlSzRkzvr5ygLcXUcANVAz9oGZ0pfZKyvMUVw089IKcouUirWV3zuZNZh3AwCsB17AL/g/2Yt2uWeekbjl5m84c+TnhC7beHq5HcgzKSFY/n7RxaBfDKySenPAduEpX117fOZ4x3Fv9Laeu7O6zxj/ZPc0WUhjNogX9FbYCOIBu/8VSSllmcrvyxNo3hrMm34xlmcgiB9NMEyK/Tk4KI4LNAL1+1QP/nf4gdTO+F1j9Xvc1ec/y9IBKo2H3CwHpVu0oUmrsiQYueGSP7LFsx0lVqcB5B5W+xZQSZVjg0bZo+aDv2SVoSnb2FUh2Kw+q5XZa403PnM9LipwMovy4VShjB82s62+33VRsV8IURJF0SphGRZos3jdz6tuRLmsO8/gmrJcYvfUiWDeZaH/Ck7kM/fgi9M3v1nZMBfcRZP/4LVIhWw2GaTol9N/mc6qg8mc7tSep4PyFBbXQFJ+N0dQLziHk3PTspc1472iUNSEXXxnRiTf6STxz1RMJSYC0XRV53n6CT3SkpbU6C3y08SVMttKjYPsQlv5anCvQkqw1md/H7dd7g5SBirnLfJZ2toPcr420dFLHB3cr9gBODu+pwdlQJKfw7bkV1a3q3uxchWwVlY6/jIByna69mIOr8yN283Yeul9TLY/QwHM+0feMwS0PEdMCPwe16kCSuw6YdRP/wBs5a6Hg+K6Chf+x9E8OHL7aBMmrPomoDVqxnNviR1j3ZPYiA7w1yzp9f75JZyGdmSSb1t8p2T0boyJdQpNngB581jqI4ZAQx2CmDrGHLymPvl1wZMFXQh08iFY7qUAu9PmS1uXddd7I+uZW5A1E/gIkfBLmZnnaFcjfTzEUZh5dZruAorIQsbVnXKRlKbfckY4q6zyGscHCARVWmEiT+Fx1MebAVTFfWpV9V2qyfMLd1V1zYYZYTXdtzehhRuh45jFeOiHkB2FnyFBbSilTQuTg6ND3zXfSXI24IbU3o9GssNJ/OqGdG7z0+43FXNWQmbDc5sAoJOfD7PnYYxI57EgrQ/ZEhe20PjchCojhht30ox0qjJQ1AuwOsi6h4WyKRlrZQXknT73csTifKL6r9lfhbC1hE313W9ifeipbloUYTJX3DkuQV3ryFqeKgXFOYdmvwd2RhoTtt7XTXJKKxTYmlrqNHzJLHj0pmxPOGq4iV4eAfJR7qrPagHV8WqgE0AtRpbkKuSb8vz7uDR6uj0v/haUyVSJJFmCy+B1cIHUEVfAvqvy+E6aUD7gO1gTRRT2EZF8tg7vLvaFIX9TNDSTCwB09Optqd+cWQkdA9nH6q+/2c0E37hu9nFPxJoSh1et6DiesVeJ0GnGxzflVLOBKxC5w/pAdmWv9+tyEeLhKN4nZWLbKFm68kZf4BqUjh3s9jEFYglVcDX4Ur0QfxGxV/n+X27PyTfMH+LU2A+HAia8EhQWlq4gLVZqbiTRjHG9i1VSi3OiovJvtXV3OXGvbK9RxMyf8u+KIVhaMe+AyL+uIlAWYDTx/VwwbXn6zul4zSg3YgKWG6IeSAU2usUdcUfepK5wzRgkclx9SLE2us5uaRYOmoxMUzf27O4h0uyUdUGcp0Fm+eewtOLMh6XK91OZ/KV6TYmuWQ7L+LCqcof/emUIKLovxiTfseqkHSMl+GS3b7DX4wjXdUXTEh4VA4lfb2WbI7X7UJZtRASvvY11g6yVGLiQoJZIKwrNgtU6Y4NnVqvGn85Jk52TrCTtLypQaooVAHtdoyKmNGVOvBEDKROOqPhslEzBGxMyHVscqIsApa/s1Zk/PiR2Njn+Z68mROrN97vk7rAWpqLYt36TGKyKIWKu3kJ/7HhYzRsODDJyNWoma+wzvJ8aLcynAcKzq+DuZQBZFC+ZfpjL0p50aGMevvkV0N+rxQGHsEBoHaIjxVBBQQ28xfX7SpXgKa0Y4e3w60NGpP8fbfY6d9eBlyy2WzSObPyQsGfZR/fYw5/5akxc+8mJ8/pe7bUOW0siKP+Bu1nVTVHauSbBJf5LfThJ45tJkuL4J6QsDBoPlNtIqahnzQ9ocq7z/hS7+gnNq274ZDPqn+WJqvCKRlQCulqHzPPXkYb3AxoJonjsObtM40wwZVz6ib4iRGVDeQQQ5thWBFt1nP2JeJ8TVMbjPx1CZMPJwv8Yr0iZ2Tshnx5JbvZStq2RkDrNgXY/sWc1bW8mhpanMNqVtpStB82XgB8wYB2COiFfMOkgJUUELITSt8fVmb4IA9rFTAr1/yaBLpG0Oggs2aRmOC9uOMoYalsuSGvRU1ooWdlxoXtYnAk03XikcsdBTYddxwZ5fJ8DznnC7PSBvIAZuhlomTx18xuSOlJ7SDp5HayvkZxfyCpPx3hVHPfyhUiLo3tvbMG4I0BvtLkftAxa5SxKEbNrMHQGoerssyFVs2K4oFRb+rDL+heS+1kyGxOUuwkAbpa2HkpH2Z3ycqBQ1QIgOrfRUEhamZg1wnU/mpJuT4SfUxPpUNZnOwuyh0NCv2GiQRaNDMIVt1qHq8hqNu2prOlOuOR/pbxSjLYuiY/ayOtNUZNS3Gj6fZ6VjK+QTBeFx/rCrVaQ2OzbYGe625j+cfNa8ZusRVKakQsc28FrE/rWYNN+8vKYaEDxo8A/xpgegVbs74Odry8RMYSnnmkSq1e6DRUh4oK2RzhSDasJdOHyVbNwHzIQ1I6de6KqT7qzf3ounE3ZP/1hqh3DXgrxIwPyohIfFgu9uCtm7qosdHmCmAjxpc+3AtFtnc4QzjLGOzl8p/kscLTy6mmmLkcBdET9KromYXCy52w5McplTI/DkP9Sdoci8JrxYCFuxyQK7lmspC3iIHNuqxJggUSIdTuDEcbzB1IhCICWBNBlUOJ8pAB434SVJ45IHfSg3yJ4wKohjG1MUNPI2U4a3HyqsjGxIL25P30FAGja3yyYzrBRtd5kwaa+vp5niscQvii9ygkMa7eZNpQ5/jueCYJZOZJZMM3XdIUA2051KP6k2JeiGovnpZkYLxadiidj+V6tny8EdPv2Zsmdj8+i6kGZhauf2SdeaPu+NJc+togYRHI5erDNUbXXhdVGw5mNHBWO20SZG0aCz/TymJgqm0FJk4+uPxDz5lw0LsAMEIhslzNhXh6FbERQfMKM62vQdxT1zN99YX/RT7M9rqbAW82PxwWChhYbKPXQunzVaY7VIUo/7mxmc80B4SInDEiQErmESz/sb7WdWaZSsnZRUF3m8LnejVsbx/cjt+vT830rAHy35uUIvtjSUGZNU62id2n/1U02qz9x3F+wYeyu9A2juzFy4KwqIVMDp9kprFqgUaWzf/q0h+NIBGmhVGS188OQvzeYWaA9aPlvxaS7vuQB+v/aazzXO9PRK2drTcFnd2AlUzbtZYGdp5OwEe+WqJf/hD5cp7+T/9eTCYQprkMf5hwJ1rT+94+lE1tzsgmqTc+FBA/EL8bLoH1qK/Jhc1k80PjHZ50uu3o/wbGlQiSw+PLUGE1EnAhOM+ohxjjKI37IU59Tr4/M17Dw3MATf+lhVPbONGsb2SJlXFQHu1yJmI+exHvlVyMiQ+oGp+vcENxrjh+tBJo01rEh5oJxakG5Bw5/2RdzG0gYFvZCXyAD+FAceycwa2TdsWq5zo9W+5w2VJ8zz6FXWoGUZcdxwCCO2CLpUh8BxB8xXIDhH84X1xUj6/oE8rrFzlRscvhNHVb6W/xNvRSSye8vZyy+xRIgqHrQfVoUQuBuowz8Ah7oEPnAyhr5LMlS//xcxCs/gZQPvIefL9epu2GhMMghr29JSbAvpSZngVgd3eT5z6qbnItl358qSfaTVyM9miiODZNc9fIHAOx4fK7bCGRSTjepcqk5R7ZMWIN8s14TJYBJHIeeKRg89Y3SzQqXmppcky4A8dkfIHSeEo7KNUAtjLvJCT68TDbH3vXgCdoqEwfCAjTvvAw8r+CDWD2oY/edwnB0CnK7LkuQ7gkk4VaCRa0nZbnfqmLMPpVySB/YNBOQolQGsyeSThzaklFbJVIEiBGKEmVxlH/fA6P1ImTyb8PFqrPXKhMBxWUFC2wDWjsPjau1lZ41tb8A84tqSVhrPEDkGCQAKDVpMGVgPVwo+y9y/BF977Ru3ytvLICqCayMAGTp0bbQi/IPQjM0oXF2wuRyQm876/RyJfjVunNej/6vVsyUfeZEQmWVPif6Mm84Q/Yj/Re8LxVJVCiNmZoxSR1ECnPa5Pif/NhwuX+eMdzRVwcNikW7jE0I+syh2RBGOn7D7k3yA9SoJeA+NlWaAfVXuxdedgkEm0DmIkaiNmBBt1IWNtLUnBSvUyyvuhCfMYxzt89kDQYQiXlbHjRSNV5NBpYSoV2ater69VJxENHn2waVIiiIGO4IzMGMhtLuetGfIMCOirkkmV25BnjZstdvhQbTbNfUvZ7KjC1fFv6a+miVeumVR5kc2EvCiF5UInUxrDLixAnX+hccuxaSm2bXR+Ld6I+9xfq8ukFSGQuA3f4AqflCBdRrWu3pGJZ41P9y1tlLeIb2OhD9pGS039BG9a52JTh/NzN2OntmvhZQie3BRFrIEaUb9bWxVKjtqTKWpxiMN1U18lMBTSKegc3KsC70lHHhTcDYLIuHzgmy+siAW3q3QSbPCMx64IBl2VORQbio+mlbnvV8J7GKSide9GV3c9Qh7Sl8kSNLuAq7jx13E9NbC+7BMcIn5bZGLX9w0Sy1wUxJ/jD+S2Sy9fzcvx3QulRdbXE7koWRLWR/bnemBS3GP+ne4wygg0DZ2ckP4rfzVF0hmYkquOpzGE5eaVJsJ+jCJ7bQLy5nxdwHdevsKN4HwoblqAItb6Auksj9NS2sdOgzFrxcDHjekJKu0PVnXunsVIX85QfVWv3FUDNGeaAGp5vm8dX9Vwz3eAi+naIj2TwpX5R8LZcCpC0Y1yQQ5C479Q1NxUb7aYvQEhpPqfzyachoiT1QWfrXXOxA5DuarUUR0vGwOQuS68RKPaunf6JxkbEDhZSX9rMi+Q2cNMSO7yWd7+cScYQm3XY6T+uaUZINwkwj17Na+1zOFT1eSQK9x/GXCjIYRtYaPyLT1sQ7XXSzi7edXb7J2aPkOkM+gfW86U0YHMcJycoUmWgtwnnadu55WqxVXpOU4ahrt6w5yRdSKXoJ0HwuXKW+loFYGFjYaR223zfdDf736PWFgmk4Yp1F62h0WrKmLCpAycvXWLh+BCAM5GuNYHs13jdkityFaejHqFIAaPbIeyMpPVR7rRgCEhxzPfvkL3ZT2sq3hO2jTuesFILCFgokjQ7GJ50+R4Im11y5MchXoPF6jZuYoOP3OioqxvpY8f3UCSfbMrL9tL5BD5cih98BmQdCiPMXdtPM2fr33adcS1vUJ+sMuYT/27LBAEp8/Okq0XErmwzJTOB/YLSbJpnievBeLx519adsV0q1FWeNqSE5v0PQc/yGXnMlyO12F2sRReXeuYFXvCSJQqsTlfPsXXzRFHrc8OquCClo6bTPopTJ0s4fcpXEK1HU5nxvVO+zXd17SZkLMSQlgi8PF6BBfIFpMNDZxVKrJvEmZ75kSkErNXVBbhPcnLlO3E9BZ8g0cwyUmBJDhLnGSRm/sSUZ1FdcDdV/j/uhC8hZXSeYNyBV8MwqvHcmtbYPgH+AEbGNMVB+DGNTCqli1Jpy62iRZniIJP5/oKuTXNuoAt7B20LDw4Uom16YxvQeKXvw2fOWZePqv8mjQyBWqtJOjVWV51vtsDIy3odyKWS00oXUCck8+X0OF12RPDdQI74dMtzLjQEG0qGY/Iz8q079Kzd2bqCG4yOhtY6fqf8mhTrrpfi7BCzazi1QqP2A2HuNzldfZGl/pC+CslDMXN9LACOaa4HSh3VCR/jZo83nTZZRGPh9qr5DfOnQardL18ZzJE+uIBplpzvZO7yp9PUZQpgL02n4QSjOBgK+b06vPIYSqPFNomyNQV3fJ+WKtbxe8WEqrjh/OJwwCfMJ0o2NNQZbCjmNz8CH3j9VcXiFScy/kYXOV3Uaeypvm1sVrmesgwBpP+BZf6YqlOpaNuI4RTBRzbpz5YJFuYvy+o/WPKSNu0gVfatenFBmSvFaCuJVkKHQts/b9l5UZlks6i2KlH/cwHaXj29Im8E185IUwUmR+pSrb6z19cgJ4zDfNqLijXd1hfRJxNnO55ZJfrZCYj4vS1WtD1zhVSJuoNhyF8bAiVE127YGKh2T98BPG3eefG2lAgaY5Uz86iBOdhxboJaYCqppMnVUpxsTm4D/Bd7sDGGimk5Pjb6x/9zgjaCR5/fiKUvPDV/22DuF17oT7T3SmQXu+dYP/YKqiXv3PfOS7ZMRjcRMhqZhJxUDY06HIKIiiAgebqMRN9V/ZQyKnq3/lW9nLhL4eKZqUVih054LZr608av+Tc/31KP+o1aSa87vDn3LXA3ZHWPmVejQkP4VcNHO01E6QX+xOdVGWWqSnsVEbYZOTGpEP/K37hc9Ze0LCgHjmfBqrDCeOOU8X6jDB0GS20I+/eNrfEq1W05XS4bUfbYufZzV57e2nTdI8rUgEo2gtRyWPkiI2lyCONdJt1S0Sp62h1F2/wDrh4euH8uMG4CGCta0lC6uFaWRgQiRcKOYsx8BDx8zGeyjSscNl8SRlAC+t0m4mQX3YVzjZkZPWmhpQBp8I8Wmrw3B+sWlAw+Z/BiDopK+q0QOff6BCo+6dog6hZpcKjL6QV2QUFL73ibsNjXa1v8h6nFbrph6HWAaHV51Bhrwcg3iRfAGJ88HvWMNYHuDqh6JhxafK6bS1ekXRkAYDvRuXD57/oTprrUcuhddtfXSI/cRnQJ0LF4UtYPHvsw3tgR+2pHxpV8/pf/Pme8fCs/749oE8ZJ3yWLrY+oRSaL5CYtMU1MIUpXkLZMuhHjLjZrPJiCp61i4udeWZFqbjqTCnNN7rPjjazjr4X5+h0RrL+tKMsFer9ZY3bGWkuqlVsjhJ0GQbUigthKgyS3WrucnMj/BvnqGqfEqy8l1E4kGMhtmf9afsEhEn+/PGU3+Wloy5ol1BAyinbtwx6jI5EgJfbtu0UJO9Zshpf6f6jPHkDSfgaUdRc1+XaO9HDyruLiPPwYQqs684EZXE+GCQjMaRrGKCyDd/U9KpvHdBFvSfrJezHBn9+KrRkjXwL+nMfQSkoh37wK+jTKm8Duy934pAMGphwgEymjfJu6C84FGzFH+tHbZkiN19ss+Ggq9Byfw5l1yPjkLuQV99RTIgHs5Y7eSGBnFS+1FuAb1t7N4B/yLisavRb6pP90gchfoIvsVgmIsvl6qV/gEu7eVxSHkJhPkahf9/ZyHJB6cBK9IkAff7h7ePyLntvj7U4TfcLhOm2hYGHtl6hvSGFcJ7w6Fub7ItNci4vVUb76rU36apB3Q+ZVXKhQ23Zv9twByutxUA7zwqAHd1nNME5yl+s8EZC0bZNXxCS4Nm2AvRBzwmvdeGZQzSYF/5MwgteUs2NaQT05UepoxQe8qVvkdBQCBaod3K0fPCs5vnu/fUX/fJtB0ocjCo7lQig79oJB22Do2Gp9CVMwnvXG6L2l/NJ8OoFsBl9QQ0iUxeEntYmK8purYaw47jzNVPh7qyu6AZ0NJa7mujmAPv71vOmDDW4XmKfdgsmDFUM0yVXdvBE/8SS6y9xPP9K/mVlqaPhuSdW0GxQ45NjD2w725N+2CaoMZ+C0ZttNBKcmbNp+TrN0oqxq1F10PnIPVV3zsyfuNq2rMW6mBf6FULmjUggJm51P4edKovdj+17huZLA5cfFdcvfAA88vTTOlcxjpKuAMRDr+p/7WRcQ5tjm13rTVps4DQQXVerzjFz6vyvqNvVBPQokAXTRn9+JMVHL0sO9tZNrFh9KaibMTrpld2E+r4rZrzz70aZ4o6ZiDI3HlfqHwAeOlzIbZMaolC9Nnjeb1GwOxqxfTVCs8kGcwIdfWCGm5cEjj0YT7LdY9/zV5sEKwWR1TJn8RAY63hJt3JRIMpZ8nwbbIXTC+xCkWWgB8Vz72/4RKHwWsVNgNNbqeYtoxtnOVnwW9fQQkdKmRgDUfmkSbw5GRdA+Oqa60JsWGSEmHMXPLjUK9boofH5h2tMjndEcX+yI+hckRqwRlC2ypy7QHc+5IHhAGjWR+baBArn3D3abGBMuCjz4iwrL9JPx49PZHU1yArC1iu2selC9xFyQgnu86CLSbqhxJvBGmTb4DNODfVf2AWeiXiXvAzo/LfQuRlBugq5t3f/CXXHCdc8bDqDHbD7A+caUv3xZCVgZ3KDjTVArFlnTAWlGtqSpiFafrgY+X84VMsX4QSY7lEVWeYWI2F/NKtCvWqlzB48oC2zFhlTYt3HQ/gtv5p63IHBTgK/drKqYD3Mv6QthOvA8HoW8h+dLjc8THhypGdpalTtjmwRuFcQb8x7NChI+e9mWOg9j8VlMV9DfWvQ8ko34xgprSCiOd7JpNVExG2XaeN7D2lhWmS9FLzu2kx/T6eBnTUkLU6gO2tfJNbYsxmC7XKLbiLhGCqNEO4lir8pHqTjVC7n+OFdMymhNU9I8FALbpuLF69Zb1l0rILMmAKE0rENuAeMmaIkViGkMVMGo86VVEO4SauEVhiJybWoGCHRAtleCpXy6FW+e2moTp3k8hmkCtwSgYbl8szsUGAuAcL8MbMaPrKjOd5oZk6hNsuiBA1z7iHHYDcF7KG885mHzxt2yHM7uhoDAm3Gueq7sqN2ihim40wjUFCay3BREX8ju0JcTeIB7mOYfIPaEtoAe/q9MKSZh+oBhh0MJOx+L+stcIxAcOJBdHrpgDHKi5Hr4jw4j08KI4hn3Y+DL6by9WDVY9H+pt6bnqcxxgkJ7RWbovkp/iuME6JA+Kw6bI1LrMBoH0yrIHkFYRLYItNyfCywRBvnKMb6WRjWQnOtpbRA8khcXl1dzrynQbYU1DKu5/cu9ihWQhHkEza6F1Ukl+MKX7Hs3UZSO0jModt2wHTOOWaSpm1Gy/OpOP+F1lKb1jqgnGgpth69MTSmA3TiivZAYoor3Cf8fZ9CeaVrsvA0XMadgJ2Zt7zxMUn9hhBJfszt67/U/FP/jlxLfkI19J+btk69rpEbnkTOTcKuuLyRLz1TisrIqZTti4r+N/YbJm5gMB5oPhgWK+ebu6lvcrAhAccV9mj0Z1nMQBAIb/0Ycq5Bur/XW6yAZxKzz9vNMNat4rjU2hUosF3TiJy4e2Ck0xRtHYkzj2rvzElnLZMNnDSYrWVJauJ73SiiCnHmpS8J/HPvvm5NIEbJJdkQoLazq7hi8Vp9Yqj0erEepmccyh1s7gmW5jiQSkUN+g4R1KHBxOQxgDAL0/5bx68xQkhn8g3AlQHxyOUZayRurGz1yOK10IaWDNIjJpjXxygTLhhBgy54AtU0pBnWFG13iwRVPm8b8ugPcl1KNYojF+ONhLLPbiNXdc1T7SKkyDUKrxxQyu/cpRaDio0JZ5JQk/4v4d21GUndsjEeUwwemVsHxbucjSV0erbbduzqPl/HkVh5AsYb+w4y5tnt8XTjymAtLaPqMSHg1hiML076QFltd5/KbNw3RvVEtePZc8VMeI36NKQcUcXu/UfJqFXydbSN3WDqjGcS5xKsptemhlN1uRKJWDA/H5NwCnsRWuLefPfDtsPhaD8eYX2lyVBMi9pvQd/JsoBbk6lt1osn0GZoSCMTAnkpjTGbNXw1z9BcjGQH/cxgBtjlFiHYvYnABvDgprde5UOtKITNrYvKqDnG2op47KxM/DhjitPLiVqT2Cj5qnzK+8iWJ5YvdoTcXCX6k3hOcjFui3l4VnIsqKuE6ECUaYor94wmgOzffxajT/jONB16nhy34VoBmk4f05fEpDSkDNE5uMMaX6dLiqGE+LPQfMTRB2x5q/BEStJlpykXoh1gliV20svwFDbxRDBBIiYy1O1NN0vdEZqHWAMqBj2Y0cdxd8WkP5OGLNkFgOfRx4QbPmH/WVACUHQh3oygqBCU492Fl9kTCk1mI2nXM1Anof7sg1rf5NS5UJonKcNCwMN/1e334R/BvGNveozU/FfbAWiSewbIC7HBfe9DDKsFpiCBIZP+xInanJZgUnG9jE9EcJPnV7tRmTfHITWv4fVrCTW6ePPQJmMwksMx+TfK3L3+xkOyI0Hus0okBbXNcW9gZh1UtO/129WswPhFB4GAoUf2hujKR7NZHwaYCSIFA+8uGgd5u0RKchHQbAe0fvE7BVip4ZwGaneWrgJkYDqcC9LqLWw3/6WMViC7pF1QXDjms5kHzKca+45LGZNQA4UmPWhEzfjs05QcIxpfFJM5BZaD9fDR1+NWry3D4Pkyw7YL3FedBzGkb8zpf2znG5oPCqMffKGmgQtMMIgVqvN9UkuQ70ul4sQJL0jfloQG8ApA2o/7BLTHQ6gAp3oHcufuOjN30b0d1oJIADrwjx5wG2peponhOfSN9IKJuAb2nPGpyuI0P25QtFTd37ngMA7WHRDDYOvtlzu/JwtVtgh+M0E8gp9ICWXkbm9/E+HY0JYAekuzbuii2IB0tdE7Yh0yfCxqDyNkbI859v+qnmdM9hFpgFWIg2KW/WjvIObXuQETUrsYzBpPLzz7pzhvkxW6F0wRSHEenaN5DYZ5qFgvn1dpMgzh8SCL9/xmrPSqF+oY2W0cv2W7LIAPpgCKTiq6AHsT0XbASzfA4TI6yvZnD0BQYC+3/avvQkaGBkUmK5P7hAWRR4s7kuspvJOkyBodB2SyzX1qhdXnCAc2huA8De5n2lCXrYG/PrPwk/jYPB3DJ+x8LPolFDFdDxDMnjaAx3HHSWeJ7hqmD+fgK5i/569WXKTb7F05o2SO4Gh/ZXpuKX4kagzvVxhC2zCxLqdLevthT0iYW3ggwABsHvY7l5oytc54w5K+3NRv7ymeYfbvNULqnGk0jcsf1s1Cn5UzQ1dkFBR3umMZewHpOiAye50S0zeaqHd5hEwPNwz1W5O5p72KQYqNgPv8FszHeTLk0qJNKRJuj9oJLQZD1ay94h/C73RjbQYmSGQQWiT9q2TyseYd7nGakM2gTIc1GVHQnQnxyIzKILsLIxGpHsueJ10eXYr+QObWVsDVm8MjKtpZyaYt2igBcKaGLuDPYwDJ90/t1Idr0P9mQxYrQHHgZSnH1t98X4GG7yZHvJHnRMcBfZnGoTLBw+wTmTMnUUhHbxQW3hC5vAbty/ODDp5pB/8uePAVIlscWz5IDWqGKUjROh71JMS1ounyD46CrDfjhZboMyUqjxp5LVfmN4WZDX0H/lHHR14eMVLYRQWOAglEqfm5a6eagglJn+neLbuByqkqGN2eS3hfezStTKRGXz82K70zYZVqxSODDKGZOUFsgSSsQ+aYy+0zu/YgpM/f8kRGWFiIm9Q6HrKMSTyTsy+o/kXmNyG4fMue9FawEo360xOf3ouTlH0DIwYihGwywMqz1Yfr2JUcYBBqewP6fG1CKOgJO04Ud02jIoCbFzyBfKrxEwDMUECmYp1JqWTWMDvXzkRlkDgYsQfhlOgW8DsgU+dGE5fcFtFupKTi/1MvEuYMxNehYY+Gld2NIpMmTo6++Z9xmemz9YBwn2l9yG53hlmggea++NryFbZP9Yp3y/Nz93DCefI/Sc+KMUUuEdO9MIQ96NC29qEOC7pVwKdDqe+1y9j7vHIgvqLGzzIHoZyslEfQAacqsDvegTbU1WV0whvVeXQq48hIJHlNaTal7jZkfCNYblZleYw4Ok/wqC9OEuHy4w7zizo+eTsRucmoLR2fFs6C1c8iQLI8Ehacqst3jKKROur8bUOauT1HyI73KT0iCRryqhWJNG7JNcNdxEcvmTGjbAdeNJmKIKTNjXk2EojPqAG1PyJKF+pFZpOzmZ8uiO4MlrlBdcXbPGj+3Ypo0dsrn7Q+mYfj/qBpaNPAk84pXZUZi4MuFsYfJfSHnWAD2f85JF9FSVVuC9wUtA+ElChyGQKE32vHu8Hw8K0tfSJgo5+G0EUy89iZRu4lbb6RI7GW4NN3YN1xXg/XbHCBH4s511nyQKseSh8sTBi1SYOcHhxeEA4B7pBHJOlbLPGwNTeA7xBbm9MKPe0yPs5YAEh9mDk9XNG4eUjjUIRaDcOvKTrbxEtdxZRsFnMg1zHX9WO4ajkfHCApUB8WlnN+i7vc10UTSO02Qdv6iwpa8fYD70da0P3RWPBiaFEgJ1+rlheKcmYMrrwdJ26Aaj+We5HOs77PdhoTobEbQeiUewZz8qaP16F+i6prrcnPRLYZ+gJ7+CZlXS0qGp22Hf88jxYq6+F9KPWt0iJRGU1+BS/zPmLGgPuUancsDCyqzKPUTXmICSKJ1NqztZ7/gBfE9TmaVbjqvFMJom7Tt6+6pVJf1xHZMSMBxGROCNJDarlJeB32rdVxlH3OIpxWgy2DtQl72hsNGe9qDW1yL5c2NlXQoIQHnqwOGukfAQe+UCz3wVzugrCgsrlQxIgv40UpahIDwJ6pgn2VOcbqIx3zYQQeFXdnYHZa59BFtdDtEAPKTSaxP0MxS+8IiMyCOu7vqrfseAb+kJKcZGtr5l3msScD4P9sNWRSaiRJadz6ehRenErV5Acf5We9AsttJHYPmHeFI3VBQ33dI+yy79QddLsZhxziSJym7uV6FAw/FYEPdhU9+21XseDZ4bUiBUXFNiXJ5h1NNZ7jYXtuWnCa5D89rM9pWOuV756ycRhYBe/T1KTeu2pMUO8hTrbgbXcnMarqjulUO8GbU7qo4H2Q7jllbriO7rGKVE8O8VxdNoVy4BRVRnkAdkLklUzZEYNs45cTQd8LcfeAmD9nxCiTCVNzzjlehrUWP6xPi4v5Sq9mne8FK28VDis6/pXgPnQ40+dKBcuC46CLtjY1WiFZQkyiWUWP83VSXtCgdmVGS90RKlrZEt2DjJWCL9JPeqQ9b6jwm73uQ52o1NNouLwrdRWf2lrIWhgLSAO2tFXEiDnG7RIInRrJjbDIYbTUAeey22/TmteiGg1R6dSzn1FKebrGFferyuuvkD3DB3l9PKr9dyZq8ncA6E8HChVNnCo9LC2gOen3zij41HD3Dft3tC3o5IE5LX8Ov3M4Zgfz/ojv2cH9sstMpZF2IUFRcWgGQX2mCG4Nzl+AIJnI3DaWlOhV3fHPuc3S8Dtc0iE8LreiwwTwVv8InirouAaS+zeXL3r9uZl25YeE3s/mG5VfhbSJ4hkzOymMfWbGRdPQJE0R4n0fLN5tCLpiPEq3djJHldB+Npc08/oWQ//2hH8+VOA8YZopD6w0fOaOm3zQ4wxNCMtx3pgYcPK7HGrmK7c18sUfJFNh0YuqybUwKzMpX71OpsQhMwO18rSjyuF51Iwyzx86hGjZFAi9QJOZZrG7Yx+1cxGUEfrzGW3juxWPQ4P/RuR8Q0Yv9w59zqV0e/TNkh/+379P9shb9tCdg8Bm8/Jk3BWFinYT09ZUH9B+ASX2AAtmxjvLkOU77tHtNZksZfoU2rlHUwd5RbokiJdzd8aTHA3mFWye4A7XVqebsAluoBmhmHpDpeNLZ47JWXDzDYZNyCDY6gyh0cMWO77laNSk0to62y0qSsECEgb1VXxl96HyZF0WvXIi3D1Ex6OgTFT1ig6jew0xKlME4kcoZBjKFWo3Uhw1s5m834f6oqoPIrtwH4GN3WJkiKqLpN7wTz7PXR/bfAfkAC0B4bJjvKZ/nZeUNz7q+MzDsj2h+TxntecsON+96ybE8WLPihY+eXI1P8zg/DxTawZ5tFO/gua2e6lZbfueD1MQV+UgUCbLOPFDDp8ks40HK/Ivk2BPWv9yUuTMfNN+YX7HODO8wW0rhSJLvO6ASHwAFNX20H2WK9e7/Aose32RwllAs8bfbTCKouQVFOHva/fZuTYf8+Ti54vmNHdULJ5rXcbiXMu7NbOG+Nkl28NVgXNde/HUuVxar+Onv+d8O4uoN/wfk+96cGBnnX0QUw2XIAUAgaQ9NzAQUjsnwb5TZ8fCXKqtesIs3RR+FUE4MYa4HipgX60NTMsjhGC0bMCchqkkPBNkuce3Srad/0JM9uOHa5umh+pZcPdrG8D0uM8nzpBOys+vfhF/GHk+eRnlCvgICYlTHk18r6ynDfPIcBA/qkas9qeopyLSMMNHSUnznQ41T/IhX9YsmOJ+kAB6x/C0qlRbachvOuLGs+vnDB8IHk5pW/vCIqjDh24V+wR06L8NsS9U+uRK5eZ3L9Xk2isJ70eh5q+J33tzhYP3E7y+rZREf9UgF5KyUMDE5fZfeNyT+mNKUM/XW510RiO0MRm4LDdaP0ZJ4Kc+O1tpuhxvwlr9bIN8FcFwSJbdVOqvIyTZjlUPCsMuSC6eyV0C9wufSTvl6oVlAw4tcH4z6dnYCfUO0lRHmmDHwdIonp5HXSGSnqL0CQsuN7pXcnNwgqsgBDAEMK05iyMp07vHPmEF2D8DkZRQziYGmh6wWfCiUDKLSulKi3pxgqgwg87516mX/CB/fdE7nk92RKq7hD3M5Z83yw0oNXHMLiVTKVagLVHF7bK/qs6SU5GNgjyS4gu0Jm2ln9kwpxKbCRHUWHF6vhP0eS5yvW9llCdkG3EpTXLSgPni7mI8Us/kG3NCgf2th6koBMLqVG62LRB2Ryoh47QhHPDni5ial1fNizHqV6/D4b1cMbAprol1N3ZKvC5hJpjDQS0RqNzs8hwD3X0JaMug6NfIE6B8xMbbfccUK22nvI/jb8RYsHN4AMuFRwdN6/Gu4YhuSV8IMLxa3hDKIYUHEKR3JtHToPM8nBH9W/KRWJKt4IPBHn5bacdkfEiqhgIGhdG83c1MUWnEM7LTXoHPStEQX4IJgm+Vrq+Rw+2tfsA/yrVp4h6QqlSi3nGX4gXA8RYXrQH0iTLGnSXFjGwiw7UQZ1SDHRaHQcAVconC2HaQnAE5yRMfQRmqJdS6wglqoqyOU1Tqm1l0IhSOK8BDfWz/tD/+xj8V7S8PoHUKnfDL6/tTnQ7uk8YqWZhft+iXdeonoYebavXDVfeStpOmicy61y9H6XpERRbxCPFDa9LLYgQijBkqnwR0LjXVAYqTuhvvnVP528zHgHBO3bANFy/DdRoiExNTMs9K2Y2S9q6UrG0BpK1VB0UKVFqmnPTnMqESoGuBlsNiUUXinehU8H4H2EXW1N2xjKCUr3a5iwK2KAcTQtU/Gv3M6JgVBklrHOpgHafJhVCBnvpWGZ4TfgAodWNOyasxfEFEolWfDq8sbdeXX6mzABKSzBQl6qCztTfqIDgwClqvfScBah9wR4CuS4JytALXSdhytPXVEvSBN2fvDxo03+40h/RLCn/71LURu7rFf9RFTXOdbnbeuOF6ojqoHTNsmRuxnSM4OUi/Ya2AhpELGd5c9sZbFT4qqp9PCkWT0fUwP9NBfW4Gl3fnDL1exwADIztBoeVyBXZIAyQbFZc+47rvZemNHluocu/wgA5l7XTVhjHnNSue+an287wI9blFtBhcaZLN/fVCuk7ccc3eMZF2fbDacj0PGdzKtO4OSKHj4QD9DPmGtWpdlkGtdUtG8YHbjNtS0iyBPDu0bTraQx6VzgmgHzMTH4+4s8lgE1PTUmDbVYJ2sR5vqfxkRvU5B4Pwt2sWk/iGRXyesKIWfUZMl26mpYQtd6KZwMAjOiQ91kvtDaV080dYiOKsVSSmEdkvh63EuB43gluTMbT5ktPV7YkPEUQy1g1+NORmc592Hw3WPIaFkU49Vkq7GQA8lgBzljW0JA2HYp19jnWkC/jvG/zA08xtE5k2T9AIAjduiW8/jW8NHMI+SD+eIz7ZEi5of+2vHqy2erKRNEFHE9mXi1ecDjI015IM04VzHO6zqEQhZuUzjpiAAuUyXqG2uHeGfEaN/ivkwzUEqv3QeNTxWMzM+pOO8cBwO2wxyRAkRS6G8SRyi78z2leFjVR0XAotDymT8mcsbguf4i6CHZb/2CSzy12yV8KnnWc7R/yrqZ3QgvyjJaBr24mcJYHXlJmi6bSxim3V09WRc1wvJGzWFQA8ZXqRdsO5mcqFfbVUhfjwo8paJ2dZB0AZvNQaYCmc7qL1T1tJEZlpbB5GJP4AwfKDWh6AqNGbrmy5L2/6zZb9N2g7AC4so/uc+Nq63q+PfklpP0EKawVInNhTyvVUAu+esOqN9c2HsjHQfxdABR2CnGqZFyl6eUxlvhUsk/+PjwyjXKkDqLCXxhhwIggYG8fpLnUW6oD9aPpCDIJdv2ELsNg53vPFei+XExuKiENKRy/dMKwA6KczYes0vBy8h4NXKQN/1b/cE2tKoUn++IsifeMaBlLOjwFkWQPkWQwLaeNdflWD5uCSCH53pJ4cHmoDeu/9uXfAgFJlQo81TLtJgk9WPoIulSl37SiixJr9kyNtDpVmJjubJ/BgGmLIChqWiz3v8/cEhYAF+Q576rR4+u771hHTj/EhxCi7GueFqoW7nPYmfCA+NGVyv87rcrkSbwLKUqBOYXJep2H/rcIFs+Al880ZBNjCbVQTGGbIAB/JzKYZM19fYqzsn2nw/87/tG7vjzhwd7nCcXRSBXH3ZSjfqq7Z0syKVNZwGiEUM7Q7NL3XfJCyxiU0ZvoqYEPZ0neXsHDpbusRoA4K3wnLeu4DXXTNKkR4aJYq+UA8bg+S9Aygcn0DcR25I6qF/I+K9P3pliNEVAxVF0Co4Yqq1if9Oko2g8aZHCR5AkqrCDXw2UGpwFtPKLopQTGGwZADWgiXsIcQ2BB/Cop/H/5MIXQfQ0S0qUcxmfLYECpxHlVhylhA8W+vtqd5Zyuo8i7m96TFVHcExCZFXiWJlv7Hbx7qiCKQSHQTC5Mm/RRnUQi27kkd6s+enAXQ+oo0utclLSrVreIaewoRePpOM0/s31Lq8obqyxqViDlX8A6OSnSsbEpOhsdxfl6/C6PGnLc9d0Qeb1bF/ivefwRS7YnI5csOyo17M+cBALYAAHsXhIh2MQMsW0exidxQl+islNM/1QKubNF+l29vBQ1GEkoNY4NCVZD472+9IWg54ZtzdZRHbvRLbbVYaJiCnjBsPP6ry8InwOzXkC2OgrpUFdqmlSvIZMUg/Mfrtbk3BXvaqKUtZq880HhCCkRIPBeUovG+z7rui7CBExwfMz0H/ZqY1rHpRRYuPPIU03ZPNA1xKnIUDmM8JtdsWaPLz/jnxwzSF54xcI45idotJmsCZoP6RPTuKqhNPaUTReBx66GwPMmXk4SXHXREFmsnJoUhttVUJyIr9VC49fUURuHz7BugRmhavOXVqejcOTjg0XAOal5xgCDJkUss0zPoiHzSfBsoowOSN37mrmy4b756mKSI7eGT7FLqRpFpoibQATK2EmCZm4rPd6/xTAsWogZqWzvofDd1nMhxHWlA1g7Rcn01QB1GJGdvxlE1HZ9AsLsCm+6DLUFjdSOveIowmBZDFDKPuZ0s3VkfSgbTGJ4R+oFc1TvOMzJk4F73aQIVRtPKWtn6mDiQPUAueFoX6/cg7egKIGXrvTkqofVrXkym2cAbwcLIXH2KUCTM0qDWgNiuH9MS/AAALta+HKkt1DSAUyDN5SJenJ4+Y7SxObj0VYNOaqUdMslSW9R8lCkFu6orpwR0/waVqVn624BYR+rnqZEMk3B6Cy+Rh7+QAqG1k94xeHPDvmfcESP8mR7L3+vlhx7rMMwpUaQspHwUZEJ6jOIrluH2n7QW11ccNwDj7JtDhBC0jRcDsqSe0nv/+87jh0N/UddD1wcCOuJsWMh5okq4Ty/h36gT38B7XS+Qp4wZ9e1uDX4YFeLPdo4RyIpcAVublFxACPaMeKd7ORcWJ+gwaSR3d2gXSrpdLU6HHXoqAo3tVLWQTJyeZXwlspdsvDEfVGAgyrzQSyjb+bb/BL4niqep/rX/xN+uAz7Dmq/RTy6jQMhV5CvAGJnMwt746DVKkvEbVz62xsEoD6OQTPvk/5TC0RUoGrA25ZbBgJvaREPlkA/oSFASxRyxP+eQv9NhLFQh+nbBpO9y1H978TiibDpKiIStwMtwVN8shb8uY0Gdi+IF/uHSm0Y06oE8HG+9gWkjIa4iEx4KmaZbnhAF7FEWhbSJj4KwGmE2VmX0GMV1bhEiZx9/NchaCnsTC4fFFu1UBpL7AE6rIxvbHCXqI/cBZWSTg+DXhgl+wSuMYylGnk8+SOoJs/r5kG+0r6XwdlopOFG4j5O+Tv0kr9WW4a81PT+dSK9Q6SWSIblsPQV9XAxXRO+3FDBCDK6wNqm1TJ83jK9LSvSXnlseHPTc/cXKsg4TBOcQCIEOQFxnzBBl/cUjbcVc46Kj5bMrIIoEX/mVx1QS6sNwQcrvpjGU3QRxggrWfrnP9SKXd6R0LMZOxNce608pOS/gFrsQFkBymV5K2MqhhZO2+mcbKYH181TpRvzvHjE3+Hh86JEYyEndFDXipfe3sTPNutTJVEgwJR40hsQ5d6ijI5bttffGUwHcz7pCdGNWFeKr9ThLg4AeR/9Ki4WH5WovkxPpMyIHaP2KtfA20jdBkklwdrqQ5Y30o8WPoI59ErpGd7/5C14V48z4kIKw0Pnfupa9WN/D5LahpUuyRTzVPu2Z13Kf9Bxnf0dSf/cI+kXlmOwSkXaHwvjUpnJ47qVEXEBXCsybScKrN2V71oQC71S39rLspBPBbN/GB09uUam3Vad6CRtVuXhjv53srzxe/njKFZO0S9xs00pfvHESqoI5JvTIilo7kxuJpkYb0F5dUtQAKDZN4R0lCeVyBONoioihXqRDpdFiUTDJAxc6lxN6pr8IqOurWzp3FNhhUWoVI6GBKETB/rqe4KAG+DoyvQCv3fNIQVkgxkUrn6ZQgiMkBjhO/QOsxaGCsxWg+O3MubDazBLTF9pqsxhzcVu/cZrwg44ZVQl/Epg6qOh3Xjjnh7FAv/vKYF6P+LVd4z0Pe2NTjij2+czwILEhmtrX58rBO4+5wAACLuJw2kq4lp2EWsZvDXp6ETRxEXHrB/qPUWyhMwJ3TEpU2MUVAWm8lzsWAf7sDqDZYy9SpzuY2yncZb3wGjTUtDEajtkIGsXhCN592pnjhYL3zBHQDbZibnunY12QR4IRB3N+PRxmYeaua7iSIxBTdV1CfZ09YbojiX36mubjOJccQEVOdSp4hcwU3xVy1Z8z8DoQEWhpkEfmqqU3eW7sfGmtqvgM1syURU/omWkUcDdHtfK4HIPmfuZUyj9wVRljeUXdSRY29WTi+btoN77nbuUZVaKoPwfN3DdsU1n67cLCIvWaIJ5kdce+Y6xKzDrDniKxZ/R4bGxWqddxnNiN4e0VwUK2x3yrmfKbULV+0k2h5S2eprUzbjL7zSTj5GBDvE5wbetVIM6zyVdExVD5JeIPCkvfC6ZrByQfVIvPSTWk6BRlZnUnZhlE/6LTFdH8bGL+DX2168I8/ut4r2FCCPwYdLg3FrMQMXfFwS+lgZYDfHRwgrFmv7+7ICFKWlbH+WYF9LH3D3/ixjLpocHXCSgwvcoyIxEGxNQXtaDsiB1TMxA5M6sqjrbuOl/ie9jGsChrLMf75AkoIXp4qOH+2sOMAqADgL/gvpq+R0Ky4dQ9Vg+UEyBAc30fzIYxYNbTQ7ocUWWEhaBroWzcPKkFJ5CD37tuVShR3P93WyV9WFjBNXtHv5i89hJm3LnwEB2vGMnP0jfqJWPF4tH8dBYi0cwtici852IcgTnDveMioC6mGprIsfbfY2w++i4vxUzZfdWuOyH85muwaMQ2G7bMRSQdn4yQ3TooEX1kIfjVPQzU/EL83P2itplyp8OANFglvNgLY4Lp/QgLYO3ntGulww/Jn1N+RP/xQxCnQRc2t/YURrHT03QjVy5tkrat65qVtb/13qpHR7fQ2Gd76vJ9EXLt9y7ihv7pWwli1Nv+Hug9SROyj5jidzu6DTqlcEz4Rgz8nEeF8RbTmCQv6yhrfhNtAAfOjEZPVLqkpNuJG8mTDOLKXTgDm8yC+g2MPiYGgyr8FJHvuvxwNH2Ow/cd+CL4T+RDSvRFA/5XVTYKQJcNZQZeik3bikeOBU6ShoXG00nay6qc+iYvNwP3Ao5KwtGzIh18T+XjjrmqOmeOYh7gOA4aSY+5QjSK6WtY4o3SGb0zlrggTw9904HXAVmx4fZ3K8mXDS4fDTANx+T24a4/48MNNxcaSKkTncgXtB5zA+FTDeyOKpY5yWrfA2NC995a2V0el8CkZhmfBxNsa9ZA3Zr5GuqW9TBRI0BqelX247oCn82je3dWjokPK1NSjaMje7xwIrR5OFiHHzyvS3sXnDaC7Ae+yXV+wdU/tb1BRmai5kDC72qnG+KuKuLefBo/OcCYd186zOmPSLwyWSBZ76R+7dm72DEkWVQDWov1MsKaB5BWh+gOVyK/9fgI9ieLaUYIq/Gj8m71hNbmtFmwpbppNjBtEeWPvpw62/prsNg1Ld2NenhddT9PatoOYURu5HOfLEea2Y5Unavt7yqrUE84zDEyTp7iBBizxVyf3sRIT8uUYgLyEcbLCi9RXT1yCk/A3eQu1wHtAka9p3g/krGr0i3ved8B0z4OVDTOPBIRTkUX13RAvUTm2rbM8pi3tJNu3GgNB9IaOk9iTTHs83H2gWuAk0K2gnySy8JvzF8olO01GuIEGwxgRkBcOpZQBXk8K2nhciqINvHnWm7sqpZY5wHSyDrmDJZja1pK4IdV2r/0zkWdNmv28CXxi5MDIlQE8OLoFzAmslO3kYuCWGAbHeqOW7XXqNEF425aaRmAkrqLRlh1xWhUA25HLGRQ3ouUDl666+4Pbm/cSID86//E+J6EDU9EaWNaQLKI5RUW0onbIKTfUmHp6UrgQmxnI8lDHbz3tdTQRJ0Olbsc/mcMhYmHSZ9L52y1VJ/faW1GfC2xkK69uWNoOMI8yiBs06a+prg9Kt2KKwn+dlNbps8oqzXcFKsjztghEZpHapigQBAD66m3jiOgXAXUg6Z35KCVHMi0EpX7NG7muDEJIHUTYoDdZM+1s/grsGb1JWW2w8dd7q6FRonCkHSAbAs20+heT/SOmykDqlkYLitFPt3NjdGDI/Xx52WAuJ7OddzWBdkXi3OCzfAiWYphoU5x+ucnCGUt06GQh3dbC1kw9EmCErhTQZ53qZBmnVXB6ngRpAmYnnyzeBjzwzhpawZFDepEkNw8qeVwoVY4sDodKUIR/Rzz9TjoOYWzzDR1u9M9fBNGqysCT6aRui6SLX+BoDrg4f/5cKamzVqs3/GrfYE/5x7GrnF3bXqNVK2ycXyAvaPtN6OUPtEIGrSj4CyeVfOA7HFpr5o7dhcOT5+Tl+6L2qjFnUYvS151wYhtlOOafZRU15VOOTfgNlAVP2eOpmx/Yj6i8LQ5bpRHEDpRDLZF8vr2OW7o97pD7n+lDTJh6Y7O40Srx013WYY8Hjl5bI+gMyz4u0/I97HeoP/S3iysbiZusBatTJnOFuJzS34+heQDAgPxB0VLhtZm/+jxV9WGSGgdbmmpmM/wNaNs7ilBypL3QFbmWR6dtYzkmcVFU36XB7GelSDqpUyBA442l3PIVYGNHHEwDTMqp188pcUoHi3+XSO4CozGyvqyszqJy1j0D1G2mrR0FpqjVbh4rXZ5bf3DYMN0nD33fmKRh4Ft0SxH2JT/laOH/A/QFx/j7AMsI0pou709yxGVED0r5UGgBNE01R+6rrvikpSLR+j21xV2NmgtglLqR8L2jyi1k866UvCMXHJ8YrAlrqaAVdoVuUXUsdAcHKoIqDvGwOm3/AcekzTJKcpYT8jV6cdJcCNRxhbmabniKYMf/E+ne26tSxAbGt3+R1oRbWb1DcxWfXdn/Ol5HaQMMLzCH+iHlEYePJHgpcheYjoCntHn6Dt8TltsKnLyPgmMtStEaqYLZdCOYOh8gliNPZxZF7p/ZJ+hqDKGh/pXJig+CaphKGhAKN3hJs8RUgAL4PTSB9pbUq1d+rceFrInwkzWWjjBaTH8vFrAwA3PViLTH+41u4veJ2W9+hZ4yI3IxzLGTB1+APFzP/NZD1Ges3rqI+tY8XyHLU96Shio89qz2a0wUVmnVT4pP8Oe+i8BYe+yfeg9DSHarhh1jqLwR4/SDfjj39zMUqDiH0MQRKeaLdbFgAhHzsSfQsGz0aF+0libeaBf+mjNnTVlzJLhU6rgmpg1yZozkF69SnMzb/pW57YXyB3Y6iC43yLQpr+iTsrLZpU0RVn7rd5dXzGEaGYyG9fsvNv+MsN7C9kysgdwJOi+3FCTIcJ3cMFOjVaegqO4XxNAwKJobvbCvTVJ4RVSjU74/THFr3uKFaFG79qeKqYyY8jqYxLBRA92U3vRtLJhss28C8TczXkQQSFfX91wv/gqotpF3tVRrcU2FLeyCnTbU3PXX0N6lV7mHtSNTGdYbDLAcwrRsAfMIALyuY4J4hqA928X1r+hDKjhba5O8v5OysnXlq2FoLVl/15Tyk4ZYFX67unNU7F/YbDIpyXRLKfoo6GOuVwxB+aHpUlettCj1vjol8YffFWXxEJHX1w8dde/GBnPaJU5/jnSuFfceBJXcttm9wK+RbuwPdPxyAd2yMWVbO6uuzHsGOKbt+c8AMq0L1/bcfLXD1REojyyQaewIlx0pSRjf3/ARy4JO7rjwmD5/W5agV1m1jpXNUy+ZbbMIlUyQUSVlvA0rFg2qM8cVqN2QCkmnTpdfM83vrTpK5bDYmd0tVau6/pD9l5tuqJiqT5v5WTwR/uEhz1wnlP0lbmWCCYvdhj2Aja/mgCI6QihA8cBOzasGxef5vtHOc/PPDbGPg4uW0b94QanZRjxlGeUBT9t2uaRCDFXoAswVrBXsIPfIAs+pwGn2tRT29rNONIxx6RLWn+ML7n4kp6VU9k9M8O+hs4groQ3rrdWWFbw6s0J38ea0aNhiLy/B/KZVDa8Apj53feqTq+QkBVlsIxdVzgvrqFUb2VPqm5WthGk1WIY2ekKNlXONdb2mda3zpI3f4GJ7ieTX1NGcvCa2GWdQWgk7D3sCv+xdcZcfYPysdkoYd0R+jx1zulcq8RrtA5zBDruZWKCPR0pIBOs7lKAVAxrtqwCyB0qDf+4w6arN+NUrxqltFzBLi9AHZhmefcNK8VogLnvXDTpa0kwDZGYUrvWyEQ19ivZN49mWnRXmUrTxzQpu68IKEA5b0+YhiL6OYreEGF9Ye8+4Mo0bZQjvS4iC9666HEp/lzotX/veYFOtUFp7xcjYdoPgOyhZtIGvq5SsuZwqUyI/S2llrnzJeL+FiA2AKY1SDjmQYetIxMVHzdLoWug3ASr9wN9AV1p7XEH9h1gvUvLVCpN5BGuCMPB4eDuKSzDCdWbXaR6B5W/xGX+YAqKClSjIu2WQx9++/8luI7BU5PrdyYdujnOn1HSYjn0JPcvRMeCVDMKggvY0HaeQDbIexlxfOUKfOyQA3cL4hervjd4BmTYiHJIMyJABHSfJftLpoc+cfBWLvMDwpInVwgacpRfK//owyEAk12+0wY/wjOfxVFv9NAKeHNyO5bFgJ/G35opqjg3KK2Xm+ikB6S8QsymyOkeH4wvujmkcVjI+3in66Wbmn6ucJofTSib7dt2uEAPx9H/Xfijlwj1bCk5lc17ztaACoRAN9YdKn6VwCpaqJtuVZo/IxOifAbS+E/2gAyRqHQXAHfYOvAR5Hd09rJoQ7bdNJqlSNybOWCypYTBKSXPoy2wqn2N6K4BCNunah8TurY4voTU0CdvFW1Jv1Ya8S5mSgaZCVVa1xUv5iPk2s6taho8uIBGnVSG5/ZYziAQt682g5duHdJTSC75Ur2+ZunpabreM6KSpRUXLFXgHnGhob9/35w6IQiZgdwCjwWosdicMidU5rfxvQvQYPAtiGvGBw8nShxp94olMGbagSTsS6f9ml/U2IJfICOj50JEZ1sxWK57rGXC0kNAsHyvofwXHNK3brAB2PCM3pLPea5hGeRjd48muIkzXarloaprrVut3EPpf7ZpHhSSq6NGLg07X74o6qNrRT1pGbbqgOkDh2Y8KSh5ABrJkBCTcdGLKkgwsgC7tZySz6yYlcUC93B3nsb9RYGRdbjpXyFWqt6dv8T1mDheeCI6pLR1a9qhIFt4+f8pEkzfingWMg75yx8rhl4ugPreYmJTvFssaV2QexEjIKbEnf9wOPGpTsJxbjRf93j6DcKxrJ86P2DgCtsl+6Wz0ii/2b1VJE4QsHH1vDO5/zivPawc562YeQFFOIUhYmUEsRkKLIdQycCQ0j6/mXfLQAaGROuBlwyOuTyIOp1E9wUhpsEZn45QleVVCHNLt93lHY1+8KOCZ4PeFpB46iYtskoaJpGeY5+vL9ctJ/W5toRYVJSaUjoiQk/l3ha6yQTyUistkyNqjqSJ6lX2yYyApELDDTV6tnn61hwtiPh1wK2YkkH029NmeCb0tzQHlPbGk3cxGXnnX0EnX++NBvaSDXwgbLoxIr/AHDSbx7SugQ+WT3uT4XO6Hk58mwhVrt8FJSdwpY3uBltztH8upGBoSMvFazvre19eL7rwg50q0/5C4zOOUoUaTkZSnU1IsXT/KxGHgOGuf2qoz+YfRaKu5phtdSIgb5ITnqNezdJytW6ZA/5SQAwfs5ufKycqDqc/G36+PIvzgHp2NITU7X/CbS6UjilSxSXzm+x/ihyPrCndd/WLrVJvz95tLPJxsvAnxI7KodpIzuTBU/PzjuIopkcOrpXJyYGxm+0WIv/MJhhY0bKWFFGyk+zBUAgD2XAAK9BPyti/1ENEoRLjtJoFP1zgAEL65Bhp9ZDaNgFHXDGbEFU7Ma4a+gH8Qe7n2yWQk9BR+AtVbDpo9vAk7LigdY6khyWRi9imEjYm4T0zow59zIf5gBDbNiEkXhuHLjkRj51vbRuNHT3atBMq9IQFk4+1MsRQec5LlYZEoMTm3EofO9F0Pmq1wtr5k+Xpag/TtJBMVqtuoafC2A5N4Nu99Mg+3BoGbA0UAi+6HAB3jTjDjE0W9z+SIDvxfGuvJkw+yA+ECwBF8gaQa1giYHWTlt8OaBJYUMXJns60oAZSqjG2sZnXeVMZR+dZxoP8mZKNxtQW1vgr9GP2i954q/muO8qDX1h8+qrSvJv9/u+SWMWjg/cxeJClFGLA5zMDSQK8Vg2C3SW48gfC+apI3NsxmvYOQtvVKScdasKzvr0wQR2BkAJFU0snmzks2HAzK8NrXDicFJTkuu9eKFTTkxBm+LXJ9JDd6w9rVllrJv7F0PtyzzK1U8inCFnZEWQjW3RJXg25eBUtgRJxtQfwYLlQoTiqKaOlscBIcDJzX8MES9aVLEj0Gz/FTCT9WqzfeihYCfdt3NuxoWp6TZzl8SS8huTCyMPb/UNMfv8Hp19dzeeem7yCTLE3P1f9QHdKzTKM8PMKPYv+tatMSgaMFjyrdaBZVEdY1l+1bWbW2eIpCdH0vSpAbx8q8avsG5xz9aRxr501Z9M/qkdi8D5aivblT2KinmIdowzZMRXdqjwlqoLfOPs+FKaBVk9Jw7RZ7GlaQasIS+yLFX1T5R3PnarDxCxxz4uVyo/bHRvr9s3lXehOmfBTTgpBzCEoJt235JZCw35rqdk26/1R3gKP4lNqlu+fhjDMYNn+JlAMNBewmSfDY3Yn4fgxqfiiiAKmeakM5J4wTK8iBPQnUL4vIzl07rjcT0VBR9ck5XzOpOJF93mMGohpJjenlKiEE+dIO3lkqqfQ5N5WuHIKAWmd67PGBYTnXU47n2njbtnGZ5Ldz4gPqXppole5yRZAfRroYsvr8vIAklBomXKjI2gsXdm9IbTAkodxaufif6ZLoOAvjsqekDEPFY0conIr5JHOYDMkZWTIQKtSXJeDA6LwQsynAEI5+sJspAKiPZcJrpMeiw9uvjMd06kvEzJVpHCQicvt6Z4zIYcotqCmcgZQioKIKSVC4LzbQcvKB9MVaGoWmddHKmFl9/Zkf5sXtH6/hxQ1WBxig5lm8y5i0CinFppwqWpCJ9jmUOhqEXEz3O6ZSkj3qb29yTWTXqeFuWV9YgW6Bi9ctOC8xA3H5fUO0pFC7lO8cqOpHfx+ds9gMmRFBW8pc/+17OUAa/aSie4CYuRAeuKR1LTwItsG0uXBSg0gjdJnO8QlLv19Bmk5p8OoD7UIafa6LqSOd5OM3cRGgqeJlNRA1ZKAVdvWFx0TqZMRgv2zqc3IJL6yfjg/mflrEy03elaE9yUrlxJATsBV9POgUS9nTGXa7myzsuX4QrPe653DH1cCCNDPhwu257e9AnCc4XXq+BMXeLiL3Mc1qOqFYz1FR73r14x3Nnkq3iuutY7YAaGg/6fQXo9MZ1DCpPsuZCKrMhE9c5d3KlJNAN+vMQ9uOmE/Z+g4p0pRw1FYbqCaL9T40Y4bYwh1BGLrvDFQ2VSNBs4fWI+PIElIux1USq6hJnJ1LhMJDWXjJ75k6G0+58c380t+FNx72hbl8vabyFstt8c53OOFN/OKWb+sioTOCYetGdcNjOxAjwf3ZmrVa43Tlt8pKh5E75ZdmneFLZ5daRtlTT0AeyQOzA+92IOfEvNY/PfUtbkusCphn+Lo/w7u6yYap6LYdX4pZbuconnmAgD8oDn9myK9GWxgIM4lsBnSe+9nziZ2sQPFGTGTXWQZH4nvhujeGgVQdBG2Qd/UcFOVwxDfFw8KIWe0provngl5DvOnGd5tbjFyi2TbmCiHQAMYNN4DdMEo5PiPD9nuBNg11yc05MU9PgtIUQAwgfjYkojj1b012yCt9vMdXrUUgqCx1sXAWUue3E095oVYe0Z7xvOT9PrV/W0BAT3IXTEoUmlqJimL0HHlNd3YbCZT59VgRworjhUvlO1WX6g8mqdBKzASKAptQLCUY4z1s1x2oqE+6K5oIg1vTRsPNf/hQkMia8KdmOUekJlP3nHetpB6zKrQMPOFv5kt/JXVmP52/w0zFSwu4Lv5XAko2KwWpTMCVYXI6D30mO50VHORDefGlWQAHvUkgazo/S78YMzvqA1EuEXwwz9P1eFfcbX3Np1/ABpIlH4czZPyt0EbrTqVM/2TonrJKQL6QXOUdCIZN70VJVZP++e8ANBuW3IwUhDdzr6G5PG97uKhrNEasCmi0jLzlGD0I3p4sutl1vkNNsntbFHBWLN0y1Hlx3AdFOGOliILwbyOw9PTqXKcg84GYAZkQJrw7X8ajtLP0cqa1V9q33crc+EEMkWX1Jq7vliu3brKym3Hj7vMy1/4vUCe+RrVIardgVPi7y9i+0s8r9Pd863EGlW6Go20vk1eMOW+IWdqGuad3jLMp05nLNPUdZ/7smLwmo8doGbMJPF7XQECqC7br0WC0MlLqqUDv06OfRIoExRBHiOuAwavD0lGrET5fDQHZe4hoAHRSDzE4e7mW38vuJkOrENMBFjkEi5/99RQqruDVyz1NIBhR0jUVCJA4qiVo8+FisSBLk6XPDeNyxDI52Dph0ZjE0S3sACdc0MYUJm0dvnBKUHWEhjFXU8l1iroWrIo+31XwIfOJERIVCYoUyHHhwjaSazn7nEa4IWIeUfSBQzVSaGVh9UBMH9SpRALy2Twl7rDrf09lgk3IxG1lAtdNX1q2VXh4IxIImf70zq4d99bE3xZ0wZP8rfjFzRK3QL3U8aCdmW9NxVDHXV4lIqZWpmmwHeR7dtXoE4sI/3QVayinApTRytUKB9DbtUA0hXUTtOjEFxVSIaaLVNs1/l77HMTBXQFSX0kSZcDJ70DH+VA7uvv25sa/Atx/ei3IfBcAs8UhZjICs9CduQD5/pQBoNUag3RcHiHpDntYzG+Y5htlvyZ2HoYHi6VE4QI9qkeQdwRRstRIsmxTAFL+NpNfowO6sE8d/kjOS2qJjOJN4K6sBdBap1OCB1q4uBwvqRqqbXEg3gQ6qoGffA7sMkRuAEyH4/v52oEo+IMs0h9wnt006caSKjepqImkl3IRXzkn9ah1HmT3C7EHOFLCp5NmfhIouV7j927W8ChFaSEaYfXVkKVgTQt8yG506BHr2HgzGiHf5wjcYHJbIzCqPLwqG9QEZotagxl7LRAcrtoO3p3KOSGWgr8+2YDSp8lgP7ZBevE7PDDJrhJswS43olSYWqBnBkuUa/IM2Fvqz6DCTTc3SJzmLzjsnsS0hE01r7WttSfMYWAy39LAm9EGZgfFyTuCuR8KE03yuHaz+4oI3tIxcSoM216ZC/UixPiFD+9nrU1S/xyq7WMNUCevyGSjv/LS73fax3UjU7FdAosT6d1n8y+SkjMEQwIvKBbnetndRJFKOc8KXtnxnHjYSroa5Rn+YeqNs21UybSMSDbaNuWjcUqZYxTcTG1hNxKSr6WEXYwLRjonKLWh5l3DP6+i2TP6jXWP/7fyxYtPyP1QNwf6kfYeg5M1gfTc0V6TT0jedKvwxKKaAwU3YwPszDfis8YpcFLe70XxO0oAxA8YnBKipWh7+dZ9iLN8U70iMqo8uJG642LoW5jzbnA8aP+JGkO+k0ivZFx8QKRLo9Whz6rDJXkkG2hyXrcEfPycGGjRT7R9Oli+s+v5HH6F7G/tfiQJlvz6v1Gfwr3zFRSF1GUpg9WEjuDDyFs8fMvz5mWAZ0HwDFDTwXGVUKjcnlZTCcdsL6bCEt8QG7x5zL1b0MYBERhrXKqbq9Ji8z+1aYEE1vERnKz6vMTFdjlCA93wdhAb+8KWLHdW4onyvaM95nS59MosM5mnIM2lxJWu5t6xIYHvj3/jc4QlfEjSlsttN4vgRQ5JcNunUr2enBA1icKhYERIZKIV7WySHXpmpYi7dpR4GP8OsUdIv9OjajPVKyt5IaynoaW8Nyq0qqIk/F8gkRx6ZDxv39vcyQXWOc9tQSzSOrqx5BdcQSyLwK9HsqrIkI6nAYz8qEiNAE/cn9JLPCvId0v3emRqDJWHs+s+qeyuiexOqrLNoJnh6HWqLlxFizrk8uyDyrtcVE4aaNQ3llO8mJAV3o39y2tGjaWM/FMRyMKJIE78GZigE2HUXXkufr+uOJTeiYStZUTPufT5rgM6s57kj+a25CQiWqRXYY0nksPeoL7t8kc86q06qdKntO+s67tC+07SuGhb2qY9YTIjN4cYMuexviC4KdNs+FguGFXJzL8smhVg+fl6/jYQgeK/OnCJast/VvmFTJ7rItPmTr8Ghvd+lZu33WOj3vweKLHJCEgf+bDtlFZI+ZssGsJfk105+zb8ja4B4La8nJR64FJSn10MDY+DR7p0ekFpNHpCMvHS6/iUH+zRfDHzZSWkD3tzHR5B1GtuTPWKf8x1GJGMHkJEGzCLyq63B38xnvEm5b7t8YW4D0VeCRnc5OVlvm+mjinv9IjfXvFhPYkqfOa+LUugWNO8xYeZpI1y9+6B8qaqP2OO2V1gj3pN3l4zwT07p4gs0mxsqlREHB3jGksUZHSRBAosjBtSSMgTtLMp3tmBQYhJuvhCNyXgvzEfZFtyLQ0ld0YR1vyAs4RK4qjiKom+119LgcNsXUZtgGAllCnMWOpCXCZGyBYUIAUB0ViZ1TtCdbkDV+wR2PyFL9/FJ6HahyBE3xy1786ndjyFpp/IQyIj1/iGxxSyZFNnBDMRZdnhXWSaO4iRvKgxLpcah8kTVjDCfYmgHL7GoTcdMp1d5gF5DgBmqlIlBQOoBPO+BcE4LhuQvOODygt+idYW7V0Yq2Q1WPzWvR3VuZtl5VOByncN2UgSWCoIQaeLcGKIiDp65r1JJk+UzL9TfZqpef/joX+EEQSkQqAAZ5JIe3JkPw/h80zmQsQdD9BpIuwHojTSpAao7SfdZAL7BQ9xYNO/XGAv3+tBZahM+rAaXJltWj47nsFTYisctLbaIYdjGcRb3hc2BxyefUxTmbx3T9fSnzuNyR7yTCwKUOCCWSOLzft6jeDB3s53LtAttxQLcP65WfOclkLVkm63ULdM/bs/B1veZDzONQeZ52UDgqth+tp0QTe8rWc0FBnTEtH8pr6GfTrasRQVdTNfpPSlMLtp7Ruk4/f9+9XmzfujgTBelE65yQfacZHbgfjXha3PiphrqbB9325rFnGIrhLHu0IsGamleaWckpIazZo2+cGmPEbM4FzdlgNhZOwDhPJkserTNvncxNEN5tROM+WYONpKxSxJxg+uldw5u1cs/Jzi9Bgczw9FFuP24UYc/4kC+oYUTHrhfl/vXNYNvbf2S/DV5u0OjZ81RIukmM2Xk/jvs9APqMtA5Y9oio1Y7/p8X5ChwbBdrB7+yBTLlQjXVvr+vxrvWJQHniU2+3/ZhdkuBEyEcRKtA/kaWtjEJPe4sE8o/SlRLGIs3QEz8e12aXhF1X5qJaKM6iesX0BU/v2ZPvoJ9dldkSwrx69aj+aE4B1mB7WUI37D1Uh3SxeOVImevqpYkWbbR3uWJh/Qj9Qp0+kbB95bpame5v6ZUyBpBpIVABr18gBdTyjOe+4zfVIbEkTKLZ76VvcJkz84xqiQydIQI7prm5ntjnId+y4C4xDvrbGvYQnXYu40LTX9UNEHUxJOxPszGTBrHANfi69QyhacTCY5MGr8N7Rmy4M/77ElqZH8+qHJwUyOi7A8L8vIjg2LPxhfwvxiizurEDGVASaPaXNH2RM0GMo3v13Vdde2i4tmcyZNHMx0scHwfPiZ6NNo3X7Raag9BerktBirwYafRQ9/znj573AaxeCzCbyBnuH7SP1bHOj23zwdftnTyDfGygeGLblMJtojrHJJ82OX6BZy7uBDYirClKq56/aYqLQkzhnycAVL4cLEGLA+AfpDqtUsjQ1Lze6HE8Myn+gQBV6T8MqfYilglc6e0elz5a5jQAbH7WqC02JW9AibQ53y9ika/hwwkkW0cxijhajrgYnjR5X65Qh4n1y7aVAEdZLW85KqSb2+J9q+PcdCMnUP1/eesWi/HwsRWOKK2akq83JrqVuNFNUB2t1Ybp5QqHvHXGw3Oxx5PW01n5e3sbeG3VdKhIXEmcYPgWcPVB72wfnbexkKWhlaCakc+6YPe/j9LmanzLfBt+/9I73S+cJylzugPeogTYw5ObFImL2q4/iykmNl0hBBND0sUFysshs4AnzGLXR1GglgroWK8v35t7ZeiPkNi/8Xhv4aR6khhQasTxLuseJfum0+UGWeOaqN9P8MPquN2Q6r776cgD30yP7Bo5nlsJ2S8paZawJahif7lTiRk8yNVSwuWINhhqVcdyskWU0w7Zw/ua6e7OjkCrPEruvnqnCcsIaWUd8bHCKfE6yVn0TwRXeNcJtJWZ7oSjdRMUpo2EjfIbqFflI3uqMgjL6w9jljpvNvfizrYhbis9mKIyX1ix3/srmTL9PALdSoVqyWfDltdDUTPt0R2q7/qCeDZwlePsNqxdqd7L+HiFMpjcjvQeQgapYvMNl0TbY+epFq2HaOulyxiZLvpy3vh6n/tHNzMPlh5uCqHig0XpeN6HLjnnYO9XHlTaO5S0QgobC+1XUBVSyyOeQcuSkbkYWKHTAPo3AWSbylfKBqK0hbdsM1Oxid45Cctflt1U+P3l9fQ9wivoN5CHTjC0OnadMMc0ch83CLLM1YiVmDbXe6Tjb/tWF6wNpTmj4iRH40FKjmugtuxsyaxd39HS+9LTkYRtJxBFQegOsJsbkcn12csJNtG/X1eHAejmw9Dh61xb4134qB4lTJom50oJQC4zoxh4qUnOJPg3oSPA2d9mIBpubZryB3L8268XMJE7HaFTF07YOPkuL7SpvaRTHHbVWMDRNw1gsmFR9fOmDHgvecPtoAFsZ5BxsyVfwjTK38whH16PPRU2vagCd9NAE5e4gbUYUnMMtvtrzuqpGtBbaa2ogx/PLh8+gFxP1RmXTog4LWpCt7gjZ2jovov+EW4y2lQpPI8dAcws9DdVBuUd4Bw73NtSNT4nliktGN/Uq3JP0nkvy9IvmrH4tcSQ0GsO8dYfVmghBmr8qwI13R/VAV8pE6MB9k8/n8M83kCBWc7dzz/ltMr+FBG5R9oHgDnlbzheFZkUxeP+uBqK9ZhHPXM2FakQZYV5CbNDUsuMjRzb4R5E4QkDQTM/MSjTW/U3WnhKihNehXe2PZ23RehQdwNcD7BexQ5jPNYP9dQG95IViA8a+tAD4Zvr1PpEU55pPrblzqB9vwVchS4PkmiMvOYhzNBdmQ+v7Izp0ro91Ly+X2PDMTb163BLj6bAT1K0jw4tZC7wDuKltW6jSP579Wjxw+cGOCE33so1Dp0xqHRqnlMluviU74j0kz8KoJHDf8kTfVF2FQA7ZUV7uEOlyaa56cZmUBfeJgzv18hp6xK5PcJb0A1yJl7V4+yrL3HvhonGvCR0ufau/A6qnIT822dg3lELCZqgoTt0hSwT+wQ85uvrVOJqJIBhXEeQ3HxmW+kJtGTJdexLGBs9Z+PRQf5fhu1m4C9+Rysc4BPnDmKJycHeE4xDNS0HkO6Z/40DXnXOaMPGCOiUZx3uCd6WTcsoLylmVDBqe+TmsiayJi5k72Br+LMvlMJHyK6ogQC/uAtOUuJc3YrrBuSF9ARgn4tK73u5mgRFAZBy8BS8EG52JmUhKZ9SD0T5vO6qXaGPKOC0WZQw0nTW2tJmrPlI10xREe13yZXP02hQQ7fVST7AunC5rxX7XO2Qd+Q5JQgHramSfMLHmT+4EXS9Nru2GxETnvMon/ImQx8FBiVVnUU9cXA50YkT8Kl7X3oBw3DwGVkfNKQqS53vDLSa0N2pKYNRvy2Q63J7M4kaBY2SYDzKGh0PY83aFUxzxeso8ZkMtYzh4LWHlyrY+b2oU/nxg+sSK3t2fSQXrQ5jXehlREYvR/UsSSZ2qIrnMKV3iDpSByvM3in7IG1ZtGWkPi9d0eo40Srxa4W0Yo6sW+ZJSJhSsVXT9XDMjvA+xZw68/+h/xhrswmosR9nmQU1EfVo4cWS3w8Z8VZ7bOyDr75RnocNJ29igOExyfIeSS2kTgvXOgiuIF/j5kzsI1DkZpbbFaEIn7R2iZy5jS9mH8bKAMFMEIjzuzrqeXIZJXyn4Ham9izqTvlb9188b52dz8/Lc6KgskR/Lfu7vBLSmuLzdFFb2faMegebyJC3WrApzotN0SQhB8iE/1dhmg2PVysPfHYnf/F84C5I/MqO7QEOh4CYi+Ww7Qs112NPiHA4E+fbefmVcrkXrtHAB2OI+NDZ4JhmuaoRcfJCRw4wx+BSSfHFvjwfkAYV212t0DleHyNQTHyKtrG4CoUshQe0C2E5cPGDKUlAv9yFn7h7Q/L5lJXJ5uwu5rhCcg5YMxuEEV+9JisYA6W+Vk6w6tT9mMorF1goQccf9U7yOLaaWL6EZhCWC0G1+Q3DQoBUGH80G6fZklkLWJvAPQ1Ud3hHnTx5BGimaTsYHrO6MHnurl8thtLiWo7D7i8Wqv9mDtf+QKY9VOvsXC9yFoCiIPJa3aScE18778eCIlbOWEWec9tHiJxlFvzK3k9V2e1AUq7h/X0v1HrbbpO3KGuY8EeWd/EPs4nHXEBmbfCmfL2NtyQKTzSUAkgjlG3SK22mdBUvhaMesNr1mk0ar01uXoES0EHzp9GpLpO+jAPrYDP2ZbRZHmu3pi/vfu+hPnnSw8M5fOQxOqspjRlzJVogzLKkKvVQXAm+jp3bySN25YxRzfNpVBlloe7N3xoHxLpiePWbxPcFAdgMczoHwUKJTmvZ0u9t3yhmKK9sQn0lrV3LQG943bSl1Uzl8T4wN3m9QzToaqut4xOpjuJv97MV9LxiIqg6RPXgjDCLVdvxghKqJcumgsPKucJNJTCFD3GzdJa6kLWqXq6lzf1D2wWV5FcdyU1ChfT5x4kWNrbpHZL+6kPDaFraNkF3QnWA8nV4oIwMnRe9hxeFHO5zgwW6EFKQQpKCJ27T3CEqiIjjqXpdclyWI3pyTxrSX4tIWCYSUFqtkHbVitxaDTEqFuCz74tMmPYKtqgtWp2pYiWoEzM4CFgK4LmwVgAao8y0mH39nsCRB/PNBhFK/611WNaua4qz15f7VtLovOsg3NYYL5ySBt8wo6aHCYjefuoI25zfty0aNV+X8Nsc+PZI3oLv5IUwGpitWj0w14N/qA++kvUs1U2pA3BCR1cI6TxRB8oHcvhj5uRqYMmbdXlODG376ArXO46UELByFKYUUkDDRwjEKKqMuLZ/tXnbfXTLsF7Eg0kJAvaI+P+yFnNDsdmw3JlPb9VzeA7mQNO+D60HAJ3VAFL5eexg5usogbFhWUbd9UtQbyJcTo0LdaHbKrwjFNX/fJeIwgbps11efTmFeiBGYxO8E5qztR0jDS6RGV/uPK7+4YnPkestWxG/pTaw7U472exnzsLegzpNQwlVnzYwJsn3//R/YI6PzKj85gZrEmqTzfenkgG1upRq4K4EzCgUZ5PSa7NV2JU94CP1k3zcnoa7UZjOfMEPMHWl5XOBL6seLjRlDwV9ftGCqg9tgUsZY+fo4e6kmNck8LM8YyffuQq/O9wcafh4wpuxmomqKGW7GsVH/OR7lqOPO0DEZrVliiFps18HAtQipOK/MCmM/W2qUP3Px6zHKhApscfNf489RBgD/8Ux/3jEKc9bBDjWCpIoNxAm2B5/VVwJuZ2F5madYF9xv39q7vuKvYL/i11k4mTw4nFILZ4gVHlCGRe1zmLSLnRNINNVJtEFlzz3i/AQ2+ggYEcA3uLnH95dox99gSK79tpR2EfiOm0YQRp26N/Pq6wVBoRDHKWYZ9jtV/77q758TF6/RvTmaQBKQrgb1XyV7nynADne2fogTp1ajaxASXVMVpLur23I848/RvALEStdB8gYPH89NKIXe+jj49+zOd3dGWkHI6p3pMUOL/UP4zDSJT0nRf4ZoSfGbhC2AjdwXc08neR8aMwrz/QcjX8ib+lmnfTL7RRsIagBJlognX4WseF8X3aGLu42NFzT9U9nCI/vIcjThl40XfWagjqBgiJuwrxFc6qMnoeQW50HACcOvOq5ao3su4GxDIQMfMXDLFz4PYKYJKBfG922vk1w1ix3kACpeJGeoraQ4h/h3KOEs4/W9TmRL9UegaBztYaY4MgJ0zPUqLzgarPamJzJzQAcOmExDM5TyaG5TsLjVBuwuPUOzCwVk9C4QTcOGQRgEdQxpUUucQEXyi5In1WuDrCUJyp52iNp1KwiAkilm5qAdLhiXJCzCC4FySf2fskTVNXL++qR0I3xny7ovrSgDOoQJoQkq2a4KINUUMKQxj2yetOHAqgA3znEYo2A0ffAv64C1gR8PDZ695AeOYR+vdjfqd5PtW6pbgtXATWvVWVTbBKJzAcCfwoHgxoxJt3HDD4lCH+XurZFYsdY+6o/5VF+mUDgIZV9mnXcCNz+12oGF4s6jkR9TfPYfNpahlo91Oo9CyiyDycFOsdRsHPDt0jZsZW7q1OucKIe4Qp96rxyR6XFLX+TWXMPGEVJo4CAsBJZyk8djCXeXOQw3taaZ/ovYRx4FKUiUPRIIeeS9X6OytzHlQ/t7+/OyQPNGrSnxgRT+8V0/yShKrcnQvEU6zfGtIOVR7iuTvzq0eKxPXByBVe2Cleyx8V7jm7dl5erYofxKzaaRmAmeWZZjnGNuL8nwzl4O3st0pvXxxuGtNPGeeVkzLnRWfdVZUN0xfR5cU0fQHY1DXHblrtGHmJBxesj0oAantGnyR9TTZXXtY5qDIHLcN+PHRLH78aK86wEs8bkuqmPyoOscpLU8ZsgtL1sz1sljvVVUE9UbUzhn3is3UtqMHkLVHko8vOAso1HwSxOxGIL4oU6o/AX3090v8ko60XX7GHCPBYdh7xcweVnitAo7sfSm3fyLVpTHgIS2BFGhLrtnqepBKpwD1SoV0RhQpTXs/ZLd2+i0HSP3WomCW3wq9INojnNsxE+1O+KKH7rtIcihimt1L4UsNIT2i0QfCUdMCHxT+d7TDwQaGN+WpPWLywhrPfBMNtEBEQpPSakOlLJsO/tR144XXw5u2dXy+80xjPXJZZ3cTNx709wf/KckfQZ1PjD9r+TbShtYHtR+B7RyWZ3/HeEJbykEm2TNdb0NJurikObPHoakx4S71IYtlRArcFCmVfjtUr5gG0pMw3Wh/VuYHFga6HRAqZYRBsClcu/xfRqnYHhYH3OqbPz2MOrVdczsZOy0XVyR9H88TyIN6OPF4gt50sX9vlk7yJ+Fci76sp2Kce4TBPYJ7/Es11GCyW80s9pU/24TAAbh3NQzRvh0PNGVbhVjZdyOS2tZBtBokIK2ObABDr1+EG8+XrkTmKM525VNx7wbuh2CRtJ0gGgPg71IrR/kPdBJ7ZXTm2J2AbOH6LbhiV+u0XdSJe0R6J8THOaNeSNNmLSYQfCVdhwW7RpDSMm2042wh302XSiRr6lnYvNpsfUejkVzyl39qFnDia5ReeQ2uMeZ/EY5FkHFr6F9zl/dYVTmKRstz1EcSETwiloJsUl4xn3W0ptg2IeiErYSU4i2MfjBcVHxe56TL4RJ3uyAPp0COlo92j3SJ2LobFaA8PRrx7Aj6+ReRLXDisZLfOJW71AE+iutLdK6FNballnvnUfSUVz6zsn8oSL138r+S0Rz/iJ0M/GAL0ud4T2KqZ+Q6VnyWpV9kdjk63s9c96ONf2YJ1cGINHPqyFQ1rbm1/Zo/60jCHE9MzYWLrhuar8PjX5g++BF13g5SMibP4gmknwECbU6wj7DMWpZeEdOuZmehpZQua1AaPyQ47B1zIYI7ap2c1bhzaWyJK0yqspSDc0Bxb2bgS5HGh8C2jtL45C3dq03oIKc3KaTKTzzifwkCEJGHfWF2m5ZKTZIHiGSo2ISUNbX/DYvvuq4xuOe2XhUrt3+0VFeUQLI2tnjynE4as80kYOiki7sTA0U5pQaocasw/yB+M8RCit6/I9c4JEpZ32ccq1wRvqf51azMjo/b1Krx152lC3kK95Micpks2PRMwRobhdUK5eAte8ss4L5zOQjvfo7dukOtHY1x8CRR5Y/FifGwmMcvEZJfV9ShdeBeYMYUFt4N8bPC8adyDTTNgOVPD3fyz6Xu6DccIhye51M5oyYqg8etINwMUke4CiVo5G9mAu1qHUrurlEIWnxk1p7GQTU2SL439RzUvZ+ijrTrLGId0zEb5kYEpF8e9yZPTnN0TZC+u03i7amBMHrfo1TBSpSbeNw0uuwLwtO0Ya2UwIWB1AOjSX2xh338R+eNjxqiHoteS2SiRQf0btas9ch2iiyimI7JyKpY/c2Yukw/d+sAfedCr7rED8y+BVZpUBEXqv3x6ee5CkMkCxi7ilbWIrcXs+VdNjpsp96sDPaZzvm7xoCjQh0CeQaZfaLzw6ILwj273VbYlZQuAiXwcjAi149vT2KvC+/T/+fuI/+bPOqClYS1JJJxn7d28d2fsmbXShSjO2UEuh7+d+NZA0P4kJneX277TwZX8ULMDA31Y0P93myup08nCB9q5xIVWtoVAvaYRT/pw/txwIWfcCpbCCSotly34jgaE2Q/o2EdxL7dFZ9pF7m1ai1CRSh9XTxfpm+MzBeLgxv4g9uromExAgPibgKc9nkRiOOsqdJapDAiBWuDh7VPWLSWGS4d4ll/d4HqtLs70TMPYSQg9NeKC4nBqZuKebN7wXzu6HCkpY2NJ+vT8kx3A8OWWHIRLWDioIXsbL7k6dFHshbNAzvTBghSY6/rFcNkuoysw1y2E2dKDtujFzgk1PwAWoClj//1WPDxbEhToIUZqry32SZgFAMdlCfDa/i9pCTfOarAnL7cM+Z0InZzcMX8euTDI4Xocuh2hdIv1rYKJOcjfrWcGvF4/CBc+mRl/Rff5/zl95Nl7KYct2+feXsFXGBG3nla8yJqaARgQdsccSKex/zzXlOGbwzMPP3uky4ghOZg3AP3ZuuDztVrdVWdveZOhAzF42F2waU6dLI8FjsfL9M0JC3ThRRBGil5Y+LZ6CP+YBxK8YwlF7AFvXCJqwCbOQ4Xs1nQmtWsEH/RIq5eLLbEk4wIH+GLeuhtDJCPIDxkPDjIUe4220vUi9LsmuD7APMc9GhMl2a3Xv9PzGv9S1WTId9khM37AVUCm6OKh7985cDJ5HHm93xJ6DgfaS/c6WIuh94Nekazr1OX3paHxmFIXLpXi+PBbgF65UX1JZaSSYD2qhEphBtyPhS/OksVxO5dYgeGusX8/2zS9SGPTQdVSn0CpC7oJMMtnNeZrRD2lz+Ba0yUcSRCvMCHy7+C2Mm04uCCP1gVhqohQpHGVfc7Ow6byWYZ/0yS8i7Atfw9WOLRlO9PiZc066OpXRepbrVuO6eTi3F+yWA75PhDyZULO6p7JbtM/BkS5CamYC+bRCo2vyyEyxQo5AEAwVu1r6Q9QEmLDLzyNrPU9Ij6+8X0ph5Ad4Y1uZiFN7TAPDSS8yRC0Bc+BqlpQur4ZtJQbEI3bIVfoz+Hnsd5keJX4Ho5nhmVrKSchjmJRsMFZO6Hhuc5IVCldQ13Bxohjj8w2vuOUo2J72wg4YT+sVgbq+jOGm+c0YpYDITmbLQsfL39hlO86krU2uigzNQLM0s3xdOfL78+i6mFDk8I0BfGshXJPoeFp0ZhUi6K3N4hWs2J9XUFYD7L1WeDcxNN+uQ0qj+EYJib/UhQzxQLQW6gozvO8CjxWwV7TeA8VggQQyvwq4To1SgFNmhdJuIf8e1FBrwJrDlygC/8QjwNUrfZKtefhNB5ramtfQCYa7wgcFV7sYwGzOq1iB/+vkuWH2w+ow0XvPzreJ+xzI/IvDxJMFSbxt41uh8b2uSrMdJPi4EgHikCilmRVJyxXDMkzc4zyEYePWi2JuB/tvLGCvPLMcp9NgR9QLYKKiizXa9ItLTobhwa2e5pXagY4sMqbl8yoPqWEGh4JqwX0/rUrFJUse4SHa4mq5PXeA/QhaQIqf8J3w9YRV7nmSplcgJ5NKc49eIRt2P1NNrQFFNQncRuQ2oejhO+oznNnonDdUClLchu3fHdCLvm0ndrWL26/OXeFL5fE79pumleWzBihC83nxzSBnrhTJGkU0+0QEXegOfYQ3mP98XB1rkojx7aTv2OumOliQBtJi6cyUi8rri3LQmwTgt9Jk1K+UDOFgTw0NmOD3hF+tfknlNMp2sTp4gHGtdH+AEQvepJiEgAJUrXrzajl3yrqQJWb0dqn0UHlzLh/giV26m6x3haVFp9PfomQ0IKS+51/orfventguDNKaPDkpPqB9bGejReJhUugcp6uZKr2peV0MIA1FgB2tgMkpe7/WJXVMOwUaxdsAsy13rk2Vk7aGM6AVInbOvR/m+yfa4t0ozMZunMnFHaXoZ6wbtud2c4965PomMk8MWAvBK2iTiaHJP/p3ANa44fEjpeT0YdF4ikpTk0lAmUHqBTxhZymHr4Gwa7JHiW0i39N2gAcifihpf7zpZ67SoWYAjxk/yGGtRSQ/s6MjtZwWxXZpi/Q9RNNva8RuzxIRHoN4n4e5kTeVo5cTrUGre2oHtsOFWKtO5wX8XCbXNV4gjXX0Veqkb82Ej7Wy/KHpuwAjEYF6JCYJtJjS8XVQak8rS4L6z3WYIZgWred7bdDznsWuCbTMjUhQtOivIKnXolBzGatgRi1WEo8EqD1m+B1SFypxIhZdhW3T1nTj1xIDqt+yF41QjXnmo7ceCe9vr26mvCIROJt0HmInJwveK9LBkyac7Z+MxvMxvCnMDLwHxlT4VZIYUMEB7Zyb+RxisV4pvXlZJhrKesgB0igSVnNzVlELGHZyPblYavykid2e6/+Opak2ZvYudgU9thG+zAMVoU7rszQrL9hTRxKfTuHqCN7FEh++GxfTeLfvaJpstW0ubdxiTX9hKijA7effmixZBdVH5dmC+EjYPhAZghhEBH6vskBzmogFls19I3ZgDVm3cyZmQ7HRo7gYkPEewdCYzuWtRGcS1WWobhZ8TnMm200iVQdsJHG1ewc6ECW3CnchlCt8K6N6YF/pC3HxlObDW3v/4ZltRn3bZWrIXSyDPnerXmWM6+XKTE5GARTeQtwfbn9uyXJYkGNKZSUKosnNxYsssz13iyMtQufZuI1BSjMfqqn97jM8P2bih+WYL2dx7z9tyLs0fl33/AbLv1yr1YbvW6PhI2XtahQqyK0/58e6lmqDPoi3P8akMX6vXmYxdRXd4m4vTxWX7Gslsy7S34seKCOMxpFzQdumd9A6UeJiCFlFYXHEIYxSugrqfpnl/yRq3rXskojQqNIfPowj1L9jJULHJe9n8O5ovk1EIYpc66D/VwRXe3Tq5qdrftUC6PNcfGQgan8tsqMcPkDRteEsYb62TXry2emlo4aiPx5ekEAxP95DmEeXbjeJ0hog+ipW7cjT7Iv44JL69mbhRn5Bl7EBTzYk2W1al0W4rsq/sEwQ7ewoh6tKsos6rJuhDNT4xaLLJ9htxUtfLoIbtyy0po4R+gRLg3zME8TM9dZHxMvzQGAhpZ3Gxneu/8WO/bPc5LhP0zpD6aCsU5OFLHHNzJD5J0gWKOT7QXapn+30AIvWt1fRoLO4yQqmfrEeQi3iixNfrbGNZgi60aRd30xgA7XJ5481f0Dmw/wlRl8oWsfSfM7Q0FbCHLyHplIaUGKSrW+iuyx4VzgSgW3ftAc3SHv/cbJZR7TmNhToWsTIX3WKTpb0I1jvx2m3fhegYN/aJjIh0VhzMsQtaZp8xKHDEs5AN0Ni/voM2+yPaQto/qHaWNKyFcrpXdQ3bvmvi9VRRj7Cq5xLwUjD4rZ6Du3647O3b+xFgPPRLwBYzYnLUmTvEi32wtY1Sr54qBVfE+H1LeOoQ5tD6lHq8zBVv0u2odtCJvHvgONI559NjI9IIJlj9wfun0XRf+Y2YtJe3eqJ0mZnnbSe7zmGWtG1XF13HVMcXhOL8mZQLLYGC5Uz0PvR8ffqzaBmVOhFXOA69riaaPF2cftFxk7uM7Z95YIkvasDvummSjd7Q8k9hmzCHlX13B0HdCJrhr7u95ly202T6My057eJ3GHNyr0K9P4qB7sXJ8yCcjnyH9HE66fUwbLFtHa0QBuEJJaapcYn2R8go8GAYaqSVhTbCULYch546AS4aEQDtc0ePqK33hy0mkDMGCD2nfO6k4SQCikbJrtIpMJS0KwBURgHfNQYEZrios9czkbRG77++4BTbsO2xrtfDHuWDrTXK2GWAGqlEMmzm9ePnr/hJ3p2wNNpZvmQMP7zoLhGGLJ3drr5MYxWGLYhOnGrxazBONGpNMmsNEfHeUEK1pCEpm4ybVYssEBZ74P4ZtodqGhzoyq2Okw8Y98aTLOz95K+Tb2Nzkz6oAFwkdREQJMNxBJVnFCmh8apSk/aD/zBM3R4lw/dsJ7Skjtc29UpoMiQGd56ukQsSe2HhS3bJTYSLDLdt+wUPML8Yh2t4vsBh1ErG19xR7c2OanQj/V8/2uDkola08fAwqLX9wWp2flMl+iXPl8aR3K6iJCaUvz4fUOREVMuVFDFInfJGkCKeiVKCnY98C1UoWHTuPFbKKYaaejbrshEfUAl1Ghx8bA4BfyTVDmqNLpDfM6ipcoBRSn8gJ1dSS9X5mNpu+H/4PR9iJWNHnC6mgAm2ML54ij9bL5GfeNAdQMcB/6+BiLBfGSsF6Gj5znkYYuOmUeiOO2Dpx3p3vIdIH60lnK0Oo0yUUxqWkQ1E7i2fGg7RD4Rqw+ydORbt9FOacXyTgzE0g1JfZiHSLaqeJ/NL6ADkrj2RCmp1SDiPbhMzRFERYOXhbMz4O0i2jpV8yLDLneQnH2h9bMbU6FSAA/JZuO9tQ79VL0c46sirlO1eI0Qiy32EvpRbap3RWmB0O2vjitk8FD0T8IeyBueAcaLfbXAmu4dFBQUhu6sGxYyKl5sKJRVuh+9SZYhBBcJYKrEKwUKuZ4bxB8SpKNa2v63nBdyTOMCJBvilUFLzrXfLiIVMFHO3CDzYRPyxKHLWIJyD2BkYyKINL038s3qtZCK/7FGvJBgUijcOibPt2A7wUwUhFpJdqcyDPdmGCj/nUtviCO6mxDTCuUZnGtFQRSb5MDwQuH2uuetA3iX9SNn9ctB+VW2FXkNBjHPrK3FzT65Zvkqn9aiNmEEknd0/Rbb3QK8awW27VHJf6x9EPSDCyok01NDcMT//B77c+YKXktw8ANid03bFGy/UMSO3XWzk7HTnBDyuBKgXxh2sc+NVwK8EKKLLgUo2MII+cKb0m0GSR17M3GAiDG6u+w7fOvdLWf71rtHijgDBMgMckD5gzzXnVAtBZ5RxtrNkTfhsDo4+4dNVfrPNisnqL0wNkPqxYg5Qqf7Ih8bZMcQCaCULMqR78JOsTNeHKX+u5mR/a3r0S2mP/UJ7ZGCI/6SWD8jxnZmPRmw/+fCMxBHu8JKZV9vf1Ox+BeJIbZ5gAE3SMAx5L5DNg9wUB4VOnc+wyNI0eqMKoRfUeqZGxzO367Kp9Pen7ONBVnNiXt2jBEf3hJ6qG6eKiye6CytRdwqctZRRP4uzRvSWA3HAwLyLi8IAuFM29ZslvXuT46edcdmevJ3sGkezsb3FDJp1oTCdivuLnA+JjzLX+g8cPm9wVzZ2bayoDwT0dRSCb4kkMtjxIsrLhDqMxx2EvqyHFSrEJuwyZkdU60zO6A/OsoBLhi88zXwYHv7ICsJDUF2OZbAAKH4M3dg7B/twvArSR1m1rEnXvuPCnpl9NtjPIlxcLXGRXgb64ecEZJgxo/p2rAHPiJNzoO0TDHPTftAUMIVIdemrA6FEyaAVB4SC+ntnsYODfR7vkzFVqibSiFZm0F/xSBLObwFWp8MSsCiURWfMbPoErCP25/nG26Ey2IdyxWSDhNi7wlGvXs30+fNohIEouYmOVs5JitAQ0mld5DiaaclhCWfrQ3Ew7Z7NRAWwoWJZzmT4yACpVzLmjKyWIobNDwev121lhTSJ0Y+dDmsMP/06/mv6N71VxlWSzHQHXx8WE3t1cv2IAGt/paHXlJtbY5Hb1ToHJG6wxHtX4JXollK2C7RZShDHUOJy3qPC6k1mrGSL7VnLbDw4duZWOUv1nH5YBr/CdG/bl5ul6jDQX7ThOviVNb4BAbsgBxFvMFrQh5k0v5BDIZ9nC1guJ3n7k72KOctBbQv1VKT8yHZ4CgOAw7MhxHNlz519+T5pawoesIML74z0Vk0MfuQanI/hN6U9g7ru+HIkUY5L2gQ1gf6CCCQAT18491Vm/+saFJ0V/gODQ6ozkM+0/FCtPwT7P8ZQSig0lTM/VqiUfBiz0sDzUnjFKYtnunqHWy1WH2UMYJBajQKAG8Sb1ZeYLadNY513UXHTrGPzDaPihJ0417lIf0htfdFcPMXeQZlpn1ZIeNE8XXw+y4GeDtwB7WfmQug9w/sDCIOW2Ze1w/IXXl33z6eyeQVWgjP3LC3Gzaa+g7VCE9PEOT7+4MkdehL4bCvpKUp/3rOrxKpPaAe5m64c+p0eoqg21sdSW+LgR6ttKRCucL+ELQPyXgik0thqCBSzo3VNI1qm46Ry2iTa1ojuLD//g7mdPfPfMpvLVsRn/13eWjlhkOMdg+zdWqYIvJuXcHMkiI2to2S7odauUj6E+Q9XoR+WuFQ4enunkSAg12lfyNbnp3Y5n0ysE6Hwy8M0p97mydbczuxSIQAC5YJDWUqi2yfCZSOXGUtz6Et9yj8rQfzyXYtO1/fKwZPfKpQe55Sg6OaQRPm0HDsJLuhqGI1x6WGh0XTzoU0AmDB5iP8wQ647d4VR3yEj2wBHDFuGTHeAiOd30eZt8xM+1HZHD9cjIc+kKt0PzmVh7OkhjZ3hA09ojiHmNfZkPg1Zdcied8XQQSYuFSgsVWCR6F6CWQYY6TCJZqLCDEfaBzLBb7V3hLn+LU+w2vTw2d/9rG1fQBoCHkU8e0kSu56s9JP2urP6DQlYbrSeKaLM9uDe2KCcM2/iIT1HjrCMLjhquiXDlLkMIumodQmaWR5wbdxDgOLEkwtYG4qBfYqY8FuszDSiReU1VM+JCOuDzhy19rHVdWYacX38FIKWtsQE2QGhAdu9uHmWVNpsH4cF98rxwiSZsP2Lo85u9GLYATccakKfUdttT1GcLmcAPwEqm5xEgdHqOTCaNOXh83CcTuJXQCfcb+pmjkD7Hfi8yBK7Q4ffeGVNcA4ZsJkNgdXe+k83bo3d5VykBwhcCGAAEf7VmXpse16mgvwjdJAmDcS7gHfxD3CnnTPqZCMIdlCc0Rjh/zeTaNim76WX0U7dBqd8QpW40XTgx5q8l+IN6BwP4Xn9h1LNinMi9euIkcMgRLILBNpoCN9SySA3yAcnYDs8SbjEr6Y1iUTYaiwXlmQcj45H3glOelsQwOdhbhGxRYOME4lFkhYAl9y//Q+2ilbHt35H5RGRmtHN0mHkve29Ns0OqrTicWDxpeqoYZUX9AByeAXwv2d4j3vqHhAOz/WTwN2G+9AaWGSOJYYckLLd+EAXlTthPJBAdxMXlxmdYozZGRhJqIn05OKm85uf5/oj3pdDLZkxmPZh88ZWTrusPiOkatVUYIf8wXM1ks3nS4oRoNxySU3W+bfZuIQ4l9kq1zOJxCfwjWy+o1oRVTM2hH13fsAzOMvXC3enB2LO8j5GDnMZD+Lri2LH3dViXQ0Pb4Y7PGAlo4V+C+HCtQA2pCWpjEQ3pWuO9w5OOhzOmMiDvndyZx3o6EYfmFR14LoFH/XTkR/m0bW5KkIgH7BkE9aQmsh0V1i/y4z59vMjF1WV4k0TBIImnwZqx6eukDh1VtjE1duK0VRauKNBh8jbI2CC19L3Jg6JPXJXxEJRxDeh/FrdvTkdKier2L845aU7z4jdsoPegI5GBYLHhucCKheJ6Je/v/yAkQnMi41a9C34Q+W8zaUEcvn7EP3hoVb2mkYOFMRFuANAvIGjwXajIsLxwEMSVeLQOSrPXuTwfRU0Q0M1tWpy78p2GXDWGPvgql6BuwFiJ1LpdgmixVGhHgpcEPQf7rYUDJtHoeb2vzScW6mz5S9Lti5w/1YQyMkgVfpd2yC8ZtebK1JqpmNFsgsl2VHxmMUzbRQgbwhlVDoVhoY5ET2KZQYJmaPfEn+tSivnR3w0sLNGz8+E7Gl5JPo58E62P8JE51hmAKSO0qbExJf9xAOXRP3fX2I/RsDuqGCFHWFahVnt4SYDym4JyKos1ropefGisSvtTW20cR55qE98qsABRQADuR5MzkAsU33mSUe0OkYCHrh2kQGPiXtu+ybuCxw4B5CTszSE3yIFquJmX93acZpc9q26DMKTE55pOVBdiLEI5biJRoRaQyeWQE+jgLEjGUPxgG6kIKXLivwk+de0oxZzxY/3IeebZ/ZtQNamiRDmESFaPEyzxWHuYu8VwusPDiUhNm3tQD7s/iR4WG4VOS5IMNflH+uugEmBMK2JwD45VKR583rWjMqi8qT7fHmW+Wx+MJ1eCJGv0uuqpoolPOyaQKDm/p479jL29yPBlsKu/G4KTw6HSMFHk8I9FB4SEBtDuIZTHZ4VwCdL9GqsWOQKHGb1lvgnnwfA4utQE2PkLXc1Dr7Oy7W1V/1oJLkQoKVxzBXf5vKr6zvVXfRyJ0h5PEPGmJ9HpllfZQ0B85b5UMVQNHnHkcA9yFb76qTsL/HWfuKlMOPVdldNoIdTTDqxQRUobP6+zaQeTI7HpJLJ7VekcKwxBV3hNFgGJyzQ0i/+Rl+MTLKuatyrununhs7JfuFTsuAiWnch8bbHt88NASXRX6vNvnXVGZT/bGe6V1s6c9ItYUTyASJQZvafYyZLoHtH4eZMv2SD0vzRUOO+IAl1Jdn84G/tluzJQkfNL3qjq6SqxlCZNXkQkYXuH47lyhIBLl8ffOhbT6zMxer5F0oUFDzEhxcoL/vJwC1o+xtSJwGU4ojZogyqplHYWM6BPFZkuD6hhpwha5J0vq3lNKrWnRjgkQ3DFLpkoHPFSmmdctajH79oOb1bMSOYsWiSnJovdW8NhKl0dgJNcFgmDXywu/yjSlqMPE10w1w6KyMqyc2jTBRy8VCRiBz+IcF4NTeBtL4Ctt+WEbOBQ5qBFZ/QqfHyoHxHqXgm7q1g5f19UPhZq5zs3Vqo91b9Q9Fllza3uTptIjlSWOGv/icHwrkRgVCrUh1GIa8MOUuYU+qipkS6tbtpK7WIs9sQSg/WAkykArgyd9WpHCjYtwdQXaEyzaLJYGDkGaR6fLIaZ+1625NipC38qrse4emLk2YEFLTkFYX23W+sQaylU1qVMSJpjzjkMqyLaXjBalcjNvXFx/jTYr0p4OamdWzeRtyIOq7UHqEh9SICsBW7e0Ye2SMDrloubyV0Ht4sxpzpE4Biia7yebHpOqrlB04Iec1q89RwZyYWX7KA0brkSJwnx1m1WvzM6061eftxW2vGH7ofX3BC2Bm5mKK5d7INH1tmkBLcYtK71uuRrlCc8XvWy9H9HtwevSgr58TlMXoobCyHt8pDKE0FR4K2LLXvvQ7vl0WFPcsfFLTvLN1Q8tlTYytMxjAchoP+Vs9Wn67p7wbDG+jDvASx2VosYtkdBZWl3i62akemYTUElhSEksat7mnbO+WePZDC4ULR10lNIdjBWjv+Nl9jKHJ4G1PFEApfge7D8F1+D1rueSt6juWFF0M0nnQVBwwtW5CNkTUeVYJ/Kt2ESyEqBh4mto2bVuTgAEl1o8qcXYCOW0OC4sfBD0OkzWSWWElbDdhv4GhMtIGoMZD66ULnxUHWa5LsdIMV62b7pSVBnwMqUZfcNUqPFNee5QtXZ5OZBYSg46GsstDfgvg47zjWBhWKZdXbAZG8d7UxudsZKBJCw2nPmfd7U3gGFrbzDbB/QBw7wu+TDM3u8OaLR2zybng1z1TbktTJEHXVyIjUpyFAJLOE5nW/C/Rx3K4vNQNX1SPYxW3IF4X1R21b06mCR4IcFcNoVu9vHGsbBH1oO0vZGVkmHw45mcZitVleVIfzfjnqOeOBZL2qbTionJ47vPfc8UUa1paZ9Ya4nFIEcGE6dkJ/qg9v32Nbm84jFaOGM2e075KWmfqjy1f9PjfIB90foP2MCFsAupFzoQP0NS9n1DQZhnhjkIv8Dzip/uyc/gBLklHIKF+9G3N4jFOoxPe8Y4LFrgKlzmtxUw7s5MZT2K4KLSv9XwtIUBTbnsuBOntiaLB/vvtRF0NCHJWgAL6utu8NYXsrkkEoheNfQaysbxUQ7QdVG1ZFNNS7ZRz3WPwySUTJOirDTywRc9v67ioYqOoZsl1Z+puqNE2pSVpTlVzycunXGQAD07enz1PahwOKIjuGa8n1IzltGJNB4PcHVkq4Znb4M0fRErOTHqO2f8ykR1BTwN4dQeb1T3SHolNQY6P4xHJyZ+jC7gJ2RJTNXJMaCKSeAw3X0I79YJRq9LPomWC0SJ50c90hEguWaj5PjehA5Fw1ArksxkrSuzCWCf9nQiWRg24xEAV5VXKMyWiENckiuF2g5HC4kFGSB2oSsI4+Gtlf6QjOGUP5CBrUBTeBZnbVFiN0ledLegDem9LN2OhRDdd3QNTS6ObdEoB+tVokYur17XfD9PmGU+YwKTSjozT/1VoUCKsU8jYIv9iE6AF5uTuCEe2qLKEftPktp7ruSHGNzF5wyRUWukQAomE6nMTq+Ul685/qzpAEt4xB0PLX6ZMgK7GhP7WeTZZTet4JIkj74c4Tw7VBAOmERJGZfgARVhJRroAAABFeGlmAABJSSoACAAAAAYAEgEDAAEAAAABAAAAGgEFAAEAAABWAAAAGwEFAAEAAABeAAAAKAEDAAEAAAACAAAAEwIDAAEAAAABAAAAaYcEAAEAAABmAAAAAAAAAEgAAAABAAAASAAAAAEAAAAGAACQBwAEAAAAMDIxMAGRBwAEAAAAAQIDAACgBwAEAAAAMDEwMAGgAwABAAAA//8AAAKgBAABAAAAOAQAAAOgBAABAAAAYAIAAAAAAAA=	2026-06-08 11:07:35.382114+00
26	Luis	luis@gmail.com	$2b$10$aK9WpmwetG9AvIHMbegccun1Sa94PfS1sOPY3lyS1.3pNzzisvQyC	f	approved	\N	2026-06-11 17:21:35.849896+00
4	Japones	japa@gmail.com	$2b$10$8Oqc2UIiPMUooCN0v9nRXOgM3esndoph1lM1qRYecKz/AcrHYkE.i	f	approved	data:image/webp;base64,UklGRu7MAABXRUJQVlA4WAoAAAAIAAAAgwIAgwIAVlA4IL7LAAAw1QSdASqEAoQCPoE4lUWjIiEUSX2sNAgE9LclyTBwVw+Xb53j4bA9s/AH6Ac+pY/Kf8hfzWAWR7yj/sJ0HvQCo5/5njlCnVTsT7Qzd+PP/I9YLKK5qzy/du/V6sP8Z6RXpV9XHOzebR01Prkf2v1M/Ow9IvH+fr3j++3f4Pff+te9po04u+zP7B9RvvP/09cn+h4V/s3iKfqf+V/+Pq3wxnEFsJrqfC38L2DP2q//3/F9xvHJoOf4n0dP+XzpftPox/7H9xsj46W1V2KrsVXYquxVdiq7FV2KrsVXYquxVdiq7FWnzMAoWV72EFGLPKaek6pVZO7ckUAlzXeayEA5YKDUY0V5QzGbargrjjWKefch4ZVMXxYV5C83vyFtfmHi5Xh5GKqHinJqpSGn2wuRmu7/oRzTq9Y/FoxoreCVQjexd/MjjtjAVWY9K+M97jT//8S+JxZG/Z/CxFbIX6JFwb8B/NtfoKuaOfvmtL335Sha5Qc27llQx2g/AV0qWGa6aGU2+YIVoxXTrLU/lQgmatW1Mhiz+QK8H7dq0Nd2t12SOUMM1zELzusP/Ousbj4onA6DzGzScCh1mUF9Bg++V7cOB+P6+bHZitNULuW26jLM6cLhU1wz9Fd16NP+ZlGXjBgtGbh/GCDRoUMrVeC1BF3V5ytnGbp6tXpUBsY65mFLvYqpxQwhg6TxMBrDhaMGaetOFsrCg1lrIazKlJrZn78pBgLnPC8oLALPZaBDgHSX/cQB/1BF0+6//Olr1V3UQ/qbz1wFkDiNSY1J7uFGhVq96H3vAr0W3kaonIyw5mRnZN92uO2MBLefQWJn/4G9dwZ5ZzJ0En14td9Ohg7XPb0jmX0yevtMNwp0ftXxt6u/okIPp9hl0M7J4+4KD2VppGFcxu3aC5Xt0ait24PCru7IMrv+P+n+Mk93GVa3y9InS2kphH9iLEdmdnvf/5KXbGxPW83AhRBGw+RVEgdfB6TvfZJQg9MbNqslc8P2sow6+QB7Cx0HgAIXITDlwyAZ+4bgenWUpQKG6/TQ1KCbJlAAxZORamdECOlr+zMiV54KRxC3V2Eks9y1MUv1fbNKrt/7dZnB9LrLIxtvsoDd+lqOJ8uIXYDuWqd9hhzBKVCokROsaSc8B5dbb0fs1MB7qgE9i1mJeKfEdF+uRlhRb+i8lDJatYhiyq/dojvP4qGNy9fFMYzp984AfZHGj1tdZEuP+++kHc3T00pQF2m7B368ubJRAPQnPlRDv2XtilK9inyEWQ6Z/Q8e3caOZRpxER8eTR30HZDov4vO8NDH0DjjSyI6IRm7hmG6LJcmklBJx0HMbW+Jq1D5w5tLyVPuS2uEggdkLXNZ/LejugimW1tsiVxQvkzneozhL/IlCiYyjAIa62BZuJqhlQpZ+WcPLWRHKrPIkW5wB4TjpuQXf8QIowgtB+eQPNHQo3OYYIP8gLOPVOEky1EAwKZxiY7At+jP5/5QGmUYGC4FSs5lZZv05JC03eGD1sV4j9/NAIin8xR6pZ+P910AHxfY9uj72hr24mz9SZrvWq+SYhb5gjwDgd+nxMOVHEJ/Id1ZNxeRELK5EY357BN/ks1d0CF+U1LTAO3SvZC9kspw4xFTrR77PrMqp4GsrZTenS9s96On5UM8eKkRwPSWgh2dII91/p1tkXE1PKEFIrWnbcT7DGeBPofulIkgfhN55OmYiLh5kTKbEntqN7NWkV0TNrswId8Rd7wCy45qs6HdKJH80xVnOYvJQp2v9Si8Om3f/Eztu8eu5aQPf4XGT89U72BC/0wb49yPMPFLv/IT6Ahwe9AuRxDULp0YuNITUmKnpBD4LvPfnG9OsXqdYgXHBTzCxMfVev2UvP5Vy+UWw1p1hZrC/HWfvDQQ4FQlaQGOieWjTyUSjkjbsPz6MzEjMOTVfr6os0gZUBRgfc4Onc5Immauu104IKpKknfGXyibR7i9xTpEyaKO4kT8krvZAhfKPsD6AjVYy0U+SLfbobh+trmAThizqjDaaKp70JbGKML8xVDeNcI9wtikdQr1winCW3D4bvJEb2/ng2C0YdmAkbNNp43IIkqbOj5nFkHKKH6wdOvkD4GKedvSpvAyiijABP7FsLZeh9FR/5qN89bix/e1B4LyXfhKfxctZn++Ha0qJJXInkpAI6DKD4mNT1NLprJhumGYRjbSaUI5vH1xSpvAwJy4MX3zrx+PYVoIxSTnna3jA345aAenTbMxGcaD7x/RNlxcrG5YIL+d5Rj/f4zd447tkfwa7fmhorUpw/ggCYNUg1WJnDM59hYUZSSJXg6JUVKl69/o0+A4OlX5oe10sIFLPODw4G1IKzz3RwtPkP8ldGD5xGlR5VSW/8tD4pEpoIsmYUWyKAYHfw307AYobFmVMOQv+AmLnDWHC6gAQgNrf+/lc2q8ogOXrnol9PPxkHp2TMrItp0QbPMFsunu6WVENNH5liGJFd/f4jqc49M9aiRxX5K4m2jYB8tNnQyRUVGOMV3vn+8TeiHztnd/cBKxKoHxYh7q0BfJCBQY1V122ncat7ZRFNNGKc4WDmZwVv3tgIO+2dVLLtnWHp2WDgnfMPlOCQIm7bk9KjPLZJyD6qXcUCyXKTkqkL4CH5780Pm9rYBYwpZS6OlY4z7uePMK2x5RxSma5/j6iSVrkWEvSHAGr/1yd6T5q3+hszMU5paT3WQPugJ6C+YTNmL3BuBrmbVb8bbLwNp7NHr/slbpHRfmTgRPdwltwIz42q3Ts+55OnAEOhoIAn+LwKQN9nb98PC2rkFfuF7dUYVPbSj1PIvIdbHerLwrPs91/QJECTmHfUNZ2So99NaNSjhkloVCO4AlNnlWsT5taAospVy9LKYhQQv87sev/mv0wguyQILNI2p5enxWf5RKAHHBz2z1dIC5AaXyptn3RwKqOgEQxryWLbKYzQnSg+k450CPMBRlEv8/peghp+ZIbjrg0TxoWwBbQShEs3X8q9p/MsEaBgcHeIVU80yP903CAOAzrXp0HAdtj8JQRfL4Ed6jgW2O/5KRDVJtRbQeB9pXLMXr4U2CzrJZk7TPXLi9pUAyr+WBQ4BPvJXZLdYH2poLskwthr9wEm1w0XltTEvrQtE2LcYYHcm/MV9wO/lY/NXty8oLebEmIdj/thQGUABZ5ixrl2vUVzbJ5WJRTpFrDxMgHMZUU5yhUB+oR1iq4R8EcmU39r+k4djox8YXrMpq8L4SYeatjusL9ziaMd9okrrqSd7wVku9nEDtJoz2wUsochPjy3Gyh+SkKsj/v7oQtSfarLsykbUulndlR3Q3at2MWp4+zPxt+sqyFOkObd3nt0j0v83DASspleLn8eh0tHt/GLSiB7EyGz9y4m1Zw578+CoGqLJlzBJH+/EfnZ8wSAeDkyUoW1OYm5TZ+pOJw3ZTHTcB0AU3ZKu5Y/vdWBRLUJi3e1Y6xvvmHJ8Z1syKqbraaK8keUW8a4qXkcXvh5mGjDBPvmi8B6VEdQkW7XF1KDgeg7e9jFr0MHNEuQEmVjvwNpwmmYgYds4fdEoYivHIT20v1VGCkrX9o5DaaGIOK3/nHy7jpmMnamrrfyP/a4/39+w8VgcvcxzR5ZwJgMteWnCocLehR0Eo3GzQl15sgIltwdKAalWH6Af1Wjat+CMT/Txd5o03iU8hjt6GFmApOC/7MyyP/6RKPOTsK8vCF/d76aA5e2/k7qK7mU/hWwUai3l7WMB3owOnYAHN12/QzsWL/okxDt6zqYw4vt9Xn6UNwfW6+6PgyDvCglo9+1XYIVy8l3NNdnPjATTlZ7teC7plR1yiI5GmmH8Vxnobnn5v4SviF/Em8Woy2/9al3oBwdaR+bJoUQlp+tSyqav3V9KWNjNMlu/J9dTSli2+f0tbl+vefCzM9vTpALH6OJLYgDDqhjvr+BdccZJjESQhIgOOqHBR8CQH0fBfgfYwGpzpcGDA1xBtTC2kmFRUjyaX/50JrXSOa2XZtPvQpa/44zlTAiBBkC49smUXYtKNHMqyRyfhPZB58GEfK/zbXUmr6Rpo907UXU7caBSTFtbKNxsbO0yg5ra56VIy4G2VUuKqnW4enH9gTJmpUDX+hFFRWXQYW+e0KRmR7p3UbfJ6TzQ06K8v4bZ1i6nExKE8XCNX8iCgufPv/yypRJHz1kiZUcobCIXvdhrbCCAHU476Zgtl9rouiy4K4n+1K3MGyofPfqw5Bn6B9ABW2kuLL/ReKfk9QePRL5S7BYoLvPTk1poF2KWstnFq6NOlcidD2/ZYW3APNOnptL9SFK8ji4NgwFp+UjtrgrM/rbgkKfvoZ2e1a0ADERqkkAM1RnF7fq0LEKjAm6yv0lXRdA1nHKnxumohcqg8sGPSb9QMVlsCmUD2QGTU4oS30edpcW6RqTgUOc5Rj7Ko4zkrVT58gAYZGL3CuVR39VasFFV95dnc8meDOEPqfArSEBoKG36MGleyS8/mzzLhVBd435OESVpYkqpHm1+EylFEIw+DnLJVfxxHtT9hYe+vwQ5qDb7IsaNqN5HBxGUbMplk2SbncX0pv71eX4HcFyK4Ot9eS+d1N7gWlnJaR5r7vzdyl8YlN4PCoTJbRdGcJYJZO0dgSgrqNVV/73HxnG3s44xe0K+1vD6X1NIW4NMaoCZkyM9hDQ0D0nSdAtNtJ+TOcnlJ2mxduQN+L8tFk7sgsTt8D1EG9mdM+fwdvSH6w7wKo+6g1UX9sQUVdE0BVvR2bIrXyZSnzA7PCZDvWeyAw3VUoQqePbgzsBVTsoMapRuAr1SWsMsFSNKSQ/OoeUmFT5+9zmZIDlaQS6I8R8a1kL0o4EqF/f+dLnYXjnWHjVTJXpHN5vSl0oDOEW0hn0d30c/oi7tDomx6N+9+mJhi9f7LWLY/rraVGdmyj7g8Vg+5MZIGXD60V7m9DImxT5j7+MHozyOIjkYBBWygU/4xGV3ryLtJJzjHQPyQpVKs/rfD9/n37zf+kKnvhEBe2EzkgSCTVZPkonGAXwA4k063fsTqfgGaoRd4p57DmNmgH026OHDtzFeEfXJ/zAXVi66h++RAeCej17KGLjxl/t4LP/+uMm07S4oPKUGsREJuRT7I6VPePIrFCZdWxawBCHOWKdtQ1lpExXkavl/vq9bBDTXaP5YQdlifNg9nQsik0g3hkjKE7/44SRtT8rrSQ041LVv1vVPY+8HuTZj5j5nWoAvWaoF+v/cCskXywIOZ5+6fRcVuECIaIMo1zXFfw9I0RnCJBROoWSCsh10RSk0GBbBVFbaT1UDuYgtJurlrUJt+WehPPLhUqRHaqRW3tNrH2DDl4bSGlJTK/oSvz84AUJNNV/17d6NR09gU2bB4U93nCSl9EwcbgDUIg+2gvOFRO20InHQHacqiqcQ9NXWo9wF0TNUbCn8LcI1aPhX8rNU6OIeE0gBWLmu8OF+DPM0qVv3P1cl8iQaGz+9iF7FA714btv3P+qFR78ltaLoeghYIa3TPwsz7DB2aEaL9tpWUazoN1dDeG5zvETiMQEH1GlfM+zAXMiAXId0w8Oj9Nyq94yijH4kQx/iJrAidpOFVUohIibB924N/p//atSapXT/BSJOkhldwihlFKI4zTycC4SlaUMhK5z5skA33excXX+syk3wbDXnjEkkCAaQQnokjZgmaue7jfglR677dEhwxzLltpcW1jjTyV3dRl2jvvVSA/639dGVeObUP4WAc7gYFKlF6cguAQ9iyeLAESmVNrWHAnzY8YGu72jsudZNClTTlnDHF0iVQiPzSnwNPu77Qp/DT4xfxo4NXo419o5E3TYiQgrcGQmcDcmuPtRTFPA/li8Q0w10cm7tqzSQPA7iToffPKE1Gvzp8JiAPm29KM4AiRkcHaRcq6L1q5QdU+Vua2O+h0v2zarBdNpEv8Bob8g/ig1hzZyeRMROpUVdMbboa1AyxDrRa3waNWXE2jDR4tIpNQOBh5W4uQ51CuBVWkcf5vKOejyMsu77m/Mhd8yO7VOixGCmbaUo9g8A6XE0lzlPyO/txR5pn+JdEiK0hbUQiP2Te1uzXTDPSqcDY+XyHhK2p9XmSYL684TpuI0QBERMttlmEUq7+tBivDY0FHvpuUtsdNHndfVExQVirp/b0339+MGyRLgSsI7LzI6l/LH0Jfc9JMMnRuEd/1+ZSDq1TgqN9qoXyIeix7qr9YIadIAFhSIPDiIyysOPi8SlYqSaZS+YSxsjI6RjZXJw58LOo1SpuudAckFFpQHJFamTN0edJmgtqE864bnL6DVPLLC2z5vXtcjXNlSrY+anqvjmkpgNH3lQg7sWpZ5kgjGGhj7zdM9G/WP/tNH6Ld69r1DGll6JhL+tejbUmiBsDmF5NSPK4AWYKjFZYpbGpP/b7/2OggTkAVaFqIXdqgKTQyTxcdsQcQgmkj5t19sHiNcd1QqxS9OAwo8EK2Jgb5XwDZ7eZDLpp9huOVmsAypctYewoDA9SzFe+GYw5Y7dmBvaYVP9sL+xzmEfHdf8DnBVqdGn8ouB6NjNQfsXee/6ZypPXRpw2PxN4P4Y45vIyCWEs7Fw2eDKWNq/F+CBVXF9rPPBP7IbJkVPg0im/HVyS7RXX2RMHBoD+huLb9ptX5uDT6jcXpL5X+gnnYx985/jDwiD1+NZIifjCClK3WHTOQzIothXmLe4HKfvlLAob8jV03gJncDDeevnb9GNsPi2ZQcecT8W9UiUVCBr8dRvT2N32lKEy9CZHfyWm3/bjiv4g9cyDK3Cn4TXntW5XkhONdIwC4NbrCbhfV1HfM/MMOXxb3qo3Jg5XZdd9Sspa9u1Ly/5tLVxtLPsagpmEsB2rwyCDnDq3r812EkGSEt8wEureH5/nMm3ifNoUfnz7kavZ0VaqRSInfCzzElZnotGc/2VREkZlWv8xosseBnjpfzrxhEKLilsOF9+SwUU9Q23/tVVFiJpN+qKAnj/latfATtsnNggVV56loREbrghPXmXGSSKIubV5j8zGZGn4rt5qy94bm0b0QshAbepQ/dHalgBw2UiRDzD+Lr+YzYssWI6a2hU6T+F/CjfAImH+6uzYtzVqePwKgE+5/KQjBTo8AvUrQwklzTZnGoknAIGaCKKGd7i00FB1wWk41ctTZNqpqX2rNJGijSK2+ElGyqGk9wMwdWQeJ5W/81eUCwBnOSb17kg1ybWo4aH6TGfb/O7BXOzDLY1ysXDz8IAs1BZH0ya5zSEN5yg1Ij/XSMrb6YCX3H/WUvbpZkOikOsICJtCXPLq+M1bF1nIZO/E739bb9PhUNoLWASQyWew3MTPmm8/51twnnFVtIHpm6UW1afer5fzmzWn2AlM1AXVi6RivyTMfuC2aN06zd2nub/2cx10toCbvd3Uh0kBb3icEq8DXJSi2shP5XUZtBQZmCgs2wQHhQA+ZGaZoE/ogjgpTPWdcHmYfakUOTE1ilM0Znlshb++q4MRpRxbjjrIiVwd/sH1LsSkTSC3Q1wx9NYvqpZ3hND3cmJcU2CaPonFBZIhdRKRL7a112KllaEe0jDJMTiBP7Proqqg4D0ht+YTffbr6BAn9IUAM+OnUixZo0fJiz7WCWoJvmtI5E1Vzp/lOpW52GaPkH2tPP5WF9oEgJQmdjpc0Kp76n0f0ZLpyd4z3DHe8qojoUrErnDLAsvYyfnMhKYSwIf6JuqEUg4cL0LZ7uuuMKXEFuofF6+9Ykmx2mZm33XKgoiq35VyaaS/CK1A4lkVYgTJcdqbTdFbgVc56pFmvypHHw47cS2kdtuKEB6N82rj+Ybzq1lC096AJ74G8QtkpCjf4mSDn2u6ywvfvTuut/fLkUDGZ0/P2OZkX4xGs87+Pk+Ch746RaSMHCJX3FUQjdbdv1vHml/3/SCcEqsvQGTxoRuXQ/xlKAlpQKo4DUEwcGMEu4hoayxedJvxnf4QlXkKFGPWQ1z/KZ6iSiBi10dqz6Q2lw0JvpgxqMTorXFcRMWFSVvL3sSZZi7ux+Fknwd2Tk4N5vsGu/m/1QG38J4mBoGz85/mUb+PusbETq8nibsGsMo2Q/kLYtl1dDfqb53yryGuGEJacX4Xk1mA8NgUzWXc1O37FZeMV4gkDBxTBpOLMeF3puP6hbXJrra21r00y7AUgb+hAUBEf5nPxJoe45Q5eP4KQ1RHZsRv3fO4nKhraLM58k6ze0C4y4G8nUXBsDbF8NwlyLWfdTKfBxt/YUtUrXbe88teakwFTs+fX8YEEgaqdkfi4JY3hqlnM89HPXlO3AoIhBb4B3J79q8oj0OstxehMY/KiND9E94bPA/cDE6sJj4oP1le6ZWc9G2D92f33QAr8PNRSvrhyw/j3nG6ESrkjrZZjh8CP+1lo3lKf5SAb/6SQV9JTtE8go2Fzr86QSWt98YBdidoNt1JwEL4OYk/cch9ODeMOSETfixvQZMtX9xggs4Eo52OREnt4aNzdifhZ7mj/IY/tQ1ACoPaB1KvyPNjCdEhdsT1of6cQ39fy0mUYtz2xeADnMIoYUohU8U0Yumdusa+nf+3b9Ov3fmUus722XIf7g1kvuDFk2vHqoG0jKT5cy7MAgMhC++tJpIw4aYP7RSOKHn41VU1Jd+9QQ6l3H6NoXzVo9vRwF7TOmAqeri9kcYPhM2n/wMzR/w83bdJIKbPG/d/N60/2s1RSV2fP8BtfCGJ+Ry/5t+t4abUzmCS5DZsw++Yp4bk6rIfRMjuwa7PtYYK1xXFYmqgp4/34Otb1dH+8Ns0qj8ivHC9u3A7gXhOXBEjKjnGoM475QwZXMYN+J7UVnYr1oqR11iZJg8blnxJFUCiSFdLqbYYUYn1vZTm0AakH47gDu7zS9kYL/gJi6CwooiG/o4YzuDYtYeMCl7Q/fka8lyZT9ith/clzcTdk7NEhB3ACNL5mvbeoPcdZGKl+i6vBmeZZ/dBMJAcDv3rnFeWD3gPF9CSdS2G9uW3d/rAV/s3ZIxImmru+aPpj7xL2trmnSPiZdi2LK+qFL1PNj8v0VsTO1j8SHNLI+mdV95eujHkhWGOLRtkPD37DVFRXfxdrq39L/+1b8MGtgqS4FJOVdcB3Os+U7J+4zcU9xXhkBEjZ8BaCX4djdh95rZTlt+SIPyFxhmq0U/YlYFuv6Oue+N/Luy1udPJntQN/xcuBdt2DtADkmkHi4VxguRwkWntyhCyFCzU+3AvoHth5Hj7tyBv6CFdHTw863Mn7+vj4RUXjQN1x8Gy2W+9YjQXdDzSsMXnN+/aUEVemDhvYuK8Q5kTNS2jlH10rqNHm0HQtR5J2mlHEWCaCB/OPH+J6Cpok8lkvM19nUcoPEW4F75HDrkQbE8vm4IhYbK0NeLpGkEG7C20cy+nRzT/wqnI9BLLV3mBa8KUo++trd0bpDvvs3HcUmSKEcuxbCR7+57E0Gq7A8DEu+ofNxvIb/Na9UWtCTheFT9TDfjsIX3RuS/+pj58zixHzItONufGNZyuLDY//xHm1I0PKckHPb3N7H7ra4g1j63nXNzVAvBeoutNE8LrEwwfw+IuqNb+yMe9LVc3kcY+QZr3bmJqA2yzhY2483jgTJhtEQXeF67QYk/RvqQtqg8RTYJe2biZ9oPYw0tqvIOKgkNUTt9QrurtN+f/SPwlAPIt8UK5vNPHNZDHPrFSMLjzNM5L0kjTubNLNwwQDYIzIA2vx6eEGhiTQtK5bBpvOu4MJShvskv7KkLY6OVb0LG2CZaB1s29O6FPDtteC5BjMtRzPTnan48n1YNRNJDXh7X/MUw8UCfdxUvbwKmpKk+P/umsf42qYIkB/wiKIa6W8pBo6zmb63DbvYts6xyO/GQRiwkqZfAYl+r7CquCL4qmJHhAofcbJzz2rzL4IMog8sSKqBSFv9kIMEoJA6dxcXAIv9MpcQHsaa4YbLxq4qnqXUhqUCACq2y1wgSKDpKda8fSpIiahv5dncBN1QehXoUZiZlH93u3zrXPhUEFTkqRtrLSAgVJnJ7sCyOht65+/uoogCf/0wml5fbo6gtfvJ+P2AqN6s5A0FyzY9kvUwkwlvbHFb/za2IfMw80N2iQ+w/c5nrlA6V2NZyr21Rj+n5Ko4ADJ0G2pUrbZhPqsWBbZ7WST3Nih5CYKN/xzOi8GO0zzcceEgb+gu3CrsnUfqboTSJ6iMcZKvtPVcG/yf5Ak5Nb5QVG/bU+TrHouae1oS+HvIzNUE0U0o2hKGpiVNjjgjA+A7eq09eLnP/xHF0tCX+VpVvxZ3eHkxKNK6MJE6LUXjypewAzC+DfayzCClxm8UrIjtxa/NHFs+7kNSmL0D1GPr/zbvaA71ZorVEUcXQuElVP7V+GB1nXsn1AifkGAQRE4gCWnfShFsYVAKtKo0/V2wBL2xkBEW5JfVHPnrwCSwgO5lAEMxbQRNinp2JPdTNh7X9P4WfQgnPrvQ4mwO8eVT0JHwO7JiPEYSxvlh9vquvnNvk3i1CmT3JJYw4ylyiIqsDJt7fwLN4L+sBPfxr/34Dks89jAXzx584RblGhhM0Wqxmfwl6fjNY1ooLaxG31vO13np2VScdS+7gRBwlArUiTSdcAJJQP/JRkw2dxYgji7xZtYG0xfe4I3Z+2kBPl9tmG7tN+fSdawsBAPf7bQzbA9s3QHJm2Yrq92dNgt6I4ZTdqF9t7+uxACrLTE2iLXbrqk7cKKGspzKL4GYn77V9sO6VIRXZ5vbpnt9lYPOxB+ka1vGnnQPNnPR2aTu6diRAgZhgL64WqrPckwNGs/9/tdB+FSczGpXN++IR+GflJdEXEw31IlD1fBbZV2g1lk1rfYV8sqlxybLPL4CzRPImRxjm+/qNpRO47J0rnp4T2cl2+m4X+BMOQG2DakQfHGvttaAo6B3RjyPxxofDiZHETP8dXFtjV/C71SiDFOyLQy+E1K3JtKcdt4I6RvUrHHajM/FomQs3gkzE4y3J9+DcZPq0DqJNw+v/VrUYbklI0N0kWPFfFwSdqy/luSal5j1DnVZM/qT8BFx7XCKHFUhsVXaLkyezFMD6o5sdfymU7pZtjWv5d6TKAIZL1Y9dLKwrAt2WYWhXAAbEXvMhMfZNQVymqrXmsbta/so8WGZ4S49/0phcr703rXQ7p7FJ42r7qb2z2FtLKDKqbJcdewmA10RzXqQOjEI2mLk+S8nQp7s4GKHHyprQ+5h9vvclPWggUYCRRkcpO1l6YCva1Z1XpUpfuSbN50GvfiW643pvvlf9Qu9i+Qjey/96FiM+orFwtV6iYz3vc29m+xmUAQmC5DAC7qUD57EK3nnN41ECM6mvVKpzu3UY63PMc4/imI/6MKzE0UBxSKyfj+/n/5Oy6LzDupQVO/rxSaakrvEETiWProFPoKDMsSNIMI8E5Y+c2Mpnb0A5//CP3RE2V4OAt3OfnE7OYFvNPVhz1fpke0DJ2cwRfPqv8+C0Ke+RDtSqWngn1tSK/nvvu1/wLj1l+sKDXL6LfFCnr4C7EYNJGD2zJD2dDt/fGvRZBGu3mWJFzzpyS9BWZAz5QpQxllYrMMeX7V06p4PvO8/uShGnQivSk8XSYbXLBYTeaUvHeO3P7kfjcjQzutaPDjC21q6+1dGnwSKaJUlzFPO1mm31P7Fh6uJhGtVX1F4G0mFsyRQheAFlZumxmS2ALedMHOj2MYzbp/ZQ4NNjrwS2XjzYOyXqaWzr+/GtZDt30Sl6zPUmPH5vc7lO7mn/DOFtaE17qEPovTTnZvhQoi82jjbcXbXwC402XPXx7riKb8kK4uuJaj0edx3a8aO+OGbjlM7a4Z3rR8yge7HtFdgTXNWeSLABdhd8BMSqmjfRu4vs1vSLr7qWYaag9kY/M6Gu4bBxWax9PrssH8oujHyqfm+ILdjXaOwLKxsH0aKNY0b2+nOtuq9H/yJJzBzuhquInjGAQr1m+4DhcUDEDBjvVHMxIwF0lebA0TDAl63ab7fQa6PXHb+SjV3r5irpxdr0wix06n3/O+LvnfT6OR9AJvofL1d3NJZZduA8dJMiv1JfVIgWzMzQ6rkhX6pO+YaDOf8S5UulIblN/qHiOCkraYZ+FUcJ7mLpBKatpEWtimutoUrnprGK+qaeeEiLYDy/T7/37rSwPtjlWfScW11vyMI6hhDHnju/PaZ9w+nXwt3WwzkFEz9++ob8Z4KoHxygq2z8GgJxXSPE7T5mAS2NX2XszZh+uuYhsFDYIm36oGiKSrakT75le6LWxTMvQC5P2Nxvj//uPtCm/JZuOILR118+zCepb8HoLPZ5vdUwHAqHs/dX93c4lDvMIS2cWL77R90If5lrN63qpEe4jV0wrcGSoJ5QG1AtxI0IBMu+h8OZ9sjvqCH1stpnPd84LAMtpbvRq9+1FzNMt56nMfFbym3LsgJnXOrwXtUAji9uQJhF1k1N3bB9PUwubv5gI/SLOdHmt7M38bTbND/x7v+cYItQKf7US2u4Gl6Zv/AXaoctf4gChp5F8IvkALYN3JqH2o8IftqimAOnsZPs5oEocqXqLzhikUpoUpadq+PLo0sWSKN1owtlu/SFCQLx7/HRe7rCvZHGBPbIzUZoVVBkiID9icYjsz9+Vt7/MTG5mO3miWJdeTOyRtQCH5BjmTLX4/W1VJlblGNzozypZ5S9FTcSRK1TNbKRE3Rvaav4H2drZiIAZ+vTjJfhivdF0zMQdwSd2iw/4ud5ThhuMHfS18Df7CFH3DKDmm+tJHzKX3OWRAMi1nC4DtG7unrJMUMZm3CdBJj2DNoFSWtHQC6MlspVd023C/FnvqvJvYwY0Cqel7VOpNtWI8GHdUNzMzGzFRMpGtA4Adc0EPMMXpzumiO85t2ujkDgQKvnev2qIuW3XSF/VbsAT2fk5P/zatJCrmJZrK+Jbxj4C7+/iRo+wEng4W5wAISOO2MBR1aRoeFcPrnMzo8yfesjsnuIFXQyxtSVwTvByHNGaArAyp2Qr8cKBFbcYuloOfQkluMWTWERuUrAKXzt+8GoBHXTzejVtoPMrhZ2bWg4pbSLY5P7b6mYe/Uny78JrsHsyqj/Kij5b/gvyJi3SMkK5V1//MDXJWs65eete6QcQ9Ct7oPi7fRz/Z8/yUtthTB9R//ndwoV6cQ/hZQwyOO2MBVZoN5+90WDp8LWpOxx9jj7HH2OPscfY4+xx9jj7HH2OPsAVWZQEys47YwFVmUBMrOO2MBVZlATKzjtjAVWZQEys47YwFVmUBMrOO2MBKAAA/v8U81PRqejU9Gp6NT0ano1PRqejU9Gp6NT0ano1PRqejU9Gp6NT0ano1PRqejU9Gp6NT0ano1PRqejU9Gp6NT0ano1PRqejU9Gp6NT0ano1PRqejU9Gp5Ada2B9Ng259Nd409YCHavLFwYsoy7WJq/vddHd1QaiBfHWZOcSfHcc55KS7UGiL7LellptogkSDPTslqZR+q9kY/i1ZLsEkJtjexYV4gpUxUIi1R9jZ25gJH3Dr7ZzfZgv5X/Rl9Wj2yJtULkXCL352rksSiPjcqAKEM1BVEf8MTcrSQdEAzCDp5ae/+q2vhPom6ReIgS8bQIoz8nTnZ2Vo8FtrrMTaAn+bV2xBw/M0snUQW73PxA21eQHTPS121f0B/fiFP68o+KqLBnU4uWw5pu9p2RtChs8x1c5pi5rhrjFUtb5AGeqDUD1/aWrULu7dL6ts7perGi3Lzw2DqU8TxBC7VPKHGuaWFRB5FGTecx5JWx0k+pD/RjOWwe1KPcHwKiN8tsxkXsgvam3z3fmp1odC+gLM5ClcnGyZVxkdcT0bq3FrgfjYOacdv7gSduzr3qZLaU8VXAi8sihfSBfDLVPrcwX/Mk+SYX6J2NdrnO7i31esrfMDhm/kS38Q/m+vHaJ/0MPga4UPEY6trhRhxIoWaZtSXze5xoX+0t9eiSRlu56ZFWXpbdP9xhaW4nXohEmDooyP4P52kTTbFTgeKYSVswt2fsq+jD7XqoVlh0TNiqAc8hjfLtzSqFAO4YLD/8Wtjjw776gfQl82VxZlPpXt/Ec+CZutW7x6E7+euLSaEvT2SKtXuPmaRc6o5t/nUspfAF8tQs56QNVwPUh5yYODDWpQ2r7MGmronrUhdA4KpGix2pO9deEUEhm9uvMCfbh2BzKrhzMdTlWnb4k9lFfcnCZDMk86KMqT5HwV0cZYX9lESuwnd+pttuGdpaPZch/Q09xSB1x/blQ2yDwvz2x4pvSeGZ9wwaywJ4Xh3Sg6jRCVD8aDVbqFzVYGZo/sSFrjVvSSQKaegf4k0JiDCspJUSUQ8/4o/eKLnPwVFHcLkykWpK25WZ9FV/njsPjdCejIvDJQKENuKCPJIlLkmM7lGsylh/+tPa6DqnKESOqfL0xi7patRGUb90aFodnQV8FJkAHeQGklQRqnZzJaiCgABLfLgVfQlS7fWyX36N39ZiXceSPOmMmR+SVsCVfJc88JEPlYMQELPAI2noyVF+unx6g2vDTBOEByONHmEEylp9vRHqKuY5x7KsJmrOtOf4hY+/zYfr/qbmsOMnDbeg5NKrSUdpOZZgjscxTR9DoabGpiQpXeGx9lGXWb2YqLjxSqxIj3TgeDkGqzh6OHbtagD407Qj5n/MRWylsCpZ+ehtwu7GXe481lmdL7xNjOBmTunETyccQ0l/LC6prUSoCaG3ky/nOYIxJES0gaf8otCb32la+v3JLGiNpRtsm3J2u9UdUctizC2T0ejriTXcJaVfqVU/7X7Nvpe+ocVnatTgZfaPWIl3hvlU09mzhRMoMn3nRvA+AplNw6Bah2resL2oXvt/bPiqwbJeg3dEYCCkSau9F/hBqqk4DpenNstVhLY46KF+2K/tljxQqAnp1XDODa5N0BbObxxGfJLIRASvucXbGioycp2j9YVpEkFL/CpbZPfDKI8+8tcZxhBLVf7MD8PROT9zXK812A8vYdF18EKebOn7jBSZuIpr8Vaz7MDSDVOv6toY4QDJh+TuQyZpbD6/o51Z2dGkuesG08n1VU/mC83WrVjSt+dKqXDjtXejLRt0r0UGbdUzkI/xGD+LbHyryBotejkeazuZzfBaZGEsaLjOmf1uRB+tyPLMXZa11LpuCTglcF9wb/3E0MYs4jZPwFmBLFK6Uajolu9AG/mJyp8HcPJfVy3HMFXdrSGAt+xPOP5rrrCPiOPfzepT+uYngDHK4X0qGstQEPAVgmpzC6nkXv6ZTbV5VoWKMjAyJq9ZFoQFbh/Y7XYoPzmouxKJbLThsKVgaOZ+5IfLAee0SYJI5CYNFpp8EwOGgmsSUu9XNkeMiLUHKk+2jOfASICggWQZ4+bXG3sfwd8o41JKfJH9v52ZmsOWi8Li0I2H5/poL8VUKIKLWuLNoK5XFKViAL0Gc9eu//rklRIF58hT4AdT8nvCZp7O3+iCSzPuijhzTwOKrAXviO68xojEX00X1K/CWf7CpTMECIqKT/okFYhvDEXihfB1LoIXCuZFbaDBEai34kGUCEZQwsbfmmGUJKA1Mx61dKt/gdOF6dRCkh/rWv8QmuNpKCmQiNYaXhia0ZeuMfxT8lUilVlMVlsSE8GDZPsIJYpNFOT4i+3ufR1LlWw+TgJgcKD3ewqETd93r7LMBkMj5KuGQBF9rsqdL5HGmdt5iZZ665ByvhNGyVI9FqEKR3dj4VqN/bd8pUIWDzcGJkuuRRAPU1N8TnD5gGd97ykqCPAWuzc7ZBSu71+vdpV/G8bcZoZCn4qbbcoxt9jT0eTYhJscW+rSIw+oapy9Z579Zb4bQ3tHGprXOcWWKF8SuZuo05N1jKzHt6GPS5HI++i3RvvvUpYPPRMZu/zqP3I3+JDttSrGcDKTTFOGTVXbHd3aDpqXBeJG5F71T1FEGXCNJd65ruOdJVA+L7YngJxnZlj2g8O1gXmGSrE1xLP8BS4TIpLxVbZZDqeUyhuDwr1/x3MfvpCFa2GtTmOX4pi7+8s10AYRN1gRtsAV0/cDPqQP5z5EI2Flc8hWQQoyAI5wy01b2fa5ov3RMj5E2V2qLO+NKBCX6+jQqLfS7NYCVpEvBP0Uo2Yu6J0H4b2nAktbRZ7zGmRNuJZ5yCpG30+GAxDhKX2un9vR+Baw+x13IVNtpJBVq9JV356xfFkP4WehPNFn//JjmMiTGkn1x3NB2u32hXZxOG1Uc3chE5Bv5m9WY9njf8SbRuUYRBhWdOL2q84ZeSLx5hpyUhl2WeZ8VfMhuZ1qRNAW5NUzqBER+FYQjuXxJlT4Wmpm/3pzFBIbbnxTG6wIUWtEnpMVxeDIxBxhATD9BDHWHk1TAh/7XEzBafqNvUcfq/fnp1w7RFPRLChHznCbvbfR7DhoxHPZwAzu6odbITBnop7tSwl0ezNQktqL2sv6RO/uQjefYFfMUDmTN8gn9F3NjOUobYI0Y1IBLbBWisW/DSoqeuNTwgFQJvkw9/uVYyuiH0Mogo0DEU+xNdpTPQcE7JEAg+n6ZLmuGMobuomsOo/WyAbUkr+NG/EU7RNhdu3TLnZ1BsG6DdJcw8Ud7L2e49399dRXFVxqkXdwo/MWPddl+VJOldYLjeDA62swMn04twRH6UQR+f4yyturPCp2na1bmu85ANkLzfEvlKfhCcGiYnjcvrRGgAqaPxhp/Eqk9Zn4oPs6ryDjwjON3gcOWLaM4PztB/IW+t27MOHSO3F4Fst5+t6eaWOEfwDEIjcU58OvBc5iAZfZDz8dimwa6iV30so4l3u4TGwJRVBcO7PjoK2SzRddHvdibTzXs7v31o2uCXeqEMjchgiuQKghDFgBxzqdprG6XEEZaH2mbqfEzUQPNtzGD8Nj5AtZuemsUqXx7NoJor7SjvDZ/yrbEfaYI+bLSbSIq1hMULfjzlu7yyqtmwbdlSz+Ka5txw+0TH9g20U9LpGYQIO2bJAc9sAb3h4LbhiZFLQlB52piuMCtsToFN9F8rm+nFeEuA0SalgzzARHKb9yJP4WWAycTNRT2ZBpX0dO3S8t4j+uZLos/uijUbNnuWoi+Bx7w6GEb3/WGdDHVWjWiLWrF2BB/KQcTr5NRrkX3+TJVIUUBARw85ubU5Tl5AGvrZi8PLEmejbsC6/qBfoYp5ZL0LtxySon7kcOIUicZqvEGXGO9i9+nYN3G94gUgYvJ1l6UjixPQbos78qQY2R6BGMEEo/PTLnjbzc2aq1dGMIulRY1xN4Gc8fzbKeel/93xgWZSv6TkkGVzrDwi091sgi3xE4QW/8SiouLUgBA0QsxUKSKWzayKeiAYsO6vMQR+Kn6LUUKut/e31qeii/jWuKqq22vy5JpLVyvFexBw6XKMj0JYOdbHuFrWKoaBzS1TtXVuGK1NOgCMSO/c4Lgjz7gSsF/6enYp6NrN0MRVEg8tZ41OSGZ7w3jfE8mCr4H9ftqtuqlj8Ydv+GMf8uajLc+9tpz6tLWPPQCOaDvejZiMfz2K/M8q+vODQz+/4k2ZuNlZZ/VBWu29EIRi3Xt9zpyYAf6nRZr4VOQ6PYcOE1JE8e2oUIYoJptjGvjOyh75/jJdjyeHwnbLyMxK+eHDLFBjPMLcrxb5zhiYu8tcfU47kWwiK9YE6GtYEigKcYqBwe1oyHfY4bXObK7NX+Ithwcv18TaixS0GatssVJrlyN4cVc5KhE6NIETJ1vm1WaDupzhXTT3oUCgcoxwZTv1o2IhzGnTVWCt9Gfe7UuqJctrHKcD0werm/5nbemBMe5qTJOcKM6dEx72rK6e4DSqnx6a04hK6PliclFhuxZL5pkdJ/vxCEOz90cVR/ctsScdCKHjDZJq0ZBeWC5ia3Afb9ZhWFYIrif8GNo/SvCRVP30Jy0zSLaVcngwnDrboc2+YAZ8+V2ZyVMt2unhGFFGCgzHrY8UL9j/RYdzkMumgU74cGr0bOybuyEpxutxGi//zoMICIW8dXvnRXnIwdYnJgEvBrRSPf/zvHb87+rrH/y8bRyhZIjhs/PsSJEs6r0SQTgo8Ua3Rz4BulKA9pdPK1F7qx04OjB/JQm1gI6MzYtCKpsrWMxDXMXgKnhPwAEgEMovHt+UL7jlMIOlhDSGK8HNfsmTJLQbpitthFbMy9CHAcF017wOOhQgIFL987c3Y50zzU5nWCoVQe4Z+7tzCbqGcftnr4nunvwjp1xVawIoliImaePw3yVCdiaegDpysFI3UahJ+xabszBOacEMn2JPb8gGM+GgknR7c3s3epNkr9e4QVQfESDUU2tPdfBYEkkALTY8nMyJW3boxOJUrRmdZmSSTlXkJl6LYMZFBcyQAd9H89f03rySljTWjKYIo5qeBX7EGzqjgtWkWNolUQEYvKu7l3moT9cXIpl0asRvIiiYPx0zqAVfQ5k2nDIcZfjHyHyurqRkPt8/eCATqAmJSGvyxQB7i4oLfoZ9njyUG2MgQNt/xfa78+vBp0CFTgtf809Qh+M+inSclZ6OEXOKi3mo3fZtzNrxQVLIOmfeNF38/ox60Bb/DtXFHlAncekGdiJA+MkPiSyEXUqr8Jtg9I5EEwPyrkh270a/mYmTl2da/e4iUlsix9HXaCD3Z5K7S79zCf2bpUDSplVMI0Qp8DgpFQW86NDjPRTagH+tdmUEsDnigRlxEMvYS1ZRX2qAbOgFfAKjMrKTim+qTjLORPN2mZqPyRZ8QHrJGyg7dZHlEL+DdX5DU93IrOxponPT0ykjdjFZ+xqVyX9QOKixv0cWonKIaF1tiTFwJKAqyQ79LtvKMyv1mGR2IpbLnZEYqVDvH08mbznpuhd5dt7TMNZTGaeJz/dhwmJFQIJqu8j8C9kRB9EFPSU629saglupGGK3dHoD34SdzbzHOm4CalRuZxUP717IaOtOb6SsyHi8kV6e44LnSzJJw7kYF0Mno/o6ccWhst4fTbYXh5r3QpYTnETRzhxc7lxpkVSU+u5iI0YfmhVtDBzbF5cvXxgysYT05cY09N1M3kCiuo1w8kQR05HoHagLLiXFVc+cc/vW3UA/LKAcq/wCezcR1mp3QE3/KACDmJ5lSbDfATtDNwruJ4JLQWonXtGzmgduVbeeLIN8mh7SE6VxGtiSn01FZ+hcp+ubaeHcaKOytD0H03jBTayfPDCLhogDT2M0TXilvODuX5UD0BaljcMkSuZ+4BxzFdn0Ap1PoUAFZfaz6rJdC05kszJCaXDn6Ujv88vR/cUh2C1RY3VJR3hVLajS/hPeymKK9SR8cbJccd+FfVEjszRFLpSNhtTzJx3DVnfGKQkZVHNTVwO1BaM9bMcVM4VCpASZydKYBMh9/5ezZEh3AjfFFFXdIsYRhH7Q5Do/jYuhqN760Ofqn/OeiZQliWy1iSQBZ+PbxZXZeG7getH3r00/E7HI5Qsl1RVPCKA4GG8M0p8ciscKOINPCaoe9u3nuJxFUFz5sSoZY/WHcxALh5jSzM4IIp+U5xDrhIMh3EE8dZSPfjVba0h5yjm8e0khgP9nXqf9t3kfi2b/HeR8tiIuyxMSiDrqlKB8ymQZJNShGODygmmcePQ/3+GPdGDEM6gAhmP+xR4QQnyDKSGJKb1xu+lmP7d1fKN1mHMrmCTyv3+Tfq9NvEozzyjqP2ilNhZH7nngeJIs82pftZGzdLSVLa1SJjmKTte80UM02EsqZXYxqwAQPMbDrNc6WWHJpmLrm2+AE0Ic/BhSvjkbAa3vx3cOYtWxOp73NHKZfOEj89R/sT7P1YCvSmlpZ4qkJOmwpWRrV3dKLFR5F7/VgcBSommtYNPCaeWlaM9Z3HZaq9r+u3NvMEqHF7Qw4xU4AFjc3krA34200dtTOinULhaybKNUfI63xYkh9VrOCO8lo5t2F7JJ2nN1crCO8eN4XiwmITRLI48IKDJlfWislJJpXkmzVpHtaPoqMv5S55zXoc276aJkB0jwUHbRJ4WFCqVZPp+OQ0ObS2/3PXYg81IYIdbq/KDZlsA5KL8ZtVChjmCqyd4yHF2TYBwtkTMt84VmHzZFPsZGVU/g+Q/eT66OSZB1N66XAAqroEFGka6h9kShY4xo4vSnBctDk8qSQyRR262fcXNhlPAaVlJBSUtLqOWGfTL+mlAvzjf6IojqEit2t0tt5+J9Hlh+IAhpoU+6MRbls7Zr4lA2tjcpRs6ESvDOVbQSZSCkCPgQltlZOQGqfjFntIroNZw+Jxp7DdTql1AZZh57TwBZjNoTq+Oh6qsfbES2hgv2YNRJBE2k7pk3r59wisGnzH+9skqgrYEonfYc+3LBaVGmhm+YH/lSDkV+J+b+4Vo+9CHWNt6FlQ5KvZOT4xhbgWZ99JHw97eR9xCd+ttGPMWls+/eIMzpM8HTdmHrTTVnbxmtHYkMbVQs4F+H0dgOKqGYh3gWRebx4QFbCanyNacjD2q5IszR3S1vPfD3FKwQiGoVqK119sLmx77g8IacOSFtHgMNdQnXRmjypuS8C9cagHXXsE9DlDfaAnDX4cZAUg1qAvoU0tfaj///S7J5hnVwkW8a/7RKGJRrHMWqivhaD4srogdha68CTtE/WTkvOblWSZ5rgztkuVDWjMu8yaP+YxOlg+ED5ng7aBxIbwj7NrAM3/vqjRhLfewdVtk1mVmw3N43Tq0vYPrgB/NveRfO+cto7MWGHikOCjRUl1cMLS0hHAd76d67x2Huabt5AsJ48EZNhIAjBXIAEI19NYxZQba8g0+3gHvyNbi/3xNoyTleCU+DFAE2I1zsXpRf90lEnf4cUcttSrr2H1grIH0cKV/ww0R7TrqdzSHNB8ALFL8K73mtEBlBCWJxQoKlyR4UB5ela2LM2VNMwkCE9hJJCgDeVjcbLZHnn70IX9epE12AAUW0cEmH8fb/aEfT6g8glqrlwdE7oNnK1r7BQGPjV3H+rBbdL7IEdJy4iQNCqEKBuV8AuG2CX311r03aohXvh9uLYs4+QTiL18visnv+PMxNYxFO6HtUexeYkXmIxj3u3kkYp/lal2tYjtY/bwhb5yDLrIn6+drEZliEJzbt/jCnfypoulBvpRle8LZ7hsOl/RTNXzRbQLpj6q+TQU5m3qEicyoVpSwg36pPfeI0OnKaKDELD3kgHVirwEijH0iYwf4PftRfTjwpxzmxxeS+uASecINYi0q6V3eD4iSI7mxpumrnWeGK9SBKEdmDZqNg7nog94nIdt0f8AxBvnuFg4HEwYNFaAEsdaTyFN/BZ0idCcdiGsuxVK8r4uGVLQeOZqRb2UE5rSRQeO85Gp59gUvhD6KJIaWjSEbLtgJFbI9lctG3MFCBr7cgzO7bh64tJr75vwSz0nxZ7G3sgoQSJwHgfCMvoiZyqlTMHQfJtPDVz2Od9JTJINi5IzC4KxZevOXxCrlFsOHWv2tASACbrQEuLtnRLGo8XCMUU5Zei1BjWrcRK1eU05KPyeZXyd445l1t7cCLMOXOeALj/jAkMJjbUPExNZTO9x5cu2cDEfJKnd5IciSfVWufsD4qWThlxJc8G7iiXTdufTEhfaGpB875NJsEwnrTMZPZBe0zREF+L7PakXN7TuGPkICVrqEm0K4LnbgvfKnbTf7hB1hVHjA6/gae2nyOydJEPXqGIg+UCMOF4azmYMAD4/06q+6YlclXSFdvXBlO0Hg+phqxbcG9pFHu4W/SH7jwL26sJKrsD6zN3BjNsKASZUXQHQq3sFJs8Vxjz1Ta0U8S0fEBzXiglRIVyG1zDl/M0dwJStOLbxKKAPvitYI5pXAWwxBsjqFTj5maPYRs4+7AB0SRb3VN/89sIpi2mdW/kL3okYlr+R/6vcdDveCmO9IdJ2I/LhXaY3GrinVU8rV0ZvLR1TD1JqWJTS/IM5T8yNqoWr7X2ljKBA8RPnn8e7Oe4XggJJM2Jz3fYsyPfewMq/MVuMwln7O3wKBEaZg9vnd1ueR4EOcu3arx8XLFiRYWx6s1iOMYoZYsu6j7eXZ+fXrTuvVooJP8niuLJP4+mxPI5DdV5S6yI2Iht/MGdpCDe5z6gbBtSD1u6NROB3DNltvgminJgWqNgFFPGHKDHNrC8CNFlQLngqW+J8w0jT8SP4nCKdwUCLBiblZ6zPK3l2+wZ0ML09WNBjiT/d0ZIGNPg/wWMyZGq8OsR7aoNsCEQQrM31NtYGg+BBKYJ8JYxSm9uycWQVjFa8KSYLGPNYhxJsKWpVgEf7Vl0EPm45WZDDQEMzpUzPTGxdRwV1Gf0cy34BvnuWTh3ailhdIvzeZEN5sY3CRmD1A05D0vj5KTI5bRiF3A0DCIGoHbkZI1ETBKIsUfOJEqR832lVjXjGPEQJQSnQEaENAiBZttcjNvOhsEYcSceNZic8E2VXkBYXluMkEXHYohxKr3ZvypuQ0PJ1UprYZkuuPigqkb6Kdkiot4yJTZR4A/l3jDw6ZKo4mOQnDes9eAhh71mEmCfO/PUzEZpRgiCt4OWceMY9hzUmqr1gbhwTq4QntlDu+DgBFij/n+s/MRIldCA8WxwQLYa1/5XUB+271tfVpRQ5b5NPjIjAC3awTSFAJgrbO8u0biGicE0lQhsIdj1WjgeN8/EhaDQ9An77RNk1W9lpzp3bLnyCM7NPm2p4q5mNlebefa9FV87sjn3tZwrOH+Qod9uvit8teFDILPcIjFVNk+E9CuFJXt+TDEaLiEHgH5l5RxSRPSpJPQreVrFKN9lSi8Ct6iJJ/jB+swIb88/9Nd0nC5Omjp67bl2W+Iok0FteBdrqB17O3TTVEVKFu0bQKvTxlZNVoidgWnbsaLWX/FxdCBLulvb3y76+GFBKC7ImieSXzMzo+pGTUVnxVoa69DICAwwxQmpfSjZq/CEHKBXBsFYBMsKqqXTatWOMhv106Xgp29RFeYF4Ga2R46DlPPpLxzN3QUGv2AK2aGT0RDfpswfCpvsjICfp9KGcrtgiZlAdSUhBy8roV2wFmFomLDv5QackEN1eoweIOcbEZ+f0V1yxzYwvNgwm9bGLtUHkb5KBjed05ihAW6ak+KcARw1kEd9wjuseW35ZlkXVjIWucdSD4toHv9IwKwI0O9cp001sMLfy3i7hy/RBh8GnRGmS14FrN6Fl9nFmwjMQK328rOjFLvDx6e1hkSXD2C3wPcVTdrdaoFXLKYZjs/mhSEMirPdt8GVe2sEUDFoH7gm3n74DoI6lPzRwWhZnAymVhSjN9tZfTIvOOS6PsiC01NFAozml0HHr4axoj0NC5udIUlZzID7LpHGW2NH3VHQUrfxzPQlAvOqBrymAN7IFvAQBOG0YzvjUObHlx7xk4BS+AIj515it32TWQc1mNlFijDc7KSMF+r7ZLJx3RrOYiib3c+yPBCYE5sFL0oDPud5CPQZ6rV6ZUNENPGkwqMFEMylZVGLPRq53lScerdNdcr2HUh5XJxyKvVXJ15OQvkV84sxFDFSWcGZBTKg+sBXZputvfVyfLy5Gt4k2S3i0SBD1UiQdklkuOW9/fw8t4xEW1te3YDOWvoFyqYh2VYUxskS/zWNlHADRNOdxrMZAruqp79U2isiOJhMYfSbjqz56f8P0q728Z4zdUzuF8lgIseRbMIlAnMxmBL883RAVrjrQS5fmMbzDY7NvDnyeUlKuIGRum5QybAqMdpBDr4YJb/CGdP/DN0WZGvMpSHe1hnHdQEx3P3aR8txZePjdiSXSiVEsNqPlIktsKgduw+UnTWl94ypNRaSs+Vo18aCt7bAToL41j/IQ0popPVwjPiX0B25Pfj+meLGEMu4O7phKC+re04T1sWBYt4av+derL4SCGAUUhu2Hrf/M+nRlbuxC3F+mw3NMpSaPGN4zAfKHZXbkfu6DQ6nxM1kl3jmwvQW5rZREIEHwp26dopt4hpEguzbhFLckPzEdC73K+1ZqMs04LUdKM9uDbivFuqAwcjFjWMehc3Cf5KCTuaZfyGGTx/MjrzQTHQtygKLmMjRLpJVYt02TaoEBUf3oo4nt8bC5gKq0bfH81mowW7AwKN1nU1PpCd1VuCHihLroYIHFk2fj3NOZF8Y0hW3MyQ6xY1YtqFAIIr7e3LNK1h6UOAK5rpSiRTymyW+Ns3/In7ROaumyo3eE4TArp3+dmDN1DOJDO5chxoFKSLLR23WnXLl70kbgAhZ+BUfrOhu+/j2WAe+m3/gS9amqKavfLEf1OwKJUMZrGeZihIt5jzTLPOJdu8U8TMplzkN6DoRAxRvC6ZGuuRa/jkGWOgEJs64EJXK00wZmTeUWpKl6u5HUGx9wO9G77eR0US77Q2eP/yet0qhJyb4nPjKU7xz2jXw+ty7Xad5N2eO0HTo8C7erwMbJQFRpY8kEnXDfd1QHSfAyAa4U0MsIJ2RLmIM1honRBoVdQ2orS5YIsUp3JhHbpTilMpigEKOUOc9WvD8sdLvwLWbIm0ZRjUSX5mjCUuZOHnncaJXDn7Z7u6KMnO8pitxK/vq4vgvDU9EsiHz9p/yI4hgPIsMz+j3Lv5QaS6zKydypBDEPqCsOoB/EnrqU1cMLS52t1WUfiC3mw6jsL+ydrs3iuzwmecxaO17JDMJiLGEBuJRmuG9cGhDrEBmIyVQwj1beqb4QGEcodxEDrzcW60SAtdOEpPnPs+EKuxMWhxQ3woq34y/5JWZQlV2YihMdNwTqXirDodWFPM6cgWVYTFupy1bh1pd+ci0X0FnWYJcboAHoLy+1vsLkps9Zb2QxQSArWqxCznsXAnR5C6oRFFGGzuyt8nO7Pqj7D0AOAGoA6oTp3/IvuMOOzs6FBW6ROaUDEC28wnORdmwLp8RWsmUh+Nz7RsQ1REsT9ai0yfv8rSdbaeACSaC4nuTEjgAiC8Jvr4x+pBUXsPPVhKMz5Jia1ZvdwB1xjUAk/9o7z8LGvgWYXPWo7jJZJMVpMAuEGaXUXCH7851xaNVYuvhKzjtHipd83fAT7p1IEeBXdZ7UQ6k0XHyFde2P5pONEwTjWd0nmqwNgdZnjd/cY1dMz3v09TQnikUo8E7y3kNsZ0dRCCCMIvsCkHjQBZkoAc3LJfQQ8ltqqjUyeouYzOzDXdsx4Q1XQ4R8aL7AOeom8IRQ/SjSU179QtOMiDuQcmMxpuy2NWiZdv6hmhl7B9g7AM5daNe9v9WWEjnyU/KeaTaC7i0fg49vbRVHk99ROof7Jm1WaKgAD4YislM10D2jxn7Drpv2+RKv62I1cZpbbyml7gyg83hhEhGSwsp7flEfFz/HoN4ljtV554v1SAd0tWjbgB3TwKQ2Z3oUao6xZhToH6DlETNnl1/NRyy25LiWeL2L51FcLAZYlwJP5WUn4YUbNzqsUoaNB5B4IRD7HHvXDa8GsOE7I//kz45/HqhacbucaW9lNb4UL67tSazJFfBYaJ11Tdo2DeAjcXOe7IdCZjiEDD+hvGoZsKEIi1g8hKN+hbaYemiveHNdKdPs0Kp957HoOd/TylXkaqmVA8A51q3NPqESy0Buvyvg3W7EdxrNZs2IOaAFPj8aitkZgsMDZCh+q/ZwJXC/AZGMi7q0Xd/ZoG82NAfj777/nGaoQcJAhQn5lE1d7H5BAjCr8k82TAVKlhlWOCLu4R8gtfDwNDiPHNsWmD/fTrb9FKGMjpgBgbUsaeEl8GFXIQwWVK+G5mpU0ZOhZTwEF4V9eSjQdLMmWGI7Tb53QP1Xp41R8+Vh2zpMTKgXJiuxV8HybiOyvGalU50uZtX/0Y8/4dLqLecR2rUSMAfSwWv22f4O31NTCCqenzSPSrYvx3G9wZfiN/B+0G8NpkPs2k3YR6GVQuGi+eM2ppvz8x1cTatdc8iNmFcTz5eG9TWhKkX0RfVRgr2MXD5I/cW4/MNFr/bHLEsOScY1zyqcSrGSr5Ir/4NWv3PfiO9K+lANA55dGvm0Kgw2r2gYPoEztYxLhB1QhdEMli8OSyWxXKEymTwtmT+fNKHIskQXphCgq+9pmhTjRzl60P2i6ROjFhMoMD3XLRd2j+heaemv0sRNhYBShky78E0x8JH3IqFdWGLat1BuPeOj5eHLvadbDxqkZCGStE3zsbZtOidUMYcrUfrFGZOcs0rk+1kN/d+IHySiEDdeedwyphn0cfRYxiDscbQl1NPBZSTGn8UOq2nM3AwLgelhIdTQ8Dl3k7kAJ25kUdQWOy6xh3B6g9O4+qURVbeE5U03a0y8CCvvuc/3ZnBkuISD8+KrrXI9lqqcQt3dVjpfDGfm6e53c2Uuid+zclBOKMWvLdU1vH3TyRZ/aY8r2TPCVAIjXlKoT7D3QEoJpE464r2ZvcOI5tjJvclnXKLV/oJZqUXpqfBIz434vT3/O+BygEv3V7lpnKKKoeHkPf5zayr9nC4p9kc15mXenOryuQSf63vHvMmVksTNRiHsmYQlyD73q5PA9dnszeLK1S+6melgEH9PBenLB5CkV4QHFf0tJqTF0ilUHYaV1XtcakiWs346cR3aRogbJW6ShUKIKyO2SJfe7N3uZ+d8uAp+y/MtTNIfgWgJBi46nBnKrHi1vJkm1i/dKW7m/nW7iG2JdAWRNzpDvlAwK+NwE6Vf6T3qP/jl90dX0mrfXdGrjs0aMUrAin/8aMTCpev4W7VybJrAMgsCKTcXvxPHi4TDmh7TATvfLoIyXLoy5q5lYctN6fUV2WzzPvii+sashjzztn0cSs9T71f/bjBCa6tKSjmyuQm2c9YvVbeNVtYgLgUKg0BjNmZCymO53ZOd1hIpnqk61Xb+2ROaopGxOXVV8oyN+IQk1pyrt3QdL6mYHqW72htJYiyrpCSK2GKqnfqFtmQaqgfcelQB2eeJOwhFk6Q5Dg0LbXq+z6n4edU9yrGfmRkUEaCZ1HXo8rC7vxiEXLX4bggeWPmQEzu4DIxfMwkKsGPRkU7QNok/Dp62sqGXDT5wXaZliUy70gFhlrvdMX2fljLUW/lzCbMqKijTzLpuJr9iwlR6/4pZCmLuKSo+N4eJfCuFbI1Et1UbeFgF0ukSakpHo2mDl0gGS3SYuYo/BqINCWAa2IDaqaHBOGYoUiQQWfrRWTh2+VTKr4L6ZX4eBIotbH1GF4o3ZUipXp6tNNu2q/OrxZUmHfRvyeB68WrqO0LxWh5yXizcXhO0E40jx/nsmKgy5c95eHTkLB2zCsG+i3fbi5rS7UqO+JlJz7yk/eD/voxBd4NmaiTtxBUv0phyqqa7PFKf00ohMv4D1JIwQsN2TTT+Eh3nFWLlWMiryJIkUdmzXdx3Leth6Q4l4tHHfX32SSM4Ovscu375VUY6nJhadCR3uzp4RsLXC+Uyg5y9RJmjT3ps3FOxsX50IyWAQA/WVYjMoMb7ciwL15ma8bhkN/Gjns37YpU606LTc0C/b/LI4RFHgPQYak3AD3AaMeU6FtXXsGHwiyWg+b5rJIJ70XmhXTtg+Fp1S6YIMO7VFQJYElQp0euIhKQ+jP3NwBjjvtm9DoVfcCex6uENMpck9rgl+btoEDHc4Rn45Pn3AcfmdTpTbW10FHlNDNc/H5t7zEU2AHjETo867wWX52dS09KksPCj6YgGCS87C6GNJIYeE22c/UJQElz+rj/mri6+8AbDl1Ny9aP5dEG1vqj2nYc3Nx+9siTK+N7Bv0MT9v3/FHpardZ2b0bG6VRS4CNx4/Em29xkS89mF1XMQVJQHXxT72C+ilcg/ic5Ba4Se+UIjdyuxqbkr4YIJgUMDInB2scrDwSY6LOpYrqD6sC43ingIWU1nlfL60yTFm+3Sj++1s5QNtoHp1/kLrypdeUqKXKt5GlrBBnfOcuBpNGRGAYdqCy8l3QW0W3+J7WG0t8b483NeFv8SQNOHuQarn/6XGrKYVmixf5ZA6lTEmQMKb301dNq6xh5L0+q6yUzjd3sUmbH98mjGsMstgU8XwScIaZTf2ns63jFFSYSsYPtxt9poxAXkVUwKLfwM7wv83d0J6PK2hhrkHBJg05FSFLEvVIRVqQrklTdVQ/muFM8wM2EQOn0NMKlCxc4pYSBRznwN7SOaqICDwQRA69/c2rnRnCPzvy1jv+2NAX0WVh7AZy8O8SI8W3A8/6XeGaSzBTdB8rHaunurcm8rFWIJq5Y1hhxeUIIwgBNScDQJQ1TRI16qU23OM32EVpehu8qY/yu1OHKjz+X+T4Yhrs7OjtpJQbxt+V43nIxPj2lNOdyRVi8naHRVP/1djXb6vgCLkuHTKw1CisD3KvW20iGY8s9dKgJn7wPT3oT7NF8ZY4HDcMtv7hriLO6lyf4DYbiG2B4tsIvvU9wCPfGxfiZ5i6TtXfWYRQphozK0JW0JNx1WvzFTI2ttHhyftvAs32oYUb6fh+wsVXskm8oRU8kdPCBFXP4bBg/Veomb2crB9b5Z8QzcxFBLpeiykHWnA5r5hvzcxjf+guw2L+dhhwtDKf9qPZkhT0/2/508DAUSCwP/yCmu4P1wV2aPWw66kczAUnVam1zxuVVbJDwOfeboeql9FcOYjknOEOseY/V6MXQQODhzrU9UVB8NVat16LlKuAGzqg130WqGT9GWvNPAqZvBD1TCT57M7dmWO4cu9Z05JvreMUQRIKq0G7KA5+GHDWOm0L0qhmlbpL0JE7ndWSFoD3+VQP00GOunlOYPa2uNzqqeRbKAdHm29qKKIPW+/zJLZDgTt7t0pWkQZ/GE8ALRhUG4K1tT4t9xrjAk/342tA5CyHY5SbiEndiy4rUk52WYnOx1XCQQ17RebBZTF9Vjy1EPYR7SJ9HazrBq3fifY4JD+FtLfxtS4VeuF7vRZD+KT5AIUd9KLIxyeUZRGj9MFPqGJx4FC5hvIQtjsUuPlD5pFgUNeekFrhP1IexYFKSVGlJttXCkZ7SNeLArpvOu7olhOtM9yjQ5bLKBUdblOwif3+tFOtN0eKMkwtaC1cB/aTEPSjGEz91TRHrVeA+Zqv62aFS7WblnJxdWM3n7CVL0Hltdj7CAz7vUx82xWffV32gik6/w5yXRgcJ0A4w9r4FhVeI+y25Xej/X+XY3/WiTgK/TP4ENqkF1WeVtqweAoll/z6nVVYR9aN37KE8FwleAHde08WEDyO6J+iytvr1VVA5vRsXg6s9fp6RlHr0mhdbvs8GB5imFrVxTQVytSZdXfWqs3bM/zXxQqWi6g/Dn1goOOy0cTWiyW+QCmq+P7YV8paMIpMlbDQ1glSMfugKcPKZvPFhs7A6S/3X7nfgSv8qKYVxsTF/mcN4by66BRYoGlSNZx2I5oyJGhs4J89tU2+IYhy5T1raP5Ii191/n9v6AzwNp9vIWc0XnL2LCtBrb27EfB2kYlgcMZeyleU5k5F+LekhOq4yEmXrshSs/8vGHfCyNKrrvYHf/dUJac1hzFGJt0ZpiAAasnKNfFcs2C9WWrhj0lHBLPDzHTa2YV1FAGh6PmpHK1VERMxsVnodrmCYipYqyGrS+FTN8OT7UOA5YeexOfjTTCQ4ivNAi3Q2SWBNjo8r3OszypoVlLo/uk4nBm7DJkBC7ryqt19RFdt6UoV/z9vsBMRTsU8zpAJ6UVu6lMNbFutjiwr9YVOp1hATJOVyQ0+f13jvpvEuVDwBVXQxaJAxFrGVMxP7iiEFDmf3DJDpC0XUMp13m93K9F0j0q6r+rswasvSPDSk1sWHXRmVjBB+c0Ly6f34KFeKNjWFqfzP7dCArt8OdFbByG9dQ23a/1wyWP6nc1IRvUBv/nSteGsJo1Tt56xslcXl2fJaksdvZnxp6qBIDuvfYEbsl27E25FgT4aHhjRsCFd5m5DmVlZEVK1t/WZUk+VSExkJ6jWJNZPrOGbnDjxTrkUOKbQxOHPzCQhKdOXqwhXwDXSp8fy/dbKpc7Fdo7SUlAT+crKrotxYm85YckYpemFk7ZLth/mPyWGYXmmt5DgBw2Mx5Wc9uK7KBpqlaPF4mo2BojYmeSGvLjUrIEVK40x0cKKjFvigiQdDoxIFkwTzbYxcEqaZWM3TWp+5/LDvfEenk7/At2cCPo8SoYl96oq8U271cX+H8qPFyBNcSLeGQEG+yh2MiYywPxkQl43t8gDdA4MeqaEcqyL3p31Xex7KcuSqKvSV51SK+JZ4FSDAACXCJPXrC7PJKGgccULLxeVxZGM/GYGHZoofLca/slFs7G40wA5ob2GISOSh06/pSzW0LDXhAfSd3iVn39KQKS7ICxx1DI1Dm2d9cbBGeZHGFLdpMnLFwoNyQbvRymF287ZAbYsjdPmunw8E+D816np8EbW3L8IJCPs+bEuHZDt2/ZCQcmNu1x2Ahj3R57jcfIZlniUW40Om7YW02ZsDyfX4rb9dMfhMlai+eHKnP1C2H1zuM3rHIFnql8JQjLEIv9amJJQktM0VGmVXZhvuJ5dFhFxZJAqRGQ45PBk4XHRxUQ4hZl2HOYUfr367MheO7DphppRl9cgvO2QXg8RUY/lrzPgjEpxdol/suJSYONj2ZcBSVQ+dmZwkD4hyBxSl/ykMhXJSE7jMhwSVheAWHmJw1pfEoM0IJDkoVEPy2UZlv9TEZTb0UPT37fPNovASKpcvWLE0PVfcV2q8qsmEkZzfUY38bnTuAYfMHloLl54gUWWhDQCu+j5HWS/SEXU+9wPuOcNL/ieVScMqZx2Db5M4PEWQ7WGsf+FzGiE/rUcuKBsKI+oEUHL8Gmr3cKegPJ3f/DmmBTzvrOxuFx9SNSrqgpi1ikNRK3JpFyqsE5tmkPTivB2ZfcH+26rlrbkwTWEZ35P+vnGFU5C4l3KBD2nAHvNk+lPaLpj/a4K0Ri8AvAFU+QvRafUZ+AMo1lgpJA9RTOtAnxVc5CuvLlXPbiw0XzXvufEwdaKJIxtRkJ+tEGNv7G10B081s7mdKbdkh9N3JRxnO8zXlx5xXc+UO5uWAOrB+EIi7FqwRra1wITfcO5j3ubn0K/4atWhw1ni2iH8KG70Hi37ZExOkRt6k5moOyoTfAK5r2bY5Q6OwS4iabZTftsEsSA+YEo0ok9nUuLGjFOm81uSLjxoD3+iS/admVCXZcOR+kEjGjbtLsQEMtgz8hwzNY84VGHBjEUSggqM6HmFZR7i1n71sfUNEHNSplhU6J5CzaOQkoM7uz6GgtU7Sy2IBoMXGhfhzw6jwFDAe/nlGdfiDpL6YEVCTCXLgJI1vL4j4ZDb32P8DGgaJx2en7VZ9fIzz3fia+7XootwY3+tkO5gcsNVq2uJMNU5E2mDObHNNYMh6ULn3pMXB22UOxpJPd83okgl4zpLaXwCCAo8NE1CqXmpbVPzuVYT0qJBCeTBre5X1MZtWSCkpnZcMih2pwaSQ/yxeMuh0+T4RGdg71YG5yRIyQ97Or6PuCafgpuB52SORBA8OAZdzEvI0USYfQ8iiFpMajHumqe6MMM3D1XZIcZoVJZklfi4tGf53podl0F0eUjlwCnB+NRUJoTQYKqXSYy/3ULxZ4vzqq7QMKUuFwF9ftPGSp0xVCpRd9VAOexQZ8XJdbiJ9LsMVgk0+DfZ6fYHN03SGyZclVbR7E4HbqqhnI8aJCMpsz+EKByYHKm9JRuB0iXCkvRld46rtwhhpSMnJtELD4LcmjgAEh/JXTPJWaFtUINqp2KASgugZkM4JUptYtMGSrx8dIqk97PKdGJxNO0lvTkJ74fxQUXECvGugJif2CivsEHevpnEMoFA8X/LtpRNUgxKHrtdU5wUYFmJjpSzZ+UCWyToRli9t5ZNK4QOPXjOIjoW0FpdNLYIaRZ9oAtv2l4duasgX+/4TtIv1ckHEBfJmj1to1wwOK9r/SFxQQsMQs4Td0b2GV7s71EcVQZo/L2DMHIz6a8HHsQ/MAE9ILfyljvoAs8kt21Eak/tYcbCG/VQU3Z80LPrL1RVugXMMZ0aDBuo+Xv6H0EPXFXEEz46mk19QzKlr6NZUNO2fzjkX1PZMcL0Qdb0ealXniLNwsrP4aeexMTT2vPj6dShmXLmN5dFSBw7kszFh/hPZaaadkVe5M330Qqb2Oo+Si0Q11gVt32s5FY1ivmfccl67J2B1qLzuBeLb/2Mw8choHPt3Rn0pJlwa9oiGf/L6z/jzqnBcURs3GmAVVbJGkvL7zq5mM8uS12p3YQyyqOKYrixGOlTW70CM5sMds/h5YGkhAEfbytz68W4D2K/mDXaBk9U734HymArd1489Gau88lf4sq7gHgCbkREJ5fNjfm1w7ysxFW3ShWDL734YRBq7eApe1o8zdLsvjX9mLvoXIwhOBZr0YTOANyU/SpbGX6HNnLOTaUpywGSyTdXyh1+IdFutEgfjvWQmZjgHp0lKjsVHVgk7iFO5gcM6TPDtkW8wt8wfpzJ+k/WCC65HpD/pSUPw1AqGL6oqbqtMuurPMp5xgPZ8DHMNpE4hVNLQVhl+QndbrTgjnxBekFCYpABOv/CAogEIJn/fPgNMRq20/GT4kW2JwjOxOrJf4g7cmYJekwY1cFPS84LSusLfRMA5qxduqhTlD2I3blX/qjk/HI9hvFtL/I1Iw/NWgrwmuZxQqoEyqmhHGNRKnBO0QQEuoUQYtPWXcineDWXf6vqQPU3iF68Yg/YDz5bXxEevg7pkddnUuI7JlMQqUsFOFra/76VRK8oTH9dzalh0IHApUEYfogS2fmZ5hy2ZpiJP6qGG/8SOKkJx0DQPa4LOiRqXXz8eW8qtfJK908Bk9rmL6pLBgvh3m34B7faJHZ/0aC9jI9UYr6Xy2jZ5R38m9cvia1/2x99MXVTvZedPLPndzgwzPCk7j805AyrE4FHEv1f/oRmsn96/aWcurDOZ8IjN3iO9hjPxoz7ySMn2NIjmqMHdzE0sbRsGbDSJCeb6lVwlF/+ZcwWqObuTLLx8sIBIIu4RarXFtpQJ6knxB4yArPJqU+ZB3kj2I9LXDt1GUGQhMiJk6yGK3Ge/PJYBPZ/KRWzlz6d+zmb+pjoJYMVj2lfWzFJDoICCrA8wFA/lZ92VzyG8kcMjCJJyVlRwxqO4nAmRwWeC6qOqM4ADaVW7ZtUk4nIDIoXKne9UtSqEEaLjoNrAzPWDq16q0PpDQmG9qXliOCxZ4qKQg4MUoT8j5GrPovlPMeRKvyckwiKR8E9ROqi2SFxIhrs/o/KDBwcxeeEXoitgKKMq4vSj6Gg5hhO3G2du6BL1qua5KZDklqdky5cUyqiRJNT/jevlENEJ3XaJ6HqpybkeTjOBMXKpnXdll0sDk/Q+KRIsDVqYIrIioEnguSEs10zt4F0w2IEbJbNMc1WofGSCiK+HTj6b8qKYz95iPGDdxicfDW1RmC689QmNUtss6MxGDXKPLzIZCzjiOWjwXaL5zjFpRXUtaDb4SWmruJ1LMD3NQ3J6yWaRA55AI1tCF+Pz4eWsHe0URqgFaudluwu6kBTrYHkFqpBd4NwaiHwPNdnVkd9SycA4HUyzqXPhXKasqm0kKQE29eA0be+KczFWWhc2X6A9r1dQYJIq5yv13MlG8v4QA/cTJSXF9d69KAphuQ70fNHfP5Hsq4QGNpnJIqVQ60D0N4NPXKRjuot0S+nQYucZPq0Gu2IGmFPpZ0m7TgmUG7CnbTbSEfyGuKdVK+M53+drp7c6srb2uZflcdXB/Ak9tVhOKt+Eq+R+zKDPl757+65DYrZpTIDBZ3UkD9R8lOKPMfueeb6XikBr/UnW7eRIbcY6KGVJX2ZudqSp/3EXMqH7y8q1UphWKiIZJYyzuPD9X8Wi9qbQfEdglT8LANE0KpG5RSajVmEodrlZPLig3bA7+PiGBNuPTgPf0A0WxbaNm7BQxHm5mM45cNH5Q6IEbJqjjDsorXmISGp18cSWp7TBk22ro7ERK86ZxGdO9+fC7oK+h58iYkguUIbX+0IuIMu7m/AacsVhbUulpxqGFldJYPiEuGumh1qKv4vTTqe0oELQl9W/mMBjwMB873tokxbH57KKAVoKP5fUpTgIP1DNXSypg8vzjIzP/VU407FRXVFsZbas0Y/JtDWgjeKiVkKtcsWjH8ZUgeIMYHuIpHWFPiyv6/f58WukWbtHLpHwAq9Q/51RnnGjMYJjL4jK5bL/KKX51d5Nt5+DSukcHbdzvmkppvMYGubUxqNzJS5vChU9IqkOWewOIo0iOQL4r1mz92D2Lcy2B0tjTIM8zrMwmYec7Vyv9qVikIm16uuhK05PmoNO9uWtKy45f47324qhGu7rhhVc+r/fzk5ZLEvHub5G1UyFalbjVifiz20aSDFIZoz2JGaZHW05CcwCeaKFknqpiWvJrA1YhM5Xb5vhdAJJ1mz8zPoFJNrm6iLlRp6T6Tn+2NiWT1yOpBYh+d010WBFuYN0k/rxssW5cDZZvbn/88Ky3khguWBvXN+QTi2Ky/J1hnHaVZXWG9ISLGqQMvGTcpTviHWNj2naorYdUJKv7p3NzqSQwxaOFis8ggBr1qLJngJNNIaaIG1uQ3vRrYQkS+F8HPhr2zvefZM4uSXx5LoCLKssBxYfRYNC1UqXNVpDYPtq2RsH3B7/Y+tcprP3GAA5o9PUE/x0nkml1n/LDUa3T3dPd82ZTdXM2GGe5J0m5THXjsCya6uewJhVHLUoPffZeltlaY0Zv1eeyZYE10LALjTR27fJgKUR3cB+4cbJHPM5y4RWPzmuwSLLryUon7tDeIWEMwTnQmCdAa7E4FK7gp78PEmuYkUX0pmayS0ahX7qd1Xhh09sUx3Tck2W8kpyWpS+rpadk+PMNZwlHnBmyhEquwMmZoM4mV8Tlh2QmYJCkj3a5FS4fOfeWW50IKoyJ6JGjXlF9lBvSAuIp+pRHOMwvohKKDkR9G/9BJ7NRNSxc10f6tQgj3NfijyaGABim9Xv6+4pH/WpeRZGbe5g/H5glOLfzo2ZTAZutd/uuyZb2qqmaZj9oC1yXhkcGxLwa55aR+1Q4f0RyPguBfT6og38NQaQ58JG/lncm+s//X0dRQuY/jE9UpO+YeDc9/nrkU3YC1WRaQriCFwQo54yZjrEk+Gdu+tB/xtiGUD3KD9ni03hHj8GYX1ouJgMNxuA+xUV3DYK2OWtq4+Zywc/grZmrrvW0e3tJj1jTZhk9jvlpPMu5NIFvBq8lnH0I7u5NGjolv/zAnQ8M+MZ3C575eT9xN0OoJyyUJ7sluzO3DzoUAWcaoD2PjFhWAgX4I41YI1P+79SoRD4bam8Q5EfVlYWIeQypGvWsnsoh3jI9MDT6w42qE/dlAUVkMZNROIOb3OwliSq3+cOXjW/cRGgd5asxnP7PnXgjhZvfKVgT6O1CkgYcqu1eNEnsKgTgbUBBLV1JjkZuC99yiM5rXUYLy2F5E7ojgQRuofHVV0OlMC+7KGZh33ormpNDrlIEKUQzWCZ8FeBECfe3nA+MNG6kU+QdVsFr5wHxO/VRj+Yb3wUMv3/Q3BlNFNnDiAXDbiVhr3oMQpi6xD7HhmVQybG00yM6Z1LLfzXP9FkP2BA9rzbcnN0RiLIePnRkIX3Kzo5/jS+bfXfRG9VMdcQnFkadhCyDvo68WJ18kmGAAztnGjbdPsXof1/3+k4UkxcvaDXNB2GnY+tGR7SWpnHHOXNfSufQuIocUSuJvr2cypqHm2GM5P2Hf/K/k9Bs0umEx8Di1dwvJyb/DE9wuHbqaks07Qq+1zNMIhgrZrSeEdv8JsS2q43RVE55zuQJkwsP/FJcnyiV8Vdx/6f6ifN8Z0dN4MGC24qf/AV35d/7KElM+0C3psoj0caYAp/GaWqIkEkrCLapkvEqR/L9zMeh/eSooKuiMK4eWatMjriugaMIA8zTfd+y3B013EX87UHUoXF4LVmoSeCnKKt/N/BZ2yhhQSzsZFOPa2AufQIp1o2kZeIk0W8LmY8KIS7yXAf+Fpg4OJHtAA8hUlsqpvxU0DdjjPoIIdg1SdtZAdkqShqlDiiRpxeLmehqiE9V63hvfYArn9+ry0MLarq0AfiAxPLx4mQXBkMgp2eADb4VMNQkWs3o761oANVXnUPthJ+pfYRE2kG6yoku1BeY3Ozr6H80B0jy6Moauc3xOnaIVQYqapBvJQwNrm0nWIbufnOxPrnSwNpFyE7v1wK/AcxY3MkDlHMHMGZegQWbq5sqp4kbraUYGmjyOOHV7YqW5Qk6kN99uJPQ5L2NQQf6YfkYVwfRMlW3ZVDbMfv/tuZP6WFTVZEWjBxndrKR4o6MeR7STtns18qWfhfIiBxh7pxkYQQTJn5sEROHogC+6Uoey8h0V76uj5NjX2/1H1I679juLqMVTPT0WmhYOu8/T9C09tvBj5VBFOXQhrsWMVjSzBW0MJp/f1Xc+dCZOmO5V3F1GfaryZSlfxKW7A+pq9l6YuclBONiigxQQNQo00GNLWbeYEbF410CXGtdiiA0cPU32J4J1cGGfvnS388Di5TNHIAK3XG6WQB/eJCT1yshXcp/bZNSqXrrMPUs02ZViujeygBauXC+A323E235PPIWVbuApHx/UXL95CPRIxmQBjQiBna8+oHkoko5lI6rBjEA9TLJVkWUyOH7C+mM5K0UjPpPIPMhX0L0pcjA20ookYpUimLCLvxQg+sOdwPuMwdUDFT55VJd95jgj9xpHy+1SXAzAGl4a+ECL8z7pEfczo2646781HsjzZ53WEN0mqAzEEq9TfouG3d3PauECwSVQ53m0UPSrYxiP3lrpMtqzYOEsVgmPDqDRNI2hjrvhJHhRnZJG0TMUndEE5SvPiUmtmWXZZnVC/VDvStG0hzPdK0ozsMy7oV9k+22lQq7dCkXrnxfZzhMmg5jcUKi770P8W3n5d6pM+yopzKAxwXeNwUixcLrXfNRkfXOaTYEYyMyb5m71xD1EqmnYLIY5hIzF5iFll0WVDIMJFjLBIHI9/CyYeeg7CAJlw2R5apIrNWUnBCrL7Akxi7O8sXcKP5oBTbXVu9WpYdBCjMS8SZ6Kii1WJ7xvdmrkm7+e4EH3mlfMbuipEcfrdkZEUnbQA2Ue6+RCNt7USvUq/iapjLJYOuCrZ3t2zhD22/Idw3XM0EfNcHI3A+bsWyKy+SH5lfxj+KmV8HOtqEp8iYyTirvWtT3LvD60kgZN/ETWynZZEHb8+jZVGKs5PEByiFN1N676ewinqaXtdHnjk0PnCFS+n7mAglxP3Xa/dEfLwAifTFifLRCk4iUlAMKJl95oxo9ChbMA7Dwak1VHkMau8/Oh3gQRnlHtfqMS5Ln/6MZojVk2K4PutAZKzkHkn9S9I2j+V3x2wSKkfvYTD0RwPo11UGefZdylgg+Dl+GXQgwqn1ONjnTY7lwORqXo8qr45US+fzqSSMFI3zZN2wBl9hZkSHB5+TUgmflRgi9QsFxCOWC+40tRQIRpcOtM9YBwDYO1jpNaBeDEiyP7n3YypbJxtxmJThcoM+31vkzqRBMTnrE0EIe0VYjkoNZnbiGfpzqHesBmJegNB26RVodlwFQHZYCp3pt8bQMBotHTSRRzCwR5Z9erzu7+KKDCYtru2HChGnc6unQnpvJktMCYxF2h7zDmsEgvU6Smx+XV4k3tFuMFLDkuJCVprC6eFh2OpxZISnFFzIj/CyVfrgegluKaeoAHeBb1ADSwjjDu+mJPop7Sl+NPLTHHhvjR3GtJkzn/fNu15wFjohnB2xqI05gDMKQjzLsrsRY+q15OHF9S25Tamoc6mDWLTXF07bfFH3nj7yzb3Wk5emBPoVIe+Z4P1Pd1xJWAvjyBt0y7uPh8MSXgH7Dzt8Jg4oeeXjvk8AJit/G3NjHluQ6qCrDA6jUxudlNjn257y1XJijLvkIVZXDm0k149bZGyT0i3XJxuXulChtORcrHWxM3U7Hs2iL4gaq5dZfBM8Brrj/zEWDZ0DbVHeft6xqkEMltrt7sKVHG85/Gw0whrkqZXonuMtE8FnwNH8DMTXJibmaMVbQf0J9mvpc5/kwASDrAplI9uZXqVbaAAgtHT4ZCE2woUD6krYAGmtO9F62/Uu4LFoMVeFD3hya9i9DojN3APp061ccQwOluPqvro9NorTS0e0znpewYsWLZ6KawopxbVWevgEE1XrjiqPG3jq3Jou4Ih0w0Fw7BQYHBvk+ajPR6kuMuG6GqXTjYofXvFiUzglxAmCS3qGDuHxCPmUGN+RPvdrN6qIDxUT55kFC5JRbqtf7grIWH+FMcFIBPq8ov99oPD7tJoHC4tcZEjSe60d/YvqIRv7eyCDOA6Ldoy7ybu5h7bXWqJDrA4GTFwL2LOfiy6JF2BX2naWKqjjmxHGuFeJgl+k3BELZ8Za5v71XuyhgCnAnYYd49xMTO0zDu97x1gh6mInCrfacuP0hrJz1FWgBEU0iiUdd6GSvvtsq3RMqaizQ9qCPxGVmLA1P8tpRObIDjND6geOovEO2CBUZyhnxYCR15qBhuKRm1J/55k5035EOtBx1RZ7u9JwZ6tJVmZXBxzr6v0OC39aE44vEEIqcZNHtgaJlrQyomCU0JGbpgy3SjF1KZaGvit6cNMRQ6D5gLSVjbsmavzdvy0etrfHyhxHe4IhBT1MApm/Zqyw0HzEFKsIPU9kWmQyGu5fTnDo1aqrzDEyvm6XEGWDj7ZQpYjrNsOM6QttP76Y+ZT1Ja0cmP/WnfFGYViot3sfUeiK3BC8i9LuUbzbq0xIWUQIxeSQ1GG5xRHKLlQlExDTis1wsCeg74HWiYl1f1KRpzSn1RtpHstPXs82A7Lf6dLJAWg96IQb0bH/H6YnGBTkuMG+CEm0r96HDdSQTChxr0RMoouZ1u8h81mltnuPNnvSp4/A07nLAQNjt6XKQ3mb8OT9EM+nuNn3mCR4y0Gbbv8HlMrmisXYZVf3CsdUKa65naaPyH2MIX2HobDG9baUyrxzVMMqve9RcMAEugsyLlE4FKKnzWwpPzlvhLBgxrtZDgM2MMHITkNVCvOhvLTEPBgF2XWSIXqBz0Oj2qU613NznW8EgXNagbEvt4g7FKrysDDOZ5SCyYSNMrZLOLAWi2FzzlPiDXHYI/gxj8dcRDz31SdvAhPsYhnx96s5iJZuUi7A/UhBHY/hmND9ImbGiWJ//8YGRXhSTg8lHkcd3t9ihKI4BS+sXFlAQsh9f9Htge+H+ysxAJBJ6fYqyYgBKOMp7cX9Dfhm8DrdagssXC6jzHKTl7grVlLKKmqHUAOgUE/wviMp1FVRBjCBx4dR5mfyTkTM2orh++7a27ypmrQIKdCp4BFo6o8nAowc9vG3Qu8s6SwMaESvzXZWXw80305/qI1BzDDZ4PijLEGIAOC0xtBR7R+P+0/U0SQ2S/Kcn+qX71qA4/lU5IvTJ4ya/XFjyN0EKuHzOpfnvEYdC3hO8+X/aUgrrLbnmK8vpuEbmyq9de3p5hIenndsvC4GnUZoZGRB1E7hc/mdbgvcVwLhCIM+nvl6BgB+6qSxxMRPUlh9QXcC3YcvX4XZGK133sQVDsdToZ9Z2kzm3GFfzfPeI7+9rjDFZL8JVyNfPX84fOFfSEDHf/grOH+5Gum9uf9FKCryCu0YH1A7Jvcs02geFtV2VyrFyN5Cs7sjiLDowAlDGFM+jow6Tvrn0APVIfhQmOeP+zBAMeYVdcoq6riiW92XzCagphzJJgsi1SdcsOivd9S6CNNrsQdq6nUgKHoLf69jaLV0abq7eeXm+cHt1JHDZ3g1NtI42149Y6hXfx2OO8CtP3C+anDHl/tP81Y0cs6qoohl7xg4mmpHUSuSGY2Urbtuyf/RK5lHAyBJGno8GNE7nn1JtFloWAvxVZG77i16wXezbvoeVjlTIKa7JMPr4Dq5QU1zjib2XGvin4zG4nfoCh+YAsD3NeSx1PHkUeFta+qI6nigv2pJmt6vG5eNE23ykwpvH0lY72bhe/4MomBN7FDvKmu8ekeYgeV5Fis906EktHInWuPmsZ+9cKYELSCHdn9Z4jmGoU/BPAo5UgdKPwRt3bVIsRzDf4o/xvImjLX4Q/bzZoSJriAWOcoV5OgJnl50/+uvGNfzV1ffH1V6EWA5i3AUwrK6TxnDLQPrOu2cw9EgoKDKSjb308muppeVlR++S03q3SOPJzNRk304Cef+ho26xtw/qDCruZ7nBM8mc6arl2En/x6VUb1bYEFWKwhjv8lbMpvockX8jWGLsO0qzRLNnUw1SBgYW8pr3koWwvf96/JR7pBoq2qK/6Y4QsN5JN/MinfNe2MI78QL2UxiZEcm7aTLusG/9s1Kh9/kNnAl9uXjc8Gcn8yRJH6aWa7ldZC+kPoXCXDNfUsOQLOMqGYGlfUc7VAofZeCBDovHCinbNZKOkfdtxZHFdxsABnYY4lvaGW2V3EgX8kkk2vCnk/KhOxarG7W9+4Ebseru3ybZkKsXwAONkcdDorKYrcXijfxJCySgWEMUza9V5epcam1usMes20OyfHVIXG3xyBs0kgZWgxq3nrcjlG4s9neMjstLi6MJ8U9FrOKyzVJKL37WZ2UMbsm94FGcr/LfrS5/zx9Nc5LUSQSR5AbFFN+nuB6uT+vBFCxr2D1ElzSu86SbCQ8k0oghP1x29SEE+HcL3l/BKgrmHJL6eXmuyaflHYWg2lK69lPDWtKTI7fnWjIGEpfd8q4mbPUlnZ320LR1itDyljdx9IhbVEs0ljbECD7UUcGoOd7yH8Sn4YQkcXtJ58JFC1zhdrzE7LXs3JfVh04v1MNUs3TJL/djFbcvnyqJKVS2P7dCBlAVwyF4g26a2fZhFb/1xxHKsj1Ox2YALkqlcJX65zgtGZDvmv4SMw74RDFjsVA2OVLjCOSxWPA4AznFSzI/ObNWQUSANnzWtW5spF+EtX8ivkIkS4L6OCjjx+3t+vjQrtywIltcWJa87Ke38JfJH3Io5+TiZ6AC/8ADSeB8eKWpWYnQQMCV0mNZDz7rhToUVv0EOF6PPdsfCdTCZfQMCi6eFG6wUPuYeH3/w9eG9kHQTtm5bgcnelhMui9h6D/VcNdTrJU2VX+DNMS+8pPxAW6WjuPDvf3jJmc9s3PgRh9R96yi9HZgSX0+9lM5LHM+gdFcuUqiXnHlkvUkffAQoswd//LfxaiUdc3rWPtq9CT/Un/OZFMf0nvS+7yP1KJqBPY975owx8V2tWmnxuyrrlsXXbmXQ3OkjVX9BsQVCW/gc2/hNkoVguuuxYOD6mYOTCAq9VKiv3HGuQfL3AB7GK7dO86n78FahnCmJzG2kVVzzINRbZc8QJXr6gUr23GvkU/tCh6G/qVN6iX/621U0sTaNvE5F034+n6O2HmOIYLrJOVc+OR1qYlUMoTvApiK9WbYl+r4pd+pduwfagZY2IObhm6EHZTZrkLUx4O+e2V7ZhnQP0tMQ7hMLdGBwhaC7SBjJRbFUTpSZVSZ7829oJxW/Xy0jS6bGN3sNKRbtGTmwowqq7171WBGKa2MZDujuhdMtUhmlYx90scAuMbgk6B50n4jRyZ5dDYXPFAUF85vD2Ezo5uGXUo2fT8R0wPQptBZDGJut8lyQopVmeoOExuUW5yZfeZb0Tz2/TtE+5aI8/zViGcnU+cESQTIoL6BSpU/S8CHMKnFDK6v41w8a/CQTUd46TO69NgttCnnNBVQosTuTiXaFYa50L8Hrx3VmrVc5vYc1xwOmHyUdodhL1RofpenGFwaxoOEqQS4yLX+1ms464RiuGJig+EfbRwkGZHIXSOH62q4ZW6Xr5xAGGdUW3eFkRnCnXP+axsT2Oq9B8Z1fliMo0dKuH3Xc+6XVihvIPaPpFQDB9/rLkcFy0VhDtePcS/aQpYpGw9KVEe3OCE3zaNOEhTgE9IbHt5pRORMY2hwK4pnH9hQauRoIbyAO2peiwCwnCUDsex8SHqINY2ZkQMcDQ9l1YMvWLqbSYHYpVpovlvGL+KW1pTt81JlLjxrzUTjs+oDgvWy3CLLVu40jHE4WkxT6j9AybaxoaUGARCR0IE8uxX+SMduQLZJIdRpPnf91iBz7rQGZqpfDZ5f9Lyc3kM31+fXBPgR+KSiqB5XsVMpkEMPrxrHk7KNU1HQ/PeqAFtSLv7RcT/nKZfzBJwNRQlm8EzksLd66cP72xxcGJU2in72cR7BBviB1pWANcQOG/5mpCjSiMzGqM8z4gKdQ1akciHfKlt5pmRVOKb3i60mnPJ+32Fh34MpkzP+AzKl9f9/x+kiCAKJs49ekf38H+6AP7KS1ikiPUn2eZiRSL2a28XNhVN8lMp7Amyp9qm+x+MMkNIQ4hGwR0HSCeNf/mm0u4NwKdhGK2PTaWapMLfDka1pVUNi+PqnhHilxStxM6smxlFzIfe0PLBc7lYY0Xpc96qlhZq1Rc8067tzKjB4ei8YFNIJgGxqLVDc+Bwh5w+eYXtOdD0aIg5GLs/rgOF+3yaeoJqII9tE5zf2zR6zV78FKXNMOn4JkoWlwTcMU2Qt+zkWYmqfE3mwrgYYYtCjjx166kKDv83434zGtvjRhT+9FDIZG0FzOZ0qJYZhUyKpoOGG1PBcD/2MdQhoibbSeMDIU3UGJTh0LxbMVHHau0M2Ccv1k8eJkmRvc4PSPJR0AwHr38X7RZGxpOIfyHgQon8VfoDn2ldTlyjymYvD/Etey4SsUocoeB1m02d3XsD9QCAbsZ/6B26e5fH7UADR0LJiFOwLxpWVwm5owp1b//k1N7jlTNHKBcEmB0sxVMdSWc5YgDcAVQxnpZD4UL5MEwwGoIBJsR2KQOwR18Dwg4bberQ2u+7O5AXbhOwe8c3CQ3j4L0waxlXPBy4o8g1p5udUyoBNq/YMzMorjMPQwIYN4bmRrJlOh81oHViIk9sQ+/Wo9rV2ovDQ0UZRof403hBqhcshS3dvrHYZeKykg3ddNN9UCUYcDNoiDvZcdE6P15DlZQL0NjoMZkCIcC9Wll26AS9aOZ2W7a59s1lBWif+9OJtx22V42g7WE8VS068+RC+RhVKvA73GXDGPLdhCGd3GYURC3cEzg5/ozcFBAVHsjnnwq4NAnTt3kqQCut3IljDJGDIv8GVeSN15aapqJVX/iXO+6hbmnrdBH/Y6gYTwX9ORxuvJoFyqgxZYVtYx5KzTocGPJBfj0P6qOxIb2zfj2dRuP9+DSR/ii3m14KKO35pRa1yf2X3K0eDRjItC+JmfY/Se+Ds1VBCMt56WC7WQFLxE2z9Rm+p51ee2nOZULtPM17WtlEYN+4G/HmSgWzuu+bEskScee82lHQGTvuiilaAiY5WtHPKelkbp0VgTo/JcGf47FO4i64EvwA9vfHbenMUH2ZAVLTqjS1Wjbzc8HdvBfGmwOr0r7/5iKZQd5aS1tj+N2pYmjVJRKRVbpJixVG1ESFPzrdICDeVYSspRfC7Vhw6uvHTcbvGf+7HScjazq+js8RJMvlCa3WBoSfimBb9UCKEJSO0/k9dMY3pTDdZQg6v3WYrp9f505sqfFEA8ukXEzY/iCZp4QBspsEEu65nROFy6B4JgZYStcdJpg0BWkXvTKuSOclN1FV8mVmvfOjx0koT/ZG0SWFsQfZCj4piAu5HRQzCWIATxJHlVjW7CsShUSHjm7MMkkEll67752evOtGoHjaecx8Py39sg5/Zf3vmtd4m9gdBc6y9Witurp+C8MfqsbF3+KGv9UL3p57jksCC7z35rcZZz5aKWfc9QRweniI/xfd0yTgVEnCRZg+sbf90YKvokrYzMuh5EVOaww1K5mO9f2TRRuT9u/sQXOasBofPb1YQlHsVwQrtH1vsSmLKroVfLeadrsVgwr8S2C9qZJj6NYpCVXGz/U8SBqTVg9sxsOi4v5gPChtFL2zR/+ilD9moguUTn8EtdQkI1zF0hKod84cDv4vPrhRXC6BE/cLNvLZ1rqiZVI0z4Ps1uzU3xk8IHI6HE0YphOVxGhhE8jJxG/YTPUbpwuD9eLubuHopwZQCsdXg+kOhXNJfDeTr8RVEiMjPN9FSDrRhT03kQyCCqJeCKqq4zwrO3PauF9bqNM6h3wxYTHJW+ncVVDmVKLrvHVXbewl3BCK10lSISvrqV3p0PgmxxAlWQttaxX9erLP88Vj4J0UpQjEo50cw6/wunLUHLYnDWePdPjsEZC9Q+dBByvYF+J2nO2HUXvtAR7sugPZnH8pJdPkQaS1igiDp77eRbKmp24nXYlOzBrG46YTmAU2sS2AeTu99c3O38BVGnDFlofnMhPINB8rKk58TcW4uDDw7JfBAZ+PodKv1velQlu2QE92XtyXdTV/QzHczQZ42UG3Kpv6jXF/M7JiDsIbqwNq99oSavYSnzfM6ZfHXGEB3WfjOq85+36SMX3nsFqV9sTxg4vwtjp2oJbk8SBzvR6krJX2kHzwlc8YMax7jgmXZNzpIztNLkMjpaNkDgljBrS5d1bJOLo2TpmosbIXM7oxItm3NbM69jecOSZAofrP9AJhWCCrKn0xdNaWrYWiayzVUygtj1H/LwflZiIzFdKFnYn+IBJ0XJPxjHXPJh4dRZmyUK8IJ5zj9CVeGk3ZhhZgzcwlZT9ffAzQtNW74Fnj5WJ0uc8dDYG6hn638VRUysJwG4xTSe0TOl7BsoviuMSNxkeFtV9x1WKmtLvDg/aCqrbWXKl33t6uYTBnsCg+a/OV0erZF8tsoa94HDYXweNDp2e3GDFerMTH82akNjH9/Tqwxlu1EO0rjbhGT0baaF/aSmdDXPZ77af6yQZtdeXU+PRr98UBB7uoJMg0a3tqryQAPyQlOPJrL4qmQZTyRXffsfk7PvbXspIzjAGTUzC/54hIKx8cdgvaRc0aEIRk1xCuoGleKppWnmJAZQrgS9pjcqLwrLVgGdlKBOHMV0Ow4HotOzt8Nzn7QETaolTt4wLvQ0kvtKcQF04bo37zkA7jW0udE5uWPeo11Od+LW52B8PgmjySetXRRC7DOve+jbbUZB9AkoSbAix3vpQHHpqswzaoBzldbVbcSK/N7ve86c4h/4I2j+LifSoze8tIylyZfRfZdLAq1j+0GVxnNycwwJ5WrVcISNfjRwiZNkNrx2nlXOgkzW4pz1xPNb641mIE4kiRfAs1xUoyjHr24OtL2MskAJexadgJk1vthnjZjuV5qvzKlGs+c6GRN7RJiVwkG2P9XLeOBOpHn1NkshwMe5y3G3pCbYkopu9Iag2zAu0uK/491jq9aF/M4ZYyzY14r/KFs90nfjDZKUBFxhFG+p71kbMu1U86ODMxk8Q8YgjTpFXkSUVzsJxoYaVHfGVi99G+zDHCkdepvOrR+/AQeC4fVYkGpb1MKB9wiKeyIOa6jOns98XUfPk/pXrkWv7OoPLorY95OWcTnKTBbO6GGZg6bEqCTF4BD1KCXCpBlivbt9w6BuBtQJjyJGvWQjnPcge+HqMFbj84X8Y4DWejy6FpaVowmYpkMpxIjj7nmLLkSanIUFsUVdpfFYj/EwhIecz4sVFAGX7JNBcdOTNsCqws33NGRjh7Cbn1Spa8P2GP9wndudOxvnNJaHOHjHIkv8Yd8I83mTwKPxH7pLFo4RMOgDZhyAjMoLc+W9Dv7lRzOfs6QYLCiperK1paxHrjMuhtoGq0X6hsA37zk8BZHPP+smMSQAilhgkpkzoCKsb8uVGB1By8eaqjBWm7T32YOxkxPClh+M5KHyE8TJh9TeRTgnmcuJ9rAqChewUvYAbpV1BYGi66MHg1bglYmvDZSmOEFJGOkKvxmX0WBBVo+3Gw1eIX+SW0BTYXfISJKZzbemPEnYUOp2jfqd80Ag6eq1/1kj3yL3GEPeROpwRZ3hbaq5BKQnczgy0uX4iVyvM60xsW3s/+MyYeB9jPFPngmK3wbjiT+1EcyGm7NrEjRrEU+gBz96mWvgfbQERfOydQxRy9UKAQpgUpLdqOQi+fWZgN8ElAhHHh1GFK5CcicpwrM7r5Va60gf7H2/SFEBLoX5yhc4RwnxONULCCmDZd1+IQAvKWS3Oc4A6quNaMqppjmMLdp7Nl0lpyUOIaF0GQl2MFuovt5WSySXhea8/dxqIe6L8e0rcvkkBIwH2N7qM3jL86nqMrVaQ3iM+5nc9ANwU2Khq1phmSapsBiOl2+PgqtiwiHl2JZKBWN9rwshSos3Iw2/Ibzue/gghD7q8hYwFI2mD4CUGjXzh/+uXHnwggIqnkp6fAUiN/1+zb5ZEBcGPp9Yllf32XA8BV2SVLpkCpQoURTPGmnwJHZekr66/12lil69n1EmgW68cgZTsN95c8xoAjfLWcYKAJXbZ+eF5fi8XmyU5nM1wK/tjkSoNrwC3OS5xlUdG8IrrxKJtCDzWgriTBCt1i1V9nhlTWXQhYvsZs6G8zrxIVBAAW8S9uimsIl/7ceKYdK3QXmofZFh60+AZolM4NvPbSezWsvTN07ondgxPGeLnHOg1mMdwFR/ZKP+JgQJU9yI84ll3H++JcKwW8OX6bqXGAYbiDmeigHwwrpzeceuOuY/06j/ZRWf43pv6gdELDzv751pBQw5lzjfCvSfv6TkNy4yTdARTnmvblOAOjivFpO7lBpEanrNUWXgFSUi9MKKMu2T5z9rfqNyoggobYald5WTEL6N2lAOF4EA2PM9vvi0Ho678zPU5LuTJ1oy9xXauaOX1C1HSOM+d4I1yQCBELl/5xaLT+FhshNC+eQejGB+QpOBvCADK13CW8kA4F34oCX0FL/fYfVvBKnAPq8lEEhhUSroUiL8JVZUlSLa6lsCJ6rb576ezVrjcFz/TxKoXOCSNU3tJ9ehHFityM9iWjIOjQCStdES0Yc1EWMWqpQHLwda1ZxS0i8ES1Tx0p444WyEzCqgQf6UlVuvDhn/NwJai1HqCePD/yK9WfVDcdblcBG6p3RceY6YtacfntzzgHdbO/pp2+9rVZ1pHqxeUeOP63C64o/WrwItE2HPCUmUyY2P9kYhKl/qlR7WInkiiyGs5jeCDo+QOtJLs4jO8H29HAj76ASBODT0WHMDJFzeEXfttiRRL8sJnmo+63kEREqGx6K1PYGAjeSlbFclFKp1dH08UyfwKc0svZxsyiVrjgZSHQFtBuIEmeG7VkWv9y5c6KYWdAHY5/8jp0ZkpkS0wPBa0bPuBbCBlmweyJrBSz4DcfV1Vah94aq1qN1cZOz38mpdOiNO8nJZuLs8kTPTvb4zvxO2szlgDAmh6oT6KE2dEM5k+uYpOKl33Ne4EXfAvTsDtTi15xZinqV9T8+5Sp3cpW0B5lCz0TayW43NxAGbcZ+MX0w/X9deJc0vKvQfq/pdaOMP5xj8sL7OGhqNiRAry3GMDwTcF9o6ENYRv01fL2v/P5L/sqwbZ9gnJuOLp0Ov/VoReCt6kLnYpZBlCFirBTNFlLLP7T4xYIyqXCTfLrrEBZQ6BklJ/Lry+xiLkQbvVimeBFL9pUwo7liYQxdzHFjOd+cKF1RnViC3OgRGLk3MiLW1/4MWw4cZdnn3NmWIMUkUK/s35OPXwxDP2QkrfD85kQxTgFOEDU3UWkzykt5Jdlt/Tsw4F4bPCMZ2fJKhDFjWo3+sC635Bgza6i9m2uiZ2EM7BWvWYAeKzqzYLagl1+CK8Q9MT8vcr3JKaPvLSUliwD/W1mRkErEkzUBC8lHoPxvxJSfQsJzrM90tHiIdppSqGF1q2Ej9BQVQYEQc7O/1iQZ8HC27hWxD8invsmDApYaM1BCfWa0ltjg3hwpr5oBto+jMFOQoWREyPptUqRG8N+M1PnsyAxWz75GVKdSZcKqLdsrHSlj+olDAE9QW7iPIWE59FO6tt13riCJst5tOkrlCgp7ttef9Yg+pIK2po5xophAcG0dwO3N3p1UjOxBWULq9JKHFCRkzR01y99JRCLCTkClddWuFEAHY2xWCn2OQ2O+A1DyD8UVcr080GL7JJHs+RRnVQ9T7tiGd6PTuugsggw9uYKAlJmy3KdcidOPQswulF2tk859hVEf7qEz+4jjszlb4DsOLgrcWyhtptLPG+xQrdW0LqkCBNNa34m8iPgbVq91io4KJbsu/CHrwt9r0dPvGYoxnf8Ctz29jlZMKLUstTrhkr7yb2AqBgkjmUDTB9qeY6QSMYHVK+P0FqiXLvCqtKJr+0TxaiobpqqGR6CDiXS1km+ggvgmjdbclrCTZT4RdfGFzW98dGJQ5Oj0E2IyRbdrcUt/HyEV/RxsJ/E1CbhHWMNp+CixQndph74V5+HZPmT71SMapRNwwhEYa9PcpT6p63ctwycydL2FWciiOoVKxJ7M8+cgXYG1csQYYJGaVYcvlp428PkXMAdE/qxQLZbrSDYSfcZ+gF7keXBbZBf6AGI27bdt6+O1LGE/mE6PtzxEo0T+50ZzH0+5s6eC9pT7zTDsmTojRz5TVEXGrukQkPSKTcGfOwaWJ7Xjid1/xOxDb2vwI+6JLQ5praTRUFFzC7TurgGo72f7EKZBVsxU7u+GcbxS0Ju5Xdz4uuYmw99v6gBu0ui11SkLcNXf3vn69mq6g4B7EiATnv6lBzFej9M09n1w+WW1yjyCEEVc8itEePP48kFlgYqMvFxhwq7fnIPLVvE4sG6xGGTnMUNJIm8knt5usK2ZWswgSINpZ9E/SsGk3k5/9xHRQgmK1oP8p2/4QfHV5nfv8FsuaNJkw7qrLcvs32JjymzKV/hlUs1PvsDetWIJZWhluDxeiW8oKnG8bzGJYvIvUPhj2JPnAaR+q+Y9N3zQQHs5YtGiQlRsmaDUdxgJmlBL+lmEkBF52wa9eNQD3Wp/p9FVAwSYFCpSPJMGKuMy5okJhG8JsGSyvbOO2KrwqMTZUrLe3PjA8qj4CjauX0UY4hxIUB71RVg2XbtO2Ae/6DOgXwUyES/Ep+LBtKJ9X8ysinFhPKpddIjnae8dMvbphrV4Kgdgy+0/VTjJAov+HF4hpuPMjpziXyokoMXZBl9rRzKDXzWcUzkEDYMs1hk18osqLIWzS4NDJu6ozqN/+m0JBt8pNkFkPqaWk6pvb+7wIo5iY588MMkZqkCq4qMvuuf3k6Kh1IALucTdytfLHsqJH6GyGck/zhsDSAtmIE/O8LU0Dp2DdmzknQJUzArmS1mMHeyhL2P02YdyMl76LC2PGTmsG6fC7VW4rvBV+zdIoFNK5K8hYZLcyaol0VryvkNTgCLDTuf+KbzRSkxjccTOobQIF42cv30nLMqRBRzWO58zaP5AJaydQN0WiR2c0v6x2fP0/a0Wf9Ca6XGYTV/dbEkEup39P5pHop+nsDeqmDc+UEL0DdknN3qQtut+akNX7j/ZOrjD6NpSBk+70HnJJtyI73GULbGuAIJF0kBc8RoHTM/Np92IFrii/PvjR+9gWHCmXpXX/ZfqWURc7SPzf2g9J+ZJsyMVmLcRg+UMY23UAaN+6oLVbQxNf+KpbRAZdWuvoDazksRPf1k5OVC4p2DHUE0N+kATb4V7o0dMRVQGNxTBxeRjIyutxTdfFKJpMI8OjjQoWFxjBfiBIGSzh1hFitzroUWf1KPU8FGnxtI5ypVHkXrwuzgQVYJkx0tVtNpYaAgIxWCihKAEPAJhSBaPbNL3nUHNxL8MIksUbQHbesZ4DHTX7dBf8DNjiY5bpNXqHbpEo9b++/BXkQ2iNVVUdSCp+5E9QA2/5uLVoBwZK9WDuyggGL6yY5VMex+piyoYVdnswuzVynur0QlbP58hE5isIgwJjrQFK7G2VotYI5GzJbIZhgLttZIC7hSh2GDpFYq4IGXcs9AKw8sDAmx+ZQQPYESylVBA/ffUCAdH474I2Wn1zoeCvESMhhIdjmjux7I10Ob2qcUZxNx7BF1bL+kW2BimCvDSHfwSFgMs2RVIe2XdweQn4Ue0pNywWbpK32HMx6XyU1wKTRMuDUx5LINSo8iPOYg7+A/Uensun9hTwhdrbp/inq9o8AZV5sEKRhKS6O8mDd2XPIsmYqRMkf3bVMW3BqbcwmfS8Vc2bz5uP4cdsEdtZ/5Sz5Y7KfgIThJTym4ULoygGMm0wskfyIeAzrf8NuJT6rXmyvuhnG6ALEXJ1UpIVI89p4Ed2B6HeR/EWOifIiHYg2o6rQatLNdYIHCGDBFX1oY0apk6hZgJAOD+VagNQ6LmmlPIqA0oN7a1mLkWbvRYo54ZDhmf4t2b7xfZI4dg8zHcWyzVcHieCmcjZR2jl2RKsSWzw+GLvf9PIQaU7mTidz6UHRXBh/xG79imBXo4lR9/kvyXn/OaIe8X2CtwOYLTJgnuxO9BvOWF6/XN8ZqaLmHyxjj7n2JcG2LFDR3do0TGp+SG2LOdBL4YVU7u2H3bGd454pqnQF/JxuMiDdqQtH+wJ88PZmtWNbpDHCqZStCT9km8Sfl3xC6VGMXjJAfmkI1brshiPKc1ExeeFNIkDjhOfnKXYlQ5WGkamkjszn6+nf04yP4R/pIj9ZUwG4Nqn/Krv01P8XYcLRL4HMAm07iLKvYjHSXUkr/AJR/fZ01SuIJbcwfsqVJ0kMu6qJT/KrlCSD4Jx79m2ZCFPya3OFwTij5CDKdeibGQP32yVLJSDOYt1gh9CmZBN/C3LHFtNwHYeAINlJpSN7BrejV372dB2q5gmdftMmaMvwJBbEwPPLn2vMKjPB0vicCozvtooXqdfE4AqmZKZUiBRL7erXN4H3bFxOgNJnQrm+jP+acNA6/xZrhJmijEp5mQrRDsDtqlE0tl5Lfi4hdzEJdn+yH1MDS/6Eg2sb6/eALM7bBB8HMjhP7Ann52wfsg+Kn6zH59A1blamWZk/yzcSSZe3DftlpwLBaqYuha07oEQAqwET9aCTWJ1O5SHV1mpIQL49sQX26xD0O5wlq52+xonOfQMA3mcRELYk5zh1M1tjXI4k1Lo+8IbEu6FSC3exViOvxA0k1bbcKeysEsuMXhYisUZIQvQSy9L3Wra2/87W9qiN//Y2boJ2JWk5P40lOX7deWRH3iI78bqe3P3yoKgrgBs19+RuvZZPH7BlofPhh7sqwNyEXeXwLCfrHmeRQMvC7S2EyVlDpz8z6751PRz2s5Yxpss7lgFUuSBLGqI8jHHqiqhxodFPNjYclAgpm77xcd7ZMYl4kcuQROXPCnIOZJjX+gMt8wGN0vfiWNqrP1I+lP5yIjIHXM9emXTRam1gZjYW7JSGrnITtVQxYiOmjnsVYoDLjbrpz6Z0WqNrNnSFzYY4WUNvrSTYcYNzUUQftQdaVxVXdIk+A++hWIqj3uJ4DCek5YLMkMmodAcF4cI1S4quAV9EwVIOrhl7rTS/xu/lQ9oP1elGHXoOH+Gba7TrL3YUxKESuNx1EhozzK+CC05gFSlaEHdRYP7ZooM350ewIjLFYBR5yFeeX7mCWSvidq5Ke+cQ/Ewoi3+ng1nZvFwW2BsNklQBxW3JAubHsklnTw5kRa3YGp97Vw1S30F5zT589YOR/GQc+j4jIZvotlW5cbPh3Vm/VTD6BxWv78oqFyJSy4x97NcO+wakj1iSXJ0sg0mHd+tNaUNoHeancY2z32THgE2ps7wy4DizE28i4o7IGQcThrjIxZmEZW37gKzryQ4RBz0TTVjk2pCifwyRzsmFhL0YkqRcUywNklsL59ssJfgSO+3e11sf3ZdkxMMFl7WzSa/RBgMGUGvGTnl6kr2hHlYJu/Cn/tZ3NlMEpqm2jvtXmgiUUikAlt+Y6XL8729PtKi+knz6udHp/Kgsfy14hl3FM2tpR6YeMl44NFyr60++DEr/ei2fgmaZmFVMGJaUs+d+K6Ss7pznXb/N4GLumD4ziqcVE7zKrygQNusc77kMa6x/9F51b100koKRSoFe6vsC3T5odHLAMbfvQ/9P6D7zvuZ8jfakA8jDBi9mDy4Y07UQPdipVcDx1WskvVuqFqnRMi/MQSROlmLPMW9ftIUDMfqclQfdynZxybsKfa5czhpTDdOXiPFBA8EgwTa8uVdKk/zGqpfPQjo2xtJ1/Vdld9esDbEKAQXZ7jxXz2jcI6pNDmHrYvwCpCQyodIfwvDoeYBOhQi292pK/F1q/2vzBBOfeG7kaLRsn6VrqCmbJKuDtCqTlnR2dtd0eIY8rDhxH+xlvhmFP5Gd8raR2ITyx/3l6re8gcb60V6ltE11xT2Y1fpEtQwkBb01gVyNYy84N4NG30GtNemZW9XM43KZIPoEojZ4maU+YmYAFD0cb99OK0ADLc48/qm+F3ndS4nmd75CVrp3L7/X7jCv5WhG2breGuFnhws0lTWmicvwlIZMlfrKFbdn9Y6S7zLGqSCGv4rCD0SHKuhI3P9fPi6ldqDe/RHJ/vSPDvRruZv6uNMzKumU+Z9LZgVhN8YJAE45kF6vUdw72+XBRIDSiSE13fAsYSgBj/bjZoL5iis3ZkIH+qO3TB+fuKKd42/5T0z0P2Ef9LCKBtdYAkGoSJ60YZhwlS5GhCE4gA3aZwVab2X8NCH6CJzmDAMCrE03M73wvkAXoJJuGiQKZPVrPkdVkhQ4wqEAqRuz9AJuQICiT9xYSm41SfgK/MZQ3Klty7OPXZtx7R0EwGJSmSDnYiudqG9WNyxgkAN10U3C5zLMJIqLzkVvu8qwRZOTOhRLZx/QwBFhS7dHDVYO5K6JITj9vnefS4J4SPKZ9rfeXbFTk7HTdng1XHiGI4GHVFWtru+CKJ7MbLFz0wepIbEAm+DGBIaeJD8FPaCbU8dtOQ408RXYH40fKu5N+H/84/pnqNHiD+5q0WQvY8RdLQG5eDUsF+5Oul8iYiZO7L2CBVRFzS5rGOKoWaz0GAfUryc5J4T9IjEozZQFqsxL4M80I72V86XOyDySbGq73/wWgE80ZRUQd/wTrp3qfajxvkTGM4Tkk5xjiSTphFYGY+hXXqxrRAJ4zNCh4iFzaRKylm2JHWWNOXDL8UmMrPkhWoIU86CrVvB1OfbWfhQShoC+HiuhPDQk4hJDVVuYQqxZ+t5VdjaxClE41TBIHnSjfQGy48c/+t0iJZ38H3nqAKqlfKHK/h3XjggXVX+yY4CR1+E0FDd4/u5YB84oFFTZZZeOu6xMVWxBWaEKlQ9MLv18MU09Uvi1+X07NhV3dqfIMjeE2/gvaSsWHfxWhGxOmr/4/k+jYCf/b07AP0kYrOnOnDKJjbmExmmLQeCR2bLMQ3fTctUTEP3+SykOu23sgO8i643rkYwSXqUDTC2c+m4brnAWDAaqhDwVBJ0Fb46bx0bErVAlAnp3P+KZ+bpItQA5S6vW9Jb6/b+UrSBAPVET9SocdTTsjRP3IRNWqTJkzIrZTK1UKAnjXGLysL7LxopcAVgzb+ZvwewV8hvrP3waYdq3lYAshby0D4ZhF89ziCBhfOAOMn3hbbsfbd0alkHggeojfalSNPHBbtPBKJBL/oyndfK0TZ0Am09N1QGDc2UHfcs2ay5wy9Xn7uKo615jQGVtzY9AbYF7y99yC4utF4yVWq5ebBUc3T8ejnLaUbwOqTaqIAbmmyKRfrj3zo82QdYozwqBQ3S+XrF8swWLZi9WiXlipHua3PPl5XtW953Rf9IywYiGDuwpnFnvQORH9go1vpQSMdrujYM6vcrejZRlzir0ibCJETSO8rn12a2uU/N3KNf2c8dBbv/qJ3V6Od4PLFwEYJbLSxYCDHwMAQDpImwBNOgkRqqe0CCmbFriQtv79vzUo9UbQhAUGkrxZ0hMyYq7Un8EYr5JNnrhzRxUuKN2EcW6a2U4T3o1B/1hxCH8gPLsRnceHOywp3YtRQPUZjZFiA6XoAh9ukSfgVJNb36rsEqYXzwm2zi6+6Fd7cTa0X3DKpgSiFxrVIbkDBmGn0SGl67Aix2DLwwI1/d/Vcv5nzvOS2jf3PYLGps5BS0wbl96u1zUpcy8CWLb81FBDXDgVKHcT3LvnWeV95m4KyEqDjQ3SeyBum6VCPsTEZcntELDE6oAlRV8L3PcWiQCyegl2uEB+b+qgjMe3vE7HfFpfqaaMheVH9s0tYkL+nVlEXyKaPTfqzzjrqR3/K9M0ZNPQO7Ou9wDvsQbIgJqR1ItBYexAPViCjwC0nodWvEhFgHDs/PCEQ30OIgCZDJ9BM9JKBC+0KkFHwMLRH8MXy2ws3w9h5Q17Q4IWMHN1lrhvdhgEDsFacPxjyZQQW7CsvNYOpwLioGJMxU8RwxhNMKJYFeEHrOmH6iws6nndLd5p/XpJOH/sqiXxsWpf2zq93DAL6alsDVYvW2wV3z4zTrGix5uzEt6AP1AXH4W33Gv9Tcrp7AeD5C+GQIeO5xA+h7FR4itvD9LpsLz7MjLHQKrCVvE13IqpTgzMCwkPD49R5M+2sB47uNZ4RUA2T55XIKhhJ+dgg6vu7IWE6PXdyFo/Oz03CFasTJNj6nMgIDgigtddJ/m6DKWdvXpiEIbuq2Q1v2CEH3Iz14ixFGAeKTjCe9duvqX3Ms4LDpWRMu55JaJ3V78R/bDksrlNhI2HZZdK5w1hdPs+40q5AxFfvvO6DiiYJXItREfBMhlTxQVdO4pFjVHCOtRqYclmZUy3rVYKjL4afZ2MVz2K/7HGtrIDSyC9rZyZZPlefQa8YuOF1oqw4UNRbPvfxq4i376TjbaB4Qby+aq0BIWuFC1sKVYVGVSAoqZL84T4nG6xfdvEKmW3rud0ijFogE9bsMSRQq4x08IeJD4gaJYheM9HHH3J7al0lGEWL1TZna0FeHgGUlp8jl5gBBGtsrXs8qbbLdNUIfROoZ5+qzBPzWNP4hFFY+YpTovE83MgLsGILj32/QfUQ1LzIG6wPPyA5EiIL6fKqQJuPn0J4WVFroQ1CZpgIA1rwH+Q1SQ3L5x3WUi0FkPQHOJiVgzEAZxCzfF0E45Wu3SwJekJpV7qDK5X8ZYFEzyu8XRpMf6reUTDYylQwERvmGmUV3/vuwP2XmkDqlfVUmgsD9W38FBLrBP/DbFUG2AKFn5z2f3yYfJmElV6qpNJc5/9lY6gvPWnWmZ+/Ni9wXZDnTN8oIC16JfuRUXN0anHuB0UO86ygsGQHDvZwIdM8MLM1Q/eqYqsotEx4eE8pzfLQvW74Xc+QrJna5DM4VQV22tQuIZuRjWYVFuG1lM2WNwYq3ipEoWvWaB/pGxxBOER4qQa9dcuNOlU+GNBdGlLvXXNSwswMmwm7Df0PTa/Eb9nO7L5Jpit4TKUkGLQkk5AHIJ6yj4sYPEI2QWvVUPNoQKgHeYxznHbDc3igjfpkiZKuNaRzlHz7yII+kY3fI6v8SEvP4qhBUXNnEJrpKPGC5YznnI7JxMJ2lrKVW1f9Ofb4FsqnUo8s9xiUB0MwE91OGOrqcc5wE1Qm5xd6yYCOx+JW2N/xw/ikIdvmi323yf7BM3nJ0r27K9cXUrXTb85cCXoEfxpbmEU/+WwMAd3RG5FGP7+hKzoayvN3dEa5bBPgEFCwNzzkV4o7gh/REGqOhZoBZCRkk+qewK8xGka7ZMVIWf3HkoK84JK1xi0OewOWzJPvRpmIhW2GDcaIoTFLoa1DUefDI4/sjvtq2CDHBbQC6LoqyJhednK3lUy/nsU0vS1lB+JvZeEkAUa/3lnAZXQy1ehujjAofTPO5vMUz3/ECpkXWLQyQ7IeUcupSm67HkjBYn8y9703Io5SrVulP2gJsO6dxi55GxYWfQqzs8Y7xe/v7OyTdD8WTj1Yu2WORMDFQoacWJ6YJth5l8wauw/QaamAAg/uB7oRnongFdb3Te42Yxsv7dBk/+N0VaMuKY6Q7fEpfiIz2cqAxq19fyF2Zpm1l9CIZ7IoI+w8aZc/1vS9UMgbIpCYErbsdp4U+mUwtmq9NNEArcA5RVzOtMVJqPvf5WaGdPMLZ2x0R8v/J8KVxEuV5Nd/sPB59xNLai34C7ie8CG7wiPuyCqwALJIk0hkN2ceQFc86RKOWMYVX6LyC4Pj17LJOXM+8Xi44T0zba+MDImEzjmtC2EfCAp8wJe9lsKRJFfMx/Xr9X1ynM8eypWjS3y9vojdY84SfZTn4uezMW70gbeoLL72hXkrmCH5P1HmMsvqZiQyqCyrX1fWzCCzNTZPsgwTtXFeatgvJAC7kQ/g4a0+OAxnI+LfFFNDNPrbauF9rfqFUVRN8hqhjgWPpYVGvYnADTjly9UyzflynV4tVmmoreTys3a29jG+05JDPkWVAqlGoa9xSQgRNhgnRoD47xVlW0zl9Fm1KJA0ev5bVjkUu227wXAapvGeAD8WF27+AIjJGf53olSFBUC/GEBiRWkTIdJIIlLo08IMHy0R1MPlqOOkDoQO7UO/r+R/XTOMtXYpRjpCVfMgq4pW6g7uhY2VaCXiw7DYxqyfNsQjaowm1qE6OZcnD6xRTsoGc61x+i7s9Z2DrYpX/vnHS8GQwdIBPvQI+mj+6TtKc37uHQWkSmvPmd9CRzZOdHTvIB6UEQJXD9Q502++PkXMi43I51eFxMRdOOtwVW1Axyeo3Ct6gpEPAFb8N/G0PlwWviyg6kZbi4M92UsOcWaKtDiC/tXoXPpyLljqDHbT4Wb9+F2bgTCvuIPp3SdmuhzlRANbzrwUBevkGH0I2ziOPXtHtUiZpF5ux95zsVq0+/TkxKlPCkWmH3ghfRe0IQeykk2lvFJ5DM22+5TGSUIWiKM5RZoewYLdS1gHOx4RQr2Kb6GPS0n/g0ZYgj7qrZpk1VqO2v9mdO7c0SOaM8C//sYy5nFcMMkR2e1CmR5nPkz94iXKexaBWucehgmNE+hHe14SPOWfI9xr2bVgKLeRa+QSoe6gT+hWASsWsQDeKbXMYOwasbdTtE4pshTae5Te6nzOV1TQziVph9EzVVxX5iM4MVpf/SmhnkGh9gtU5FobEaJP5x1IMNeuVIJL79j2p61oyUNIS9AEPH0JUIwxbnQe073hfF03FowvqRpw5HymDm/iBUl2OODiwadTtHi1K6ggM0Swk8Wwx2UAH91f6N3zdbZxs2vdzcVttYeolWc/zCYO+UuW5vDG/L1TIdGd9TJtBeb0TuQKdFbgZrWSMyaXzzMHgxqXZE38z9JAG9Eq8DPgdZ2KEBZDnXxh11hpUOivpM8i4E4FcvLmTC8tikm4c4nXQrR7/SJxQs5hQNZgEhJTjhDk7Wk2L493hsZ5BXp3fxRIBlWiGOP7xLj6nqfwt8WowqaKYqBptzMqOkbOEmRGSnXqG08xCN3pXYo4NvqtGPPmBB7H73z4u97g6nsg/aJ0lxPxaueJGLlCNfxq1znNBf+MqhtnLcxXy5MNdqgMym0tAClJPDjvaxaj/SBWBJLemveAkOQChaDGzj8wTVzQRMs+dkMxItmPb0bGxKMdMHMQq+ua0Fago9yrqHh2cJ8fN1LFcq1QNKT0DuYIV/qdKpg0aTxmQjDoGXJZj6h16mad+jqLK2VbQZ0xvM28+n8VB7IOIHLenhe8So4sPJl9RYHbj6iqw/K7Nfv8MtP3MJQSUGTmcam9t6oVvBXrksWcLfQckuXwoshXMLVU2Tw5tEznFiXLt5pVbIw/73NL4+UevbNpcal99veJxpfJlenuxzve9bftmAJWf4sRFjmL8A4L/0p3golzuFVg9cpOnugAXNCZYz/6biP+9lhpViWM8rUgAGtOomaJMtbH3BQUyNdACdOA/+WH/nTOcLQ1ZpSaaP+0NAXTRJFqftepckwbBdEhqwrdNSj/0gesbShtnGtXfF5O+XK0khNvOVb0lWtQmzxYYUnOwA4nIZxlRs6gfu1afO8j0e43TfULXymj/NSi623PyDyoygpuVbVUcSGUCMFoDS2GOO8T17UJ1tLfhOKDEIcEafpDCNiXQqfv4mnUxSpqu7ogmzakFXCV/I1DiyKNtgxNREu/7VZCyZuVEeXGqAu9YwZZza+bHVR8G740kZsaaIqFCZk4tz0um8/jXmqReXAHijWcN1yJI+iEIewVOjRsqwPHcVbeKjH4ORap1sNImE27b7sfGrdBuyABiyCbFsiUHTJ5YId5vE3q764BkuV+2I07iCEtbJwv27vKwdihvy5lOHD+gcUQXx3/36VxLXgYVI848EAzhRTwInrWDxM81j1ye4AdG8ALum9ps2CzsWODKOAwKl9QMyFPUiqtSJyVnCJi1l8YsRAgetCXz7FENuMyoD0B/51uj77sYDU7RanQ+tRNvT6/A15GzuTWyeatPUSVhvui+FbZHFC69IquPRWfN+wgyMW7CuQks8OkHtuq8ECLKDY/q+08rjYqJ9dFwXe1I5nC4TSVNHFfTdkIZZcOaD22bLYLYxF91MtMO8Zbh1GrRJnK/FTzq7cqUyM62k0vEKthcFuc9ZDrg8CqnYnd3uO7Y4NKodsn22GJt8aSZ53uee3783g29TftCAGaUUyKJYBe9RQfgPzgFoQt84f5MDJVeIhuemvYcyxvFdIXMTQhzcnuAahwSBt1AuyCMjmEluLdRtWxIQSkq6S3Q9tYTMRO5mlJPUzADPGUZBBeIOrrLysf0hwkKjU+oCUEYmnYS7NtZKnrhW6zfmpjziYKSc79FT22sIz0TcLxeSNQqIyhrAYXg6NgKRz/IrN4RecMCSM/itzAc2DikdNAXMEQCOAcpt1s1AtW1BUd5TxjT6nsqh2e9jDbcnlOQP1uBBsmNWCNGiDMBC6aQGSpH1texQEyDtUGEpEuaaHaTE3c4ZAqcgityGjMwCMTvst+ywS+EWeQ4yB7+5tSsCPJk251pFiNrTMKDnKq4mpGg4KwkmSO0xu2RjWnnEGe3DExMpPxpP8Fstz9QrPMFykMMElZKDlBSsStQ8RJl+b7xOUcXHm1V15RljkAkgCAsVPlX/2/xEH8PJTUGYzBd314ZutupJHSxiMlEL6nVTb+2kZjuMMbcO0f2AVSrVT9Vuu5F8q8Ozl6Go8nHXXOZZf6cuiGVFobO228oNRE1Rxeojp0PoD6TwLfq8LljnVMJuWNZBTDc+2/CnZE3msiz+7OwqnaGWX7mUEL1p5J3mOGvICkCvHoCRyElPknHgoAbFYwoO2iZBRbFxBd2OZrltKJ3caOWLUqq7hjvm/laONHsQ15vcQMQVVZRi+cGPeSDX9lQZ2Y9P7wpMQgAxYZWNkfl5ll8lk75Txam7Ffgz6n30zwtKyg+wX31pchvaPfHwPS3vq2XGHu0wnqJeV8Mg7iL7QNSXRIFf5pLJV0MESaj2hyJD4lPqt2opAa6/yhT7ziL5DkECs6QGcdJR0bwKqg6kmXrJqo+T9ZqQ6byMdqkSU70xgNjCg5ELRSMrxllyYmJEQZvxg5YRy/VcQv2F4Vq0PvZQVBWPNlrgzC0EARtEtT47l6JcgX9XjyaW7CjHr+CdbBwQeU+L/t2KY1xHmKR227VGqvZdVZj/v2CabUX1jy8tGKM3/lOv7eIOj9DLiZV2GeRtSDUihdyZ0tuIN2+qsY7lkMzJcGSTL50uZX5THMcahXX2g3dcl3Ga8ngZVnEf/CMsojYXdl44So0hjaBKLDSF4mNaUrWMv/raiUCTiGElQoLoWWuSQU/syomTfBW7P8eEeg+avgDVzUAjRm0MbHxxfqfIn1rvuo9HlC6Stj1icS5QksCAkWh/UTr2Xm3dY0rUM4yyA3itkikZrEujra8rTD3b0H/6eAv5WX6DvXvu5ZYpZLcIXpdWPlCbeJ2rtL6Wnnb4q09S0KW+MZN5MiJBSz2W2349wYNHIUghBsPSK4J3Jig5rfshpmmu6p/A6BYJNCZ+vN5OfboXlrIv46zy1zmtgeJrtD0hxSxQm+aO6qwDSUzjrWNIHPE83LokElnQ74Nwuk09P9XtS8pE2+gZ6YFQ/tCOQn7yxwUNlWXM3Nt4q6JKnJrWVR0L6dImkmsvsIGzyzuxl/CJAmDEMhsdCKsc7Vt7nXoawFkc1oj9+I6n7H7X07NfoMkmBLGQ4ooQXyC8XTAu7uEb0IQlFpIMoBJAvLC/g0bdvIaHtxH3nuHpOGX7gdHyKXL+PQ2HXcMiiRIS5Gx00L0P8hQwx1XEKJbP2sL/qPpetvXPCm5cBSNVYTFBrNT87tVY5WVWQYV0byZcbnyqGcW6/iJKGUW/lm+soQ5ItSTfIrJzC90Ru5+CCSftNdDmUTpCPZeppsbzQro/8Gbtnt5neg8gVpK2ZOb/STuy1FugRs22smcDJ5hA4TycHYvG28NApgHGeSI56hQMjaQPqxLdLa+ml0vJ+h+ibtzU8C/6b/aWAJsz0iCCDGNwJZnDCb+mA+tWEa1wTpGnzGDH+Joz1UdV1cIlyqMarihc9NlerPPXQEKt5tWED1tfmt8jBY1IHfnQSA/rl8UL4xi8gNUaOFZfFdPP7kc1HlzuIjv9WYzMeQAESUcKheb2NrmsX5pOve7SodbH+18o4hNykGsuyqZRI+Ds6PCImjaBgHzI0mmXn2UTsJb3EwduBD65ou11PcGBTS2WWID96O9Mak7edMdurjnFbyyPcj9PzDBcsIZW1Z+/XlSX/5Am1Y3pIXU1zvsbZpB2oa43+7blrnL6u2G5DV0ACuYTKuF6LSjyaFRtaLR7CBC2BVrrEkoQc45SyibE7EBiBFGiBsWI8OdPoEXdK+A9QDRiJ/cO3iGPjeRw13TUYZQxs7G+VREORx6JGQZEq5SZpf3IPWsunu60tUxJy9/gG0rw95UastuVeXjdizIg88K6oqGF14pFYkV8KSrEQIs/cnJcmoh9OBjFnZNrtmKS9wzPlDKqsEh5xEiWGLpi1kKD8AtBG0/hJz47NM1w07awJzhLyYMwpGZgBmynkOzwnPiZemOVzHP+LTA21qqpx/ztLhdFXFBigAjDuD1mUm6kjcQSN9GKwSvkSK74282eaP77uKnHBd9kUKeXhdSWIM1955UjxRfhl3cJ/yKzHjoriUi/JREUJxbyZI1cqspbbcDve4KjEEK435oqOr+Ns3oGBxBLwIZ3x/Xs7WL2nfdPfC5+SEg9167YIFNivQKOP7Kg4SNFIQqEJBviSAuTQru+IkCoJcqB2yEiq3zkggixQOr44SexwS8meN7HUuH8rNTFyy/LYopFolcrFAhIl+8XxPCboJ14LrHawiQj2auKvEdehd9TgLW+Njv0qQUKW6b3lI3+cwiRi9U239DUYy69rFycsyeCVgbAmQ8NObSyw4FknzTCN/WnM+zmckbZ1uPYfLpfuDIlJ7kE+WQRhYJWgmO9DbMhg5Za+3UJ/IIzJKhVJRVuuzMinQ/RecdmmdTkdetccgTWkmhrQEf4xgfTiAsomkGJ35FBj8u39n6Zqz5nAuP8hGhDVgIZnbEwdMnJG4emq3nmdrt1tK7MhnsNeGqJz93k46D0R52F8ZJJv68wpvDMruD0Oj9A0KaMbn+aCyfp19K83Edx0n7Pky0nM+qKrC6Aj+Bk8akZ6hnL/hyrpVyuavT7MrBNVyCWTRkRsjwjR6ChQP0PNgIFKoPPBB3WsdutPKgSot1SkHPxX6r3x6pbyGakim4+OJ/cfNOK7sGggehgN6pl+BqSzdMxjnu32XqZm2GwcDnI3PbC+RYh1wiIkI7g7ytVpvO52FUbKnixA9/IjPV1bvCnclNKYWCAZzIrblQAMZNUCV29DMKSi2cefZTifrQtkTidD/n6g3mdVrQypkhqbYFIc1+N26XfF0k8f4B5t1/f43B5o+s/CXPnvV9Vtork+HLSu1TaCOarl24LZtCbjbbE9qmJXfTpqj2wGytrZR84GhjPLItqnm3FJVeiclHjAzKdWXhbaAP/19yJhS9xpkMClrZGXf9RgJ4Q919Caumqr98Q+zNtoDgOOjxA77z/iGTHZudeiY+bYNsnhTJQ9ioY7Joddh9UtAbz8dhPjCjqsCYqi2VBhQObMCYD6bD3GRGQWj2oOg8SezGCGa4xr2ZlxQZYf/jCWhYbuNsBiL/Myeq+jAK3TOhB1KuTdmmHAPskMIAEHxylZQRETiDG6SWUXFjqBra6E90Jgq5gM5H7/FvenusCg4drXVEZ9/3JehVSt4NXSsQw+zpkNBQBy6XXgEETDBuHIIUxQHwsDTLTvCSeBO5Bf86ZBsEqN8y6slT65TTZRNaTHFTX0l3K7zU4pPchFvBnq82DgkdOvxIHN791giFf/C8ewHq2wN/y1/UO+DZYLhwwckbkfBIz+p4BW5q1sggKqpOhHVhEGxz5JKTG8YjBMu13rvIwUsIaUDZvnl+hPrS12U17WxkgWd0x4IMemJhyxqi52QtxWj4bJd4wbFSdkDYrk8Q+MHbw+PHMM50POm/tfmEe4jOgF5s7JEnTtzw+qON24HHjmJ1zVoDEnWs853M/v5ZU0DsblzB6BvADNGS21YApCu/si3xgL9vq3h2DHcrqSzlkXE31wBhkkYnD0X/QWXEZppuBH54YorBpsLtUYRdHTLnL/etiFo27KAItA8SHOkCvx/mXssRW3K42Kt6HCIy+CTK5G+GtKtARluDh4sOz8JBxM+pEbbQDXcKkJ+LOVWXzC9Fj7vkpH9hNwka1vf2cpBfU2m/1LVE/M/2O/ieXruNNaf7IP23i+kHjLJqwVCV/0f/17RqsvX2YQamZSoOTP+YudsQseB6pCUiRpfg07cuAWzINeLeUw3U0j8q5rfJstTz4X8LrHASKUT2PnnPH+8DVq08+gVsUwGRpMVuZLcD8j7eS/+BjN3wzpBjmOEBYUPYdJTI886KdcdwVE0XrBHhIJqIf8L9bBKvhIEOoqmv0ARbzVDynsuQB/9UgpIzNeyVbkXqOCKZN6Z1snKPiNTQgMc6E6VFDIC1olvO8M22w5w8L8KeqZsQ/VAMbsOVc0alBSZpkF3eEhGXGOogyMDRrgVaaCPVizayWCRlxDh6MJSrmotCrLMyFOkTK/Kxbl9aVRMatRrGa+mnNPJJ90bf40bV7IPzl4jxGl/jWwlNcqIhX2YQxVyyKiu6WSDtPu9dB5GCnY05zQg1L59GAU0GhpvaRrk6FGaiAnRMcT6qJ8znAlpHaI7vgQqQ2nj5tsauAAKJUWN4vRtqZ1gvMO3RmCILMcrTvS5BbLJmHO4j9wwDIGa2IWzZ3LB5HTokv2YhUgFyJCxlxMysuV331wQ5zeRmS76VcN7voke6rpqAq9bzIvL9u+lNHb8adoep/z8lSWmRAP1Sqll1ZM3e9SFz4ZGs4I38hyvPFZ37ILaquC1Bw1pXquEqlOvaXk6MPS9X+FWStjD7vPnB/hxrsjv9Sd98buQXpcAnsSPWVCyDARCH0IUmaNP3z8NSPzLrLBFh/81awzDevOSb1JuQTXZ1dilj6B6yB7G6Cs9J9NnasremHnWf6BcvG1jzd2SuYpAcmd+QhL97QPJy8KL28mvN0/vqN7ax2mZOdaDNanLYiym18Ioj52m3t+0chaWdC7ywtS+qGw5FFSORxfXQcEBsLhNIe+rsR9V6XGhmkU4pyQC/oHruGdFui24BmGWz+QqmFzoeCW409Ajjah8W2/gSUvrvi07kZpcNcPFEv1xO9v44SE6JFKI3StRxrfKoNQXmQbrH3tAvObWgUvkSHxruvGMRbXewGezbkp/fP2s543YcFzH+xn4KXhDpi2111PJmoRK6vJvWdItleoTBIcsyWQIKXiDS+gcVL3Jq6aWSOmSfKqaKf2u/tmfk03nYG5D/7ITYp6nv65+pGUwKvWvIwzqvE81e3hWWRLVT4tLMaf/O9X+/KqD3SF0uPY3U0srXsk47gT2N1u7NsgotUBaRk7nVN4EAizPpojW3lrDAWLgYJsbEhqXI2D272i/ENX6N2oD93ogP0yRoiwbysxP4gc6rS7m8PP9s2CeUk7GAJ4rISk6XJpu5/mmKlQy0DK1Qdt0oEumMhrqUes8LVJZF5CNpqWv9PGQ+4VRsjR5LF58iSip0f2OjfaMzHu5wClvITVmdt+sIp7/Vdv92CKJtoV7NfWASS8DHNqBMG5Y4hXslJfIaOpZ8ghldC8mit1azhvcxbFa9DAgW7tEq+c0fOwsedvtqdDAciPLL7Tchf2wozdGSEAtiJ7WEWJben3AIKEgk38qO9cNaRQNDFOk+JG6ymSt5UlVx6/ZguOxYar6GuSgxpsTIEJoEXq+uM/Bf1TRcCi6J2YclLDeGATSK34+L8G0X2tcHPwtr0qnE0UYVIWwY6Ho8XJHc4e3PC2eVOOMXDKq7dzO0h/FK4EEApc8utGRiW0aMrkaR5h96EYxpz/OFewyepXtqATeYli5aRxpW7r/pH0iovTpZxQp5xHS1xkhcqQe5CMa7z41xyQjeWQf2/yvfyUInFZrbyy9+WkGs7rxgOgI3Q9HzV3FUvf6hgL5waT1cVNxWM/g+cGzVb2RBGJYSf2X2qVuPiatW0oNAH0sny6juHj72e4uKWGsB16z2Bk2G4tRN+fEgH0waNhn3aU4bAsvm969irlevlxK48vHrWFU8YJtkPOg7EZ6oIXKau0QBsuAfM1hg35P8ZGO59DrRBGTRzFp1NQdIfy2Hngoq8O30hJY+CuK4OqlDnMPeYDCc3p+PkU8c5s8dalKMhCTvoE3rH/Vqtr+XAoPSEzApzwJTGm75PaaCR5wcz8SVmwI7c596qPKlJApMbozQ0UoFy5O38hxIDCE4UX9BIy5+GV0pRq2tLoRdDc49CENz9yeAMeA7G4JL2XO+/MvfMtuxe29+yrDaZb/EfRhGrtr+Xb51+Fp4AZ2x8XkAB80n73orMm7+A3Ag9y6//YpEljpxjf9h/1F1qaiHP/uXeIMyIONu4PBdzwCbdbRUzQRH5g5PsWu3nxftB0HxP/Yb1+NuoJfqBWsOrRC5+yaYJ4IQceLLk1o5hL/pwBYR1Dew5cE8l6P7qpUF9z29hDwxZzI6RsBjg+CgSi8vXF8tKhfUUOvSuJaoPn/uD0iGk8YDLt+CSViO13jwq7QaoEevSwvDrJnX0MS8i2peqhLd8EN2wxbWIQSuHOauWsWx+lKBn8Q13qCKoI9IVEnEHjOuJRxZ52xovmrsOBo8BazTta6iTbESGgYwB52ejfYJSFOOTsZNfZEUklGHjyKR9FoFM660jPUvq1/jf08zdrdbE1KIbyg+eYr5IGBFi+j2bZK+1X55HItv+ve9qYv4l0aC/8+uLeaCBiXfoHGRIeu2q7DqJqgK6BCZrisVfGK+1I6tn3Q3OSSsVDpi2E548Khg9rwd9d9KHuo09AVrRjS7qEAX80I6KqCH4Idd1iCE+Q3fdRkrNVt8WYFaccpHP9uoZ3kbv9sLdOf6WRY0+3I/v2MZLA+Zh9AfprG7wZyhMg/gCiqewdcuSamRlJ934f0oQ9NBA5FUYOp4VwLCa7TmY0RUdxhMvAMfeVxh8+4kNvguWV9JjMByJm0ku7hL/5qSQ1iUA/ZWy/+vehXIiOOhhqJlWDHbf/jOLr/uuGLGqw73JOx4AReTzLH8vLe7E8ZjxyjmYmrsCP9HoQESuG3fnUyDajXVin42NoI4kSNitCJO22cR9kopTPbz7ZsUzdPcAuR7t2Q9PFdH3VRKyfnI/2fVy4h7CiwAYPucsKhRuGwD3cr3Bv8KZGRZvCqZUUb0eHIWkq+Vbia0SGElpmN0ufmQumeP8giCihiWvGs6czgBULxlDlFRj2ZRBfT+61BGLFQyI7bme9+AgH0Zq+2MhIDun6xH3GSmhz91b6GiB96gyJoPB5pc5Cac8du2mPwxWpsDwRTSWpdSynF8nhQRylX3d6EhLJgirrKvrArRNJev336+YSf2Kz/5sbfZJ98NfaeTXbSVa0MPJkMmg9TPL0K6C2cmIsWLEZ3YBAlD81sMcBYmerIQ7AAY2wnlNUQgwugEcqSnkZd034H+xNhRzqT3JmHpQ3Wro1/0LIgrVoF484HDIAxlH//FV6PMnjAAzDsgJ4dbPdPwTnqC8VJxrzzYe11kLFt5UGHMK/a7kpUICjego2f1pwJCETyWx6fmgTdkZb1QpfZigwA3UtPvMqcUSEBqqwogSvLzbP8z55gfenb++WGKFlE3iH62FUyTw4z3qLcrsBsGwKqBuHAtM8a4yhsvJcbkp/CvEw1SN2k/agFihRLjouPYpdZEVFhqbNEPujdhuIOfcbHyazzFWuPSgQwbJZuTUXGrKlPFtpbEX35lHY9+dGVn7kIOV4xVHiDkhaS37Eg+ybXk8OtLLDvT9pmQn0/F7jzPECh3Vx6lprle9FK0xHYivA78Z/KK4vwq+wLgVbGNfyDnTViMjCxP0G1hG2EAV6Z+w1/qU2BggmdfWRyfEZVenPhzVCaTUHALcD82QzTMQezgffiH6j+2pZbkD29VaEPfDxUSdFX3WDRFavlWxZz6sCW8fJjXcD4onieruoEwDcq9b1X1rek9TThxn5TLoHSW1lRHTYCldBLTzAFQzGOA1D1YZxFiBQYohK/W9Rs/qfO23vwOftdWvp0DT3L7cgiMOx8gf8hV9PH7LNEEcUApKUOCsp1CzsMK6mBz3SN+2EKcsZUn5DkKonkduzV3TxP/y5XCNRiXmGTqVz+l/+co9dAjDS5q4Fl7LB/tEJeHqiIcgnOzZLiCbvv34MrTDUv2DTaAFpIDyzSyZnPcQUjQ2n69kN32kJy6RqWEZ7wNRO7/e00kfgjV9q4+vuFIgZ59xUv0FPYm7ldNFeXaXEN55eNmmxD2rCWHgbI+zjpEUTkBBWEX9W+wEEJxeTj+loxNE+BwjWVruulSEpms7vRbgmZI3SlPc5DTrSw6e1v4ejKU/+gDj4dsSi6JVdUbwDJUOuGKdokUpGIv0OZYc77yk1OHkmUz15eAuop6UQAsC2opTYkBM2oBOyXeBmZo3pmpBQOaJuYTnwatwBY0a+qZahMfIeC9ECAn2DVV79ckPLgzQ+reTjNoCrldF4A1nWdGaOvcDgjUWvrXBpt3YfGhXG40CA936YSKUVJJGRSWrAmawyz1wR07COFcSutxuu+C5Jj00kMtHRT4QagwWi4Yr11c8tRBbAS9IHY+fhqZMhXWyKcsEoHLQz4rHMXtgCBAIDs7pLJu7rRRm4Wejda7uz7wt3Tqpfw3Z1So2gxUwHwwuvlGCjp5qVYsHritSYik7F4L+mf5O+oY6OPNKGGmWkW/TAtlaNAAPcstosSEnC0jNNEjzePrH1YepMbG1HD+o+qb9T96LQSov7pGPY6hG6jyrAIg10qDhnHuOqsZYRpAkCVvAMWQoogNIName4HEejgT6KwGO0CAXxzeFMthtNu5YFNzIFc+9Ppus0B9rxE44JDyv9u2J3gT9SW/p2KwaheQSCYCJmCRPqrKugi/NGBBAtkbqKNFoFciqIBUymYEkr0kBvkeoDvYEvCyyrzUIgicwY9iHUi2VDzh9tS6I638VnJxL7EGrknOe0AKWnejXOhGSzfIu1GbhRLApRTHZijOeXKlOp2UU4QIAqmZrPi2h6s5KZVDdiqp/XwGPn9ZincsGo/1nMj4J8z4cDZrl48hwoKZUMMSA37yrAOG2VlNioYInMPrQJheAnRS8bnAD0a1Epd/ktp/avg6BLoEcWmLEcq2753MkblBKIgREXj4YwhdX0sI2twd9mh/f3jhEhlXs2wjAubH9GRCKUaRcl/t8e+xf2EOy9Xl7As6HFnISX+ouVT/1x9011ddIqgwVWoCEQqswPXNx6CKpUWEkCyElINGQwJ9Y5Q5foLtcsFyHPcpgAzBzdeJK2WpoI+lWwDS81U/49UHxI54LrXCizokyqm+hoSiJFuktAaC5dkHpQn+y5nuKJLmK/IAr3BwWXIYtr1h060whMhb6OMmvNI61m84CqsHczmrGWNTUCpcJADETRO94DX5rdpv+0+Xc+gGI8EeBhLDcbkwiQht/gGwL+sbasQc455Af4qRH52NEJB+OaNq81YG3hmEcSrj36z6VDZXnQd/H63x/Zw4ebrQWLtEhsU011p/X+OvNH0ShCZV3A+FNwHjfxhacVTIn7w1G42FyUYe9hwHQ+f+UFVK2gKkOjoNU3cidcTURsDRnduy8MOl/L1aAvaxw9KcChXP005O74uId8AtwerVF80xv6d3kzy4UWfGWf20AtQTOcOtbBpiW2T2VzP1QE2eUXP3UsbFF+YGMt158fMiL8/oEnwVJHwIe9lE7Yb6SyvzuHOCYG8NxsvWImCHtLr1m1bPNrYgennWn+LFkF+wIgJt9Fumd8abjGtq18qUv/nLwDtQMuwuM171LzHbe5I5lqweVIHFgZuLuIDt7d7PIp7hvaYlEhUoDYsIsKuDYw4anWEzaMoLkY93aRAfE/PTO5t4ZIxehRMtyRRwvcLHy6AcsFfii9ug/4dxAei17kyqrm0aDc6JZXnoRh/s//Ut03+utony0JHk0qfKjbgwCbVLtf5ZDaUV9IJEDSWnx6jEMO+jwyVnXWuEKsYNXmigMOG/kz3G6zdgMWvYOoFx0cuHhctsOFjH33jBxKQehkeYLeNwgKt3FnVVDHFr1GxEyDVl8ZOTsbaHdtqYWZed7JtPIhECJg/+FNzYNxOTV63U4fcNt9CZodlUq6fXvyIEZ8t9OPaR1tBu5CQdjXhaQAiRtcf6wPQBwY3z1rcy7Om7jLfGiNGNDNaqWcAjOB3SvRoXr0+wU0iqIhVZOv0dCuCdMxIvo+TKu24u2yCj1LZI20vOlcjXkCtlOgyeuYB6VWBmst80iEYcEwLKk/C8z8cC9YyDdbMqWol1DbmlcE/r8ze+t/5nViP0Y9cUJT/k+M6qXONa+tq62e8AfLiSXPs0IrFGPm05TJ1pt9Z6oJr7zLn26MbHMTYraIagKzMaR7CQbKbYrgOeE7yrXmTYPbThfhGfs74VjrwBQq8Yg5R+zCc6epiVTRryJX8yMXhltLggBGcN/VflOVl2Sr0MUPe72XNFjBi1G5MFLi+hxTZzL7b0UYoHOnp/Gu4adAnfOFRdAbFHZTiJMVtdt3AWiy2oCaqZH89SRrDFOphPqGOBOY/bFmiIigCnOa1/kwTNr6vmSe9nl63iky3ZqcfRBDUJgR3nWi3OxASsu6MySb+SaSN/pIUO6AqunkpK5PdPGRrD9xWKUSPVtKZEwAZAaCQungFBWYztsiWYvAslWIo0JyP/bWcFJ4DLa5mzKp9hIuxXm2eRuSDUcqGnY09P4LcarpSld/LuNLQHwTAOTQ1qs6Udp0s4iblD+RdQjBQ8Iesb3reHqezGFo94SUXxV/iHvQBVB0BmDyMnc/pf55bYTZZO4UOK/+FFlQRQ3WJi9lRoXty0vEs9f4YO/n3joIYYP/To8drcCGefVPU9HaAtKVFDh/aAW9xNJPXNK6FyCUJ+MDJPIHLFa7Q7usTrNSX63doPCEpt2kJtNVRffeDwbXZOAQuqWV9i6+otGVQTOydyq1sTW+MC2CjHjAys8zx4TTW+7c78UTM+jxDni4rvp2RLAgXQXQUwtUtFS1ent/jxK2XVPh4RUQWz35HiF6feINc+q9J9/7L8fZIEOiCt/N3fxuxG4ie2ABoBuIPDzJrBRSD8tr/vPFxoi8voO9eKauWygethocHreLkgY8+kg6KrHorTqPHi0dyxM0uKqagni0eeZV5yVDXYplCMFeyJL/MYH+IsS/D6V2lm4O5xO8KvcpnndWtOyvCcZ2CuhBNwJENl/tlyL8uKyc5gEyS4ZebJBuWzPD3CTp51Gc2EEQ0MjjNeH8X+Cjrz4+vh+uzpZOh66UEIxHrYMnTzoMLj9kut+eAFPzXPBq+MHergOvynZn5ZVTLui2qnBWSCuQLhH/GcEevf307Jp0qNtiBHBcTulsXkDln9hWEyxQpjEf0TBadX68YxhNoYisgCc0IAszRNX94txN0oBNEjDY1dAwcHeRhBZ9f54mpTvomO/DmwogAtUfOAAAAABFWElGCgEAAEV4aWYAAE1NACoAAAAOAAGHaQAEAAAAAQAAABwAAZKGAAcAAADgAAAAKlVOSUNPREUAAEkAbQBhAGcAZQAgAGwAaQBjAGUAbgBzAGUAZAAgAHQAbwAgAFoAYQB6AHoAbABlACAASQBuAGMALgAgAEEAbABsACAAdQBuAGEAdQB0AGgAbwByAGkAegBlAGQAIAB1AHMAZQAgAGkAcwAgAHAAcgBvAGgAaQBiAGkAdABlAGQALgAgADIAZABhADMAZQA4ADgAMQAtAGQAZQA5AGYALQA0ADIAZAAyAC0AOQA4AGMAMAAtAGUAZQBlAGMAZgBjAGEAMwAyADgAZgA2AAAAAAAAAAAAAAAA	2026-06-08 09:50:23.311464+00
27	Diego giebeluka 	giebeluka.d@gmail.com	$2b$10$nry.1r8AJn0rWhWBir5X1OZplhH0VgXkg/jvnSVFSuSy5KCy1DVjm	f	approved	\N	2026-06-11 17:45:19.553134+00
28	Fernando Hornung	fernandoh@gmail.com	$2b$10$YOPUpMuNcGTWcrLbbVmK7.G3hDBRpPmjPED5c82IvSHVirFTKFulS	f	approved	\N	2026-06-11 17:51:54.193681+00
22	Fernando Knapp	fb.knapp@hotmail.com	$2b$10$lJODpz1woPHyOt2AatLPUOiNYqz/eDr6.VmuqiITDfoaJiW31JN6m	f	approved	\N	2026-06-09 20:36:37.779161+00
29	Castiel	castiel@gmail.com	$2b$10$smwT3EKTTW639hLaVcwHkOEo9W7/AK5uoifBVQZ3X5tjCGqPZK5sq	f	approved	data:image/jpeg;base64,/9j/4QCCRXhpZgAATU0AKgAAAAgABAEAAAMAAAABAwIAAAEBAAMAAAABAaMAAIdpAAQAAAABAAAAPgESAAMAAAABAAEAAAAAAAAAAZIIAAMAAAABAAAAAAAAAAAAAwEAAAMAAAABAwIAAAEBAAMAAAABAaMAAAESAAMAAAABAAEAAAAAAAD/4AAQSkZJRgABAQIAOwA7AAD/2wBDAAIBAQIBAQICAgICAgICAwUDAwMDAwYEBAMFBwYHBwcGBwcICQsJCAgKCAcHCg0KCgsMDAwMBwkODw0MDgsMDAz/2wBDAQICAgMDAwYDAwYMCAcIDAwMDAwMDAwMDAwMDAwMDAwMDAwMDAwMDAwMDAwMDAwMDAwMDAwMDAwMDAwMDAwMDAz/wAARCAGiAWADASIAAhEBAxEB/8QAHwAAAQUBAQEBAQEAAAAAAAAAAAECAwQFBgcICQoL/8QAtRAAAgEDAwIEAwUFBAQAAAF9AQIDAAQRBRIhMUEGE1FhByJxFDKBkaEII0KxwRVS0fAkM2JyggkKFhcYGRolJicoKSo0NTY3ODk6Q0RFRkdISUpTVFVWV1hZWmNkZWZnaGlqc3R1dnd4eXqDhIWGh4iJipKTlJWWl5iZmqKjpKWmp6ipqrKztLW2t7i5usLDxMXGx8jJytLT1NXW19jZ2uHi4+Tl5ufo6erx8vP09fb3+Pn6/8QAHwEAAwEBAQEBAQEBAQAAAAAAAAECAwQFBgcICQoL/8QAtREAAgECBAQDBAcFBAQAAQJ3AAECAxEEBSExBhJBUQdhcRMiMoEIFEKRobHBCSMzUvAVYnLRChYkNOEl8RcYGRomJygpKjU2Nzg5OkNERUZHSElKU1RVVldYWVpjZGVmZ2hpanN0dXZ3eHl6goOEhYaHiImKkpOUlZaXmJmaoqOkpaanqKmqsrO0tba3uLm6wsPExcbHyMnK0tPU1dbX2Nna4uPk5ebn6Onq8vP09fb3+Pn6/90ABAAW/9oADAMBAAIRAxEAPwD8fmiUKDspCEI706MZFOMfHWvHPpBIY1GCOcVND3+TFNijwKfQAAZOKch3uB/dpoGTip44sDPpQAoGTjpT8lON/WmA4omkyFBoLiPjJ2th88UzyRGMt1NHmqsZUdxSRzbFx60GkRc7eT2omCOFPpSiXJAqezsJ9Vu4ra1jkmuJ2CRogyzsTgAe9Na+6lqTJJ7lQlV5yV916ivpf9iz/gnF4l/aeu4tU1NJtD8KREMbyQ4ecdwvvX1H/wAE1P8AgiZdeL7ux8Y/E2zeGzBWa00lRy44IZ17j2r9EPHfw2h8M6JHpWl2UFhZ2qBIo7ddiRADoR6mvtsj4Z9o1VxO3Y4MTjeVclM+MPD/AMOfDnwT02Dw9oFrHZrGCqMF3+ew6sfes7XrGCa/H2t4Q/8Az0iPnO3tk9PpXa/FLRLi11h2uIVhMJKhicBF7D8a4oaKxeSS7u7e3h2Ahgu/Nfo1HDKlFQp7HkTcm7yEj1600fSBDawOks7fLGxVSF7tgVk3DjW2itZXiVXOCqRbifqaTw94Q8/Wpo5mkufmLxPIdqj6Cur0qG6RpLTyY4ZY12Mvl53Z6HPautQdtSDkbz4daxda2sdo9u1pFFtdkYo2fQ1f1XwBLb6c4troiNEXzGAdjMe4zXfeGLa51I3VlKEQQRgFh2rRPgC0ttEEE9w5d8sm04Ofah0bopbHhDeG4JLt4XkmXfhmLdB9aq+IvhvdRFJYb2OeKEcJnFeop4LiluZUMaBrc48+WT5phUlzpzacNsOmWHmZAQO+SV7muaphrjieTXGh3N/ZfaGnmLx4VUQbgF+tc/rVncmFttmzMrcKv8zXrWu6fYx6tPEL0K+ACkX3QT0P4Gqc/hmaO1RJblZjL8x83v6YrllQtoM8Q1rwtI1rL51sQcbtg6muE1mwSCMhbb923PP3kNe0ePp7jTMoxgWNT1HavOrq6Gp3MySPGQTgMO1eNXp9AOBu9JiliZkQmUDKhumfeuB8TxTXUjJJGq7T1ToK9i1XRZbC52xRCIHnJ/5aVwXjTTZIFeRkjz1rx6tFLclp3ujzG+0vzGJL5C1kzwNEzY+73roLuVYmYFUDMeMdRWNd3DzyFRjj1rxcRhKdTSRtTxFSnJOJTUBjg9Kss6mMY6rUCSAQMU2ZTk4p9vOkqfL97vXzmKwrpOzPdw+K9qrvcUJ5hz6U7O/j0qROnUjjqKRjx9+SuQ7xgt/NOaaY97gZxtp45OA0hPvThGw60AMPzjAbpUTxNuHpVpTtYGn7d/PpQBCIflFMmhLZx3qzRQBXijZOOxpJY8HNWSCRx1qJo2DjOcD0oArt900wDPFSkZfHz/jSmAmgD//Q/H7KpwKVeopgiQEEYzUijJArxz6QeOtTL901Dv8AJp8b+aM0AKelOXG056U2iguMbi/J2xmkoooLUBD0qSAkMMAE56HpTU4YZ9adHAjgHDEbugGSfpT30HayLumaPeeINXtdPsrea9vL5wkMEPV3JwAPxr9sv+CO3/BEaz8A2dn45+I8EN74ouUElnaSDKWKEAj/AIFXPf8ABAr/AIJQ2+i6DafGT4hWQfULhc6JYXUfECHpMPp1r9ffCstu9wYYIwFUAPLnasjDrgewr6TAYVUY+2mteh52KqXMG58Dab4A0IrZ2ygImwKUwF+lfP3xa16K3kZC+7a5Vo4/7x6Zr3j45+O4bGxaJjgRKcnrjiviH4leNI77xOsCXgkkkY+SsalcD/aI6V+hcPYepNe1q6s8ybscD8XLiG1nliuLP+0ZyhcsgzHH6DjvXiv9iyeJdQ+1XkSQIxISCIsuAO5Fej+MFu9W1h4tRmmtrVEKhYQFj3BuRk8kkVzPiLXbLTLVbC1n8m5dwzbDhmX3NfVKmluZKYy08PG2gg+zWuoB7hiszyJ8yj1ZuwqKLUJvC+uSn7UTJcEojS8xbR1Gexptz4judHhgtxKixSks0+NyYHbPrUN0+oa6he0jtHD7WgkaHeJv7xNHKr2Qm7kl/r9zZa9ALY3UEcozcMF3lT6D2roX1e2nv4Yp3juFZCzsCyzMxHBweMiuc1rxO+jXdmkaJGSoR4ymx93qB6VxOoz3dzrtw1vIIZMs3lKCSeepxz+VLmtoI9Cu0/tGRTbXMbIrY8u9lRfyFdFpOn2iRRW12iSR7dwO8kqfbHauG0TR21DRE3AQnHzIUYbl7n5q1oZpImW4FvGbeMjCf7I6mjn1E3Yu+Lfh5a6fcQXEBt45Lj5hGm/OPU1578QrAC6Ta5jP3maLd8uPWum1y5fxTc7YbeRrVPvAfdX61ieMNOh06GSEzJOI058r+L6/SuGvT6ji7nmnijUhep5ZYyDdtLv90fWuE8R6GkF2kkUbxKBkD+En1Fb/AI30+TS5DP8AabWS3OCqD+I+prHk1k6hFmSITnO0+X/CK8LEGhkz273DAO2VA5rjPGFstnMxK7YYxgH0NdhqGhyIVlkAfcPmZuo9BXH+ImMbSIj+YCD8vpXk1/hZMjx/xlb+dPJPG474BrnrW7MyxkFB1DYruPFlnFd27yKuHcnNcM0X2ZmHvXhS3JIptPWAGTdncfzqGCJ4b0MPunrVoyEDgZNR2jLIzK67c9/SsatNTjZmlKq6ck7lkoJfoaPLVPloNutu/wAr5BHSlr5bEUXSnys+pw1VVIXQKqRHd6e1OVlmbimkZFOjiwM+lYGzdh3lY5ooooFzBRRSqAWGTgUBzCZ28+lG3fz6U+KEtOQrZBHNNKeWxFAcxHKNxxnFNKGCQ4bORU4+5UUgycGgadz/0fx/TpQW2DI7VGvUVJXjs+kHws0vXvTy3ljA61Ep2sD6USXO5setBcQaVi4zT6jXqKkoNIgvUVJnFRr1FSdKBjllUMOn4ivpL/glv+ycP2r/ANqXRtNvEZ9A0WQXuonGUk2sDtPsQK+bFj5Dg7SvIPpX66/8EUPhYPhB8CrjXJ08i98RkSF843Jn1r2+H8CsTi1GS0Ry4uoo0z9Rtf8AHMPg3wPa2lmsNtbWypBbQodojRcBUx+GaNA+OaaNpUSFlWdxkFjgA18w/Fj41tqNg3kXPyW/yp3+b+LntxXIWPxwv7ua7XdMsEUZMRlG5G555r9VWU0ZLlR4SqN7nsnx2+NL3csl1IbgLdSbIwy72lHdl9hXzprEvm6+b2IJGnIictsZye5+lLrPj1fE8dqP3dxJA5G5384F+4A7VU8aR3aaUZpLi3tYwhMiSJvz6Y/u/Wvo8PQjSpqEQvcwPEHiXVryxvVliS5R22MRycjpz2riLHSJNR8RRQm3kSRAHeXBfaccc13vhjX/AA6thbWc8iSSMSZRC3nTu/dsdsVH4jvV1HUY7XS0uLJEIQM1vJmTP8Rx6VdXVJCJT4ZiWGGIRxXUZYIrsjgnPUV1GnaBb6T4UurW3sb4SgBYi8eSPofSp/BMGsaZpUhj0u/1UQ8yTXbOkZY9GTPPFdhf+JPE9zpKRyWdlF+7HlYAVY19cnkmp8iZHgHi/T7q71i2mjtZPtUB2Tbf3i//AGJqxb+FbnVZVeC0wqMC+Rls/TIrpfEWg61JcrewpHHJcSYudwyzt3b6CrGm/D7Um1uIvfyGUxhDE0f7sHHDfjUyTexnIvWvg0WXhZo5rOFrmeMMpB2+T9Rvrm9P8B3liGl+3aesWMtGg5A961vGvw8ubLVU+0XuoNIQAu2TCKo64A61r6f4J0/TNOHmQpeG7ddsuXDSjGTk1PI+pJ5zqsNtpl0/2g/uGUR7LaTHXuR3rznxVpLXOpXDaS135UgyVIyCfSvffFPgaKzZZrKK2UBgrBljUqD7t1rivHUjeHBNDDZRMIvmEiyqxVT0IC9K5cTTutzWGx8x+L5tSuC1tJaSRsARu8vrWLZabd6Lb7THLtY5GDtOO/Fet6vqAnu5V8xJg0eQ+N20+hNcJqVyslz5m5IXWQgO4UjPtivn61L3izBNz5VrKDCwjc4+frmvOvG7C3u5HgcLxyp717LDJb/ZWM83mTI5Eiudqtn+ICvI/itYRPdmSFWt4QuzavQn1rzcZDljcDy+aaSWG4Q7QI37da5S7m2XrDe5ypru9P01xYXFw8HzBvLdvWuT8RrGzlAhBJ7V4NVWJkZkcvkRDIyGPSklsFkKsEOT6VA2/JdfM2qwHNaUlzFPpg3Z8xelYokZbrtTBRwFqNCqxn60+zvmgcwr/q5Ru/Gkk/dR42/eNeXmlK8Oc9PLatpcg1ZFJwP5U6kT7tKBuOK+fPoUKi72A9aHjw23uaSM75SP7oqTr2zQBHsZODUwhwT9Ka3A+7inwrvOPWgBpjx6UlTtHtUimeRnjpQBHTH+9Uz22xCS2cVFhTxQB//S/HsRPkZqTysc1CEwetTR9Pwrx2fSLcB19aXfjkqRQoywFEkWG+lBoKArkH0p1Rr1FSo2xwfQ0FxFTpTh1HBb2HepBFvIO3G6rAIaMIOSOlFx26l3wRoMvijxTp+lRq7SXl3HEQf4QzAV+1nwdsrbwT8LNP8AD0Eak28UaYbpwoBzX5N/sQeHV8S/tI6GWVRFbOZnLDIG0fLn8a/VGz8Zi1lgETofKjZJNyYHXjFfonBeHtCdY8fMp3fKZHj7XTc3DWgSVZIdzFS21CN3r2rQma6bTbWzhUTRzKC6B9i4PPJ71zPibxIdXsZ71RG0skmzHqDxXRfCrxvIugCRrWOe4nJiUD+HtX6DS3PKOo8Gy2OjWsljNDO8wkCLGvyNn69xWx4y+H9xD4fi/tmZYkLb/Jtxuk2s3AJqLwjpcng7VZtQvZLS6vpox5IP3LRT2+tQeI/idBqc01rOVe62gsp+4e4Ar16QpGj8OvBPh7w0l3deS6YONzjLnI7e9bclnpOvyNdm8jt0A4y/lmXHc1wt6+va3oVqNLtvs0bv8jTfex3x7Vnv8EtZTUYzqUgnidi5Hz7QfeiSbWgRPY9D8XaTZ6eUXUtPlR0IbLK7I3bBHNc/4g+KGi6NctDG5mwPkZi4AYctgmq3hf8AZwtmsZEM8aQ7lcQwgGQYGATnnGafrvwn06CUs4glkhwjITtZs8EEfSuXkl1YSOY1j4xaLd3duEht5kz5jhUxl+23+8KvaN4+sLoBXJ85W2KZBsUHqQ3vUy+C9B0m+2JDAhQbC0cO5N/cZweam0fwTY2StdRr50t0vluud3mZbjjaMU7NdSSL4meKtOvrdYraECQtukZodrR49D3FcpoGuajY6pFELRfsCsfNaQfOT/u9xXSX2nQrsk+zefOrNG6cfJjp1rD8RajdT2Uptn84xfOkmFO4DqPwrOe4FbxPd3Op3xSGGS2Vm37o5+pzk8dq43xp4T1fVZZLme5RIJMgRou9cDufeux0jdfWZubi8tVZtpUswUkDqMGsH4ofE3TbHUYIhMhjtRhmLoWA7dO1c9a1tS4ni3ib4bL5V3HeXE8dy2ZlDHbuHsK4HRvh6NYnMX22dn3ZweigV6n4q8Z2mrpKolgaNM/MOozXHu2j6XYzNHeMJnUEKDgk14dblNuW5w/inSJPBeouba7WaZmKruGQq15Z8Qru9guJDOFdWwxKHaAPpXrfjm5sj5Nwt4ZAi7XO/KI393615x4yvLfUbOZYJY2boR615GKimtAcXujkor6AeEZG8wI7vuAIzXBS6fJfaoyoIlG0ttLbMe9ekXGkW83w3gintk+1hmO4dVFc54a06wtYL3+0eI2hc20zfeBx0PvXiYmHK0RG8lqcTppV4S2wozsQS43A/Q022mSLUVzsw428VrWlklnoUttcb0l4kVz/AAnjisu2t7eWfdnagXcP9oiuYm1iZ4wrrcKMgMUqD7R58UvyYwasFWEZWNdyytnHrUmlWDT301xOPLU/IBUVFzRcDWlLlaZnL94U+pL23NpdSRuNjIcA/wB4VHXyNSNpNH2FN3imAODTxKuaZRUDkS43c+lJUeN3FKp2MBQSPqWHpUajJpYYv3lAE4AY4PSmnbLHgdQaUnA2+tNCYPWgD//T/HoOzSgbs5FSwb3Yr6U0ReVKG35yOlSW8mWPvXjn00R3lPQInzUlNb74oNYiiMg0+2X7Q+PSmjrU8cJRcj+KgZJ5ewYpViIcHBOKSMtGuD3pRGJDtPQ0XsC3Por/AIJp6LHefFi9u3U/uLQLkdetfdi+dNcPDKBKV3MzIMt04Br46/4JpaY9te6lfxYLNOsQz06M1fcPhjQ1n06bUZITcHzcBW6A+1fr3CtK2Bj5nzuP/inNeLEgljtLkSQmSMIzoDtIAHcVe+HPidLAyRs4UJIZGOcK6tztPtWN4806Ozt5rkSKWaZmZG6RoTxTrWSxvPGeiMyNHZG2VLgQ9ZSB0H1r6WmrSucp1Hjr4m33jfFrpRSGKIhJZl5GO4z2rpvh3oumaNekRpJNdCI77qYbmZs42g+lRwxaUNNubWz+zwsu547VIt2044APv3rmNE8TeIPEOtwQWmni2eI+WoLbAWzya9aikvfaMz6K0DWptV0i2torWOMocCX0961vFs9lomltKZrF5iuCr4yT+NcP4E+E2vavkanqslnb/wCtZY/k6n1712978LdE0+0QPdrcLC++6mfBcj0BNOtUjJ32Gl1OJPx3tPDkdwyQz35xwbeMncDweRwMVz2g/F9tZ1R4bvw/cRKMlGmIBIP1r0lvC+l6DpSSW1vHFbthUdHUsGJ5Y1FrHhiOy0tRbRG42MAlxs8reD1Oe+KzShLcG7nL6R4xmCOdP0C2guXdlNygLEnvkjis/WfiBrepXL2cOnLbuiokRX94QSev+zXUy3i+FNDd5bZZnZv3QlfLP/t49DXD32s3el65azqoRy4MgjTG0A4quSFtBIZ4h0PWxqwhub/ZbMgZmQgNn0Oa5jUvAd3dXAtX1aUA7mO6RMZ7Zr0XxT4jhvlWW8jsok5TLkhQCMgcdzWNpmlW/iDVlmW5i0+GPH+qV3Xp1rCVOLLba2PNdV+H8GnadJb3M0l4Tn5DIfLHuu3jFeYeKNLsdBv5bdbYyhwP3jq7B/p9K+o/EdzBottIhsZb6aaMJJcKUUAHnODzXzl8SL63bU5LoxOgXK4PSuTEwjFXKg29yvaeB9OvLJS9lEXK7lEaYGf9qucTw9pt5d3CSiByoKgD+73FJYeNnsHkkieTdOojSJ+gz3FNh8L69rjTQgCyCgMM8B8149SrGStY2tdXuczqHhTw48BYaeiwgkOR1avJfid4P0uG6c2luioWHlrB93Gec+9e+aX8HL7Vbgw3twY7SEHID5Vz6V5t8S/A2kaZ420+2WeZmkmXMa9G+YcV5+JpTdl3M00+pynxZ0q20iw086ZBNaqkKBkmOAW9RXmt7aWUfgvUor60Eup6nKsdnMyn90oyWLKO/vX0x+1l4HsdCubRtsrSSRh8D+EbRXg13dan4ut7XRDf2sVjYO91Cq2/7134yWk7j2rx8yo8lTlJhfqc3YwWx8MXNnqUTRXKrutZFRws2O3NcXcupnKyx7XIKgkZA/CvQr6ZL3RHto4JJL6NwuJEwIz3xXnt9p4WS5DhY5VbkDrXk2s2ORa0q3dYoxI6bY/mODt57cVd1UTQyW+xfLSaXJb1p+j6TA0EMiO4lZdtdDp2mCRbW3lmEbQJ5qjs+TiplFPcnbU43xLCF1BTjaki5z/eNUTGo6V2fxN0lrW2tHd0K84xXIKFJwOtfLYuCjVdj67B1L0UREZGKb5R9/yqZYsXJ+lLPAWjUD1rmOrnIDGQM02pSjR8dqSgL3EjG4YpwbYcULLg7fWkf7340EyJ0kyKWo4zhc1NGpZcjrQSf//U/H8RbIwO9K8bBRU2zyuKUcHivHPp1sMiLAZNSQr5hJpUgaafnoRUiwLERig0iM8rHPNTxjK4p0f32+lKq7mA9aBjQd0pH90U5eSM4/GpFTyiKeRv5Pb060pK6A+xP+Cdkwt/hjqG0IjRXyyBh1HG2vsPw3NGuhxQSySeXExkLxyY2nGckd6+Of8AgnfLCvw71RbhZLiRpyu09m+8K+lrjV11HQbSMTeXOr7XjxnD/T6V+08OK2CgfO4z+Iyr8VrtbfQd0fmMZmByBncM1o+HLdPGXwUNlaRSWN3pdwLqe5gUGR/+mfmNwMehrB8UC6ukt1un/dRfIn8fJ+9x24rsf2bNCi8T2er21zcapFZhQFitW2LO/cn2r3Ix5pWOOR0/gb4iaR4a0qK3srR4rmZ8z3Do1w7k8ZMn3R9BWrp9/c6T8RYJUh84X2LhFjbbh+4P1ro/g7qVj4a8OJpaJbFrPKxf6MglwZG+83er3jrS4PB+tpf22y5ubiIgo8XNuwOTtr1qKtGxnI0Ne8TX1xbB5rj7EoIQqZPugfwfjWXrfjm/GlmzhW6mvHICK8WwKPQnuprY0y7svH3h4bYo4Lm3kyxQ7Wb6is7xrqraJpixPZyToNuPLiK+V9SOtVUCJp+DvF1zNYxC+Vre4sxsUH/V5Pr/ALXpWxY3s093K8jTCIRgbCCRuPUgCufsfiDor6TaPHAqyzMEMbxjKn155ru9J8KRXEhvLfzGNwgYsH8xenQr2rFuxpE858ZRQaIJGMk8pGDFkuwbP8OD0ritd8cLdLbKzmFjIDEoGcnqwruP2iPCV1pnhdJ7e3AZsGV4I8FT2JHevIdEni1bVFtL8WqlipjVE3Pu9Q39KiUlbUq3U9L12Ww1nwt9mis4Gugd0gkj6N2NRfBDUWg8TG1uFkuRcyeXMwQARsOgFdj4i8CR2Xh21uIbW8jkaIOQx3ZAHVh2NeN6H8Q5PBnxX0yO8kENnJc4O7qOamVRJaCep7z8afBaxaaxhKJ5ke/Em309q+Tfil4XmlgeKVFQOuAV6J7V9rayF8X+C2mhAuFaNkyemCK+U/jNpB0aK5laRmlaLOwf6vA9PeufESUoe9sOKd7I+UPFfmeBNbt5biUsiPlWH/LP3r2r4VeI7rx54Tae2SW7A+QOBnZ718y/GmXV/G3jW30fTyWM8nQfw819lfs3fD8/CnwNbWysy7oRIxYZAfFeBl3NUqtJe6dNd+zirmHe+ENRt/D93LcHdCCCQh2lW9xXhevaNFefEnRPPwnmXqxCM/e69RX1Zr+sWk3hjUHnhbYTukYnblvYV8zeH4F+J37WGgWNhbCe10m7SS6ZRlSAOn1rfFwgpxi31ONSTi2jQ/a08HS6pqMl55jsI0xggnaAB2FfONjqcUgsxbWRim08TG6n+YefvI2jHfGK+1f2pPFWjrBeWatHvddiKUw24nGK+SdDWz8I3OuWLXEctw8/lgx9TwCc/TNeNm9OCr7jovmp7Hmmp3HnapJNC7vbu2JQX2ba5u40u5g1idVON4Ug538V3OsaZq/gHV5bw6emo6XqKlJoU/eB07MP7prlNFj/ALQuJmsY5Db/ADNGkv8Aro17g+9fMzSUnY1irI3dIg010jiMgklEipJGV2hc/eOa69tPt9e1B/Iitmsx8iSgbn4GMMfSub8ANFqjpdC2jkELSGRpP4AANtep/Dm2tRbRRvGoWQgiJ/c5J+uaznsTI8y+NnhuTSPDGmXTZ+Y4+XpivNzJukB9BXvf7VOnvZ+DbdEj8uIXGQK8BQZXFfN5h/FPo8s/gIHfdMwwTkdutCzbGACuPrToIsZ9qfXCegNZ2ZSPWoGjYOPSrIGTTZI8H6UAVX+9+NFWDwKiW335oAdD0qRTtOabGixjApy/eFAH/9X8iY4fMlJpWhy4qSKLy/m9alEW6NT6NmvHPpU7Ai+S4+lIi+YxNTLywqQWaoQRwW6UFJ3IkjUKT6VOkO1Af71KbR2GN45oiRxFt9DQUr9CN4wrA1JHGoTcOo5qWK0ZxmnrH5RxQUvM+lv2CNebS9JvYlA3x3QkHpX1PeTGVI3jeN4d5LL/AHWPzV8V/sa68dL1bU7YHBkQODnGMV9WaB4kNvoUPljG5ysy43fKAu05r9c4arc2Ch5Hz+MV6jO8tGiutBmSQRNJcbgFOcRtjkceorc+ANtqcuq2Wj6LZT6ve6u7bYYUcHbjBZmPRR61w2hXCSaZKU+zS7Ww244K5r3D9l747aF+zD4e1G/F3b3ev69EUW46/wBlwhv9Xn3r6OdSorOnucaVuh69+z/8OrDwbeeLH13TxNrlsVMVuH2omFxjPc1418ebrVdL8UWmqXNpIunNdL5kYfKoCe9XPFvxmj1e6l8S6PfwXM9sqvdQSOSbmPOflArFm+Nvhz46ade6XfzvY3N2uEIlCrC+3IBB5xmu6m/ZybqSu2Di3sez+ENNgGnxj7RbItwBIgi++2R92ofFc1ssBSKK7hCf6t2GQTXkXwe+PLeHZP7Gv5raS7s0CLMRu4A65+ldcP2obHT9bV4rWK4jGRtkGV9yK29tBrclprczTokOq6tI8UrpMrAyRImFI9B7DvXrnw58QJoWktHsztKfMO1chpvx58JahficadD9tkQkOh2jB6jFcj8RfjvazarJbPcLCIfumHrj0NTOcHHRhE7/AOL/AMRW1TR763DRE+dmML12AcZr5i+IPiGPwrqMFwTPkSHaD/yybsBXXap8SYdVdtk8EUUMTB+cNK2eAa8T8T+MY/it8VNI8N27t5lxeopMY3Oo/icn0FcFepyxTidEdrn3V8IviXf658GhcagYWc2zJuH33f0P4V8ofHbdpOpLdsnmRQyq4X0O7NfWHgvQ/wDhGPg0dPhaKOdD8pmxjaOpOa+ZP2gUttbmu1G6dXbCsM5yOuMcYq8RpT03RnTq3bR9EfDv4nW2meBtPf7QoFzGWaM9OVr50/aQ+OdlDLNbgEzyAoN3Tj0rzfwt+1OnhLwvLpF6yJNZbkUP1xXgXxi+O1nr2qhhcFvJYnc3Q+wrzMwzOFOjZbsdKDeqPTPhFb2Nh4p1DX9Sk2SRp+6GM5NemeLv2obKbwhBDbyhZ4VCZKYxXxNqH7TEceYxPmKD7qf3j6Vxmr/tDXt0s2xsrcZI/wBivBWdqnT5YHROh7SS5j6z8cftLvf+FpLA3UdtdyMWMuM4X1rkP2av2i9N+Flx4j1uNzPNFG0Nk0pyXkb7zbvX2r5G1rx7e6uhEk27ccYrb8KaVd6hp0Vur+WGbduPavLlmdZ1FNPVbGvs4r3T0nxz8fdb+I3iy41LzpXuVJaMDqtc74X0yZs+ZcOIS5dpycNvblj+FXdF8Np9kuGjVED7Ud/79dDqnh6z0zRog7iKEDBBGQx9MVyz9rP36m5M5JKyNr4PeALnxL4gaC3e5fRXlWO9jD53oSNz1m/tJ/DTSvgt47v9J0Y3baZcx7lmPSNj1P4iuw+EmtXGi+EBaaLNbW1/fSMJGkO5lj7ufRFGax/2gfGWgS2lpcTm5WHyisSvHte/VBgSBeys5HNcyk1uc8tjhvBkQ0/4YXOrRyKslzcLZRKBl5ORuYD1r2jwBb23h+7S8vYJkM0a7Vc7fLOfSvJvAPjnR/guuiT6tpx1acRtfxWAIH70/c3E10d58VfFnxf8VpqGoC2VFXelpbAr9mTsMjgmqvcx6o1P2tr6O48M2kUL70eUSEf3a8DPyyha7j41eLIl0Ui8zuhOdjjJNeK6Z4i1vxTr0UNi6K9xIFjjEfLe1eBjKEqlb3T3sFi4UqSUjtvL96AmD1rb8V/D/U/ANtZrqixR3FygYhJd5X2I7VjV504OLsz1IVY1FzRCkY7VJpcbuKHg3KRxUFNXImG5c+lMwT060/YEGCcCj6Nle9A1AasbhhnpTydozTpFUqAOtNWPYwJ6CgTif//W/JOOZC4AXBU1JGoVyT0bimRRNHICe4qcHBBrxz6QlgiXIxU3k/WoUcyOFHUnFTqjMwH93mguIjQZBFLEnlcVJRQMCMimrHzycU6g9aEF2jtP2fNSfSfiXb7ZMJOrROfRuor7W+FUEeryyWxkEUdzHyx6E4r8/vDuq/2FrtrPnHlyq2fTkV+gnwWv7mDQ4dXtbIXkyxCZhjO4Y6V+hcF1pOLps8jMIpPmRu2ulDTfD4VA1zIZncsgyN3ZPw61wa+JIPEDtbzNIJA24nO3POMYr3T4c+L9L1v4f+JruK2Qz3BZ2hdMfZyTgsv0rxDUtKaC6aQRfZrovvVv74zX22JumcFB3lc7iy0600nRYLvTllGpwY3RD+IV5X8Qby50vW1vbE7TcHdLbn70Tf8A167228fWGnRH7afKDqAW9SK8s+Ovxt8K6Fa77i9giYcqkf3s+pzXnY2tTULt2O6N76GJ4y+Lt8ZI2Mjrcxf6qU9FHpWNb/tR61opMdzcyyxf7PTFeWeLP2mtI8X3j2mn27TcbtzFADj1rg/GXxKgs/BFjqkcNvPHeSvG0UL5lXZzu/3TnivmqmZcsrRkPmS0lY+jbf8AbLm0y5jcXEqEc4zj9a3/APhr+y1izd5LkbZuW3Dcc/WviO0+IsGvXHl2scv2jqUk5wKvJrOoQOFltpokfgbl2hvoe1a082qrTmFKEZbH2nY/tMwX0EMNruldjhdvUmvoP9jP4Otpd9eeNPFUsVjdXq4tYHzvhj65HvX52/CLxxfeCpor3+yLqaYHMbBd5Ffdf7GdtrXxyu47/wAYvLp2jEjybXO3zcdmFfQ5LXVSpeWpxV5tLlPcfij+07E5lstETUbyONQGa2hd+R614P4u+LGt61bz3E/h7VYYbbIMsi7Miv0C8PfC7wb4V8Ds1tZowiiADbd2Pwr5s/aUvprPS5DAu2FyVA27OPpXv4qjKUZNt+hz0qsG7WPzr+OHxf0zUdVuI5oGSZjnD9a8A1rWJWuXljm3Bm4T0FepftbWBu/FU0jAoVJOR1FeAzR75mGbh9vevy/GVL1ZJ9D1OdxV0W9Q8SNKcKu0g8n0qifE6whvMjD4HU9KtWekpKu90VwGHlqvUj3rovD3w8bxbepHa2+1ScSDGeK8+U3e0RQbkjhNP+JEl/q6QW0apGOAXGSD/s13Xgr4l2dzrF7p14NfmmazdbWJFRWe5/hbKfwf71fRX7P/APwT/wBG8YeXczWkEzKwbk7WU+wr3bXf2afDPwylES6O0k4jG+ZYd5AxXdRy+tNc03Yl0qt9JaH54WniHx/pHiN7Sxg1LUDD8zBRnyz3BNbi/FfWdHul/wCEntJ0T+Jk6lvQ19V+Mr3SfDME7xWFxgEj512r+Ir538ZaTe+NtbS4k0qKOz34ijQ4LH2qalGVJrllc0ULL3ncv+Cvj5FY3C4e3aylXZPEerRd0P1q7rvxg0LxPr4ub6a7d413xGNWmYqv3YVz8oUe9dB4Z/YrXXLC3vL2e30iNgoFlbDdO+e+fWt7Xv2F18I2pvY0lWGIBpFll2yt7gHvWzwOIa5+Uyk4sxfhva+Fta8TWviT4g3z6ZbyYXT9KmsppVuox3aaOMqmPXPNesfFD9rX4e+CtAj0PwDptrc3xf8A0m8NnJAv+6GlQbv+A14f4W8Ianp/j+71WQyPpFrKbbytTkXaIwAdrY55Oele5WHwJ+G3xD0CHVbPyPBt9qC+ULXUJWa3lbu8bn19K5VCUVaSsYadD5n+OetSeL7X7csokCt8yN95D7e1YnwtE+ive6xCmH0y2Lg5xhyMD+deu/Ez4N2nhayuLVXS6t9xVJo59wU+mPSvO/EnhO78E/Aq51CWLFrf6ktrH/tKBWVbaxrT2ZF8PtVXU/h6yyPm/W+eWbjdvLdTmr53YrmvhneCCG7iK5+04df9nFdM33TXzWKjaZ9Bgv4SGUyQ4ORT8Zp0keFHtXMdXUgEjHr/ACpcZ4PSlf71C/eFBqIsS7hg4PripPK2878+1Kg3MBUmdvFBMj//1/yWPAH0qaOHcFb0OarqMsKsxxZWvFifSEwGTU0cWBmoIfmGB/DUnz+9UXElopse7b7U6gYHj2rrfgZ4V0fxr8U9IsvEUs1vorzh71ojtkKZGdp9cVyR9q1PBls954mtoh/y0fb+da4fl9pHnWhFRtR0PuP9p79jXwVfeDP7Q8EaRFpmlRQhoXDb3ZQv3m9yaP2X/FLeAPD2mNOzqiW6jJBO4bsdq1P+CdHxgtte+GniPwn4maIppMciQS3P3F44H0r3L4NeEfAOi+Dox4gMV1ayHdJDaR5uCWbJOey4r9fy/DUFTValG2h8/Wq62Zb1vxX4T8ZfDQ614U0vSrbU9HUtqdjaYElwjDa3B5Ld6+WPif8AFjTZDcxX7fZZQ26N3Oxf97Hr2r6E+Lfhe0n8Ji88EeHx4e05borp01lIkl1LhgCZITyR9Kk8S/BLTdN8PIurxeJJLqdQ0s15pMM4BI5LBeQPrXqShUnG0VYijZO7Pzj+Ov7Skt9Y/ZdLuor+ZzsHkyZK/Ws3wf8AsHah8bPDFtqms6zrti92AzQQQeYFz0Nfa/iL9l+08O6j/bWj6j4M1j+Py5okheL22no1YPiPwvLDqEUulG5tr5pMSpDcgQn6FK+bxGTtz567uerGVOUbHkngr/gk3o7eBTpeoT3Op2nmmQXjweTKvHTPamah+wv4M8M+GJPDVvBKvJeaaOXNw3sT2FfQGieINW1GE2a6Hr2vXQbG2S6lhtQQP7x4rQv/AABrs+jp/bEmgeENMLbnsrIeZdTn0L9ya0WCp292OhlLB0LbHzF4Y/Y48FeG9VjittGC3qgqNw3zPnuzdhXo+rfAWDS9AtFh0/SY9JtkIeWRdyKR159a9nv/AIM21/o9vLZxxaZpafKsed97eP8A35f7sfqaTRvDGoa5C2mWdtFdwW20ySQgNDCO4BP6110sqilflFJqMbI86134EeF9K8I2WradpsNzbXUQaRLaXEkTD0HpXbfswWFnHexXH22+hijcKsF10XB6CvQvC3g6Wyb7O95o0NrGMuFUs6r24HBqr4l8P2GparbQWKTEFyGkK7EU+g+te/QwaopTSsebJ3Z9YfBu+GrC4T71u0alYx90n1NeF/toaB9tsJpI4mTyMrhOleq/stwfY7M2l4xMsOSAHyStcJ+2cJ9Q064hRZwSpYE9AK68U3KnKy6GVOCjNSZ+Rn7TeqJP4huLdkfzI2IGa8En8P3WpXzMJGWNeSqDJI9q+iv2n/A0+n+Iri4lTcGYkt6Vyul+BNN8P2NrdTXPkvcLx7V+UVqMnVkpHr17cnMjyiw8F3N1NFAvnkdcM20/lX2P+yN+zDZ+OLSF7dJJJ4gDKYHzInvivPPBXgmynvEurdxc7GDHIzmvpf4P6Rpd40BtLiPTtTcDBDFOfwr08ry2LqqUjmVRKJ6rqnwph8MWMVvNZ/a4oVCCaJfJnY+ue5riNc+FttqerqkGua/YpIu5ojPnAruxrvirRo98OpLq6lfLdJlZ8H2zU+l6FrMwVk01UiJ2vGx28nuBX09TCp6JaF0al/iZ4Xqv7Mdvq3iNFv7/AFG+tFbcqiT73sas+Jv2dND06L/QdM1W5j4XzGmKhT6A17je6HqmqNHHDb21pJF/eXcT+FbWk+G7/iO5ZWiQhyCu1Dj1rKGXU27WKlOK0PCfhV8NG8J3rugi01UGBt3XMv5n7prO+M+kT31g6W8l8bYtvInYoCfUYr6A8WeI9Pt4XSKyit5U+aUnsB3FeK+Pb+O8gkEMmLcAkn0GeKMVh1ThyHO7dD5+0zSNLsPD2q2smnyG6luGeaWSV3diR95h3rg7RYWhu9MvLqdwpL6dYuzm1GRhiM/dkr2XSNNXUbrxBOn+rVRgH+M14D4tgvY9ckurMrCVcgkEgj8q+WzBWSJ6nSaIZ/BumltOJvdO2Bb2ylG57Uk9j6V5t+0DrV9LpcGlQXgm00SfbEhP/LEmvRPAuiXXiTTptSt74yXdocXEErgtIp6sc84rO/aT8ELoOh2F/AiNbvKAGToQRyB7V5VTVDhK0jy3wXdR2aRMjIfOHQetdrEjcOehHNcV8P8AwLf6/wCI5YbSJxbRI1w0n8Majua7aAu1tGrqc4I3L0OK8LMIWSke7gXd8o8yKen8qQDJpWTy3I9qSvMZ6yVkMkiwfpSU5hl8UojIP/1qQwT7tOU4YUlOt9gBz1oJkf/Q/J/GeBQIGPB6UxYm3CphEwOeK8ZH0i3HJH5SHHWnxSseveo/m70sX+q/GmaE+M8U9IsKaiTpTl6igB4jIPFa/wAPn+y+MdNZmVFMy5JGQBkVkHOOOtbnw8t21DxrpkecZuYxn0+YVth1++j6in8DPslIm8FeB9O8MWKQp9vvFurhkj/eyA4OD7V614T8DP4g8PS3MtzJp1tCwEcYPmPcbRkk/wB0e9cj4y+G0+i+OvCxvJGVLiJZAo6uoA4r1DTtfj0zUrWO5hMUN3iGJeyr0IHse9fs+WU+Wk5WPnq1+fQ9F+GGjeGtV+H1sZLW3dbqVVjYv5l6JM4Eit6A9q2/E9ne6DrN5aafq2r6bbEHEl/B57Snb90r29qn8W6haW3hvw//AGPHa2q2Vykks0carJvwMN/sqv3QO5rp2hv9WjOp6hFJN5xbe0Yzkddxr2MNCo7MiMmnqfNXijxI2lapL9s0TT76RSp802vlxtx94juan8LeNG1TagttNs1QFlCJGuPwPNew+J/A8/xH012tbeOZIyZOeGk9wPavCvFPgc+G7+9gu7GGJoMFZXi5iPpRVp9Dp59D0y11F7Pw689vDam5U7TOjmQgH0UcCvMtO1jRdQ8V3Syq8V2WZ5Lxjvjkx6DsT0rpP2b/AABBrdzqc91dF1ij3LA/A49B3rtNK8FaVqwHlCOKRiR/q+lEMK5bEzrqKszlfB/w41Pxq7SyyoNKmOI7eJdpZO5J7V6VdeH5LHQU0HTEsItPDbXhjhwzMBzubvXW+Efgzq0mnolvfS/2eIdju6lQB6AivL/j/wDtBeHv2ffCd3Zadcm91AjDSRjcieoyec10e5Sjep0OKVbnfKkcr42trLwNcmysVW61BvmkiToKNC1SWR7F5rPY6uCI/U56VkfskWS/FJLnXtSfzLnUpmbn7ypXo/ibwFFpPiS0W2d0EThhGe+T1rOM5VVzx2NYxtoz3b4W6Mtl4eiuXjs4pLmIszydhnpXlH7SVlD4lSSMPIYi2Sx7N3x7V6bo2rXNn4bK25CpbQ4JPQHFeVeIbmXxHFcQhTJK+UjK9OAKtOzJkle6Pz9/bJ8AtbaDduD5kduK8o/Z2+GVp8TNHllvwZY4BtCjtX1L+0zo8cugX1tckbJAcufX0r5N+DHxdg+Gd5qdjJJGsZJ2n05r4bHxpwxbdTZnZzP2TSLOv6Zb/AXxqlyjOdKeQCWIru8s564719UfCKz8I/E/SbWfT71jLt3F1XaVbHTFfC/xv+NS+NbvyVkSQRDYpHWqHwW+NWvfCrW0u9Lun2bwXiOcOPTiufC5nGhW2vE53Qck9T9UdH+Amu6XpkM/mvLaOcxxLyU/2jW1pXiC90mwFs+mJdybyDLGmG3DoDXzr8M/+Cgl0dJto9Rge1ecDzZJN21z6DNeg337b2kHTre2tbZbueZyEEQJeVz0UYr7ijjcPKmpRlv0OOEKiavqehS3beKtfhsZJIbaecjKD7yj3r03UfsnhDw95NjqFtqwtgN0TDJLY5WuZ+BegeHdCsx4o1fVLWXXrxFcwQkKlqOoiYHncaxPiL8SLbVfE14+kw20E0hx5vofWt4NcrkynVtPlOI8WwW2qajeNLJ9mQsZjFs2qFPXJrw34xeKbfwhAsNqYruaRvLiRHy249MV6F488aWthDKtzeiMuMO0HQketeWfDX4cat8S/E114tFhKug6e+IDjP2h68LF1OeSgkd0UlHU4jxxY3Hw98KLC+/+0b5vtM0SdYg38JrhdI0mLxtrENubcpO3+rkicFi3uvevW/i5o6u91d6rhZdxKIeGQfTvXjiaBplxeXGoXWr/AGAWy77cQSGOSZv7vFfLZpGSna4RScXYvaLot/4C1XU0iuLa3lGIXEiqv2lCwywA7ivQPi18MLjWP2Zb9WnWeHT2XygxwAW54qp4C03Sfip4XtSqvC9oG8ySa3Zhg/xMx616v8TikXwgutHmZDfw6f5e6RdomZRw2PQjFeLJt7mFrM+WtI12z+E/wc8S6Zd26LqesWUSWOBu3IWw3NcoyvDa28bjZiFePwrqPidr+mah8B9Csnktpdde/ZpVH+shRO30rmp2F44Y9MA/pXlZh8B7eUr3mwQEwnHXFQiMqgLdM1cVlRQB1qOVw+Qehrxj3HMr/L2xmkokKowA706MbpAKCJO40NtOc496ljt/4t2c0PFg5p8XBHGaBH//0fyek3M2fSp0heNFb1qCCVcjHWgSuJa8c+kW4p3bz6VNF92oYwzuT2qReooNCZOlOXqKYoywq1AuwhvTmgBqqGYAnAJ5rp/g+I7f4o6KZWzGLxDjOO4rnyvG71q34e1A6TrdtdKcGB1kz6YOa1w0+WvB+aJnrFo/QbxtdTDx/olxA/n6c1vsibfnadu0iu00vS18Ta3o/mNghjLj+6i8BfxNeY6NqYfwdYaukgk+0yI8MR6ZKsc13tze3Uc9jIzC2kuIVYNH/CfWv3HByjOknHqfPT+Jo9i0aZZdSNjctcRteSFYwMbenGc8VsX3xVt/DFxaeHNYfydSi/5Zyp/x8sehDDgcdzXHaBYR+JTZWzzXEDooea4kOPJX7xK11/xs+A+nfEHw9puo2mrDURpIMgbzcSsMcqvvXsxk1C0SUddq0d9Np3nWzxrYSRjAjdG2nHc1xus2d3ouoB9TSXU7KbIUNHkTZHQHtXnnhn4k6Vol9Lp0EurWLwBUmt7o+Ykzdm+leh2njeXUvDDreXoubOUrvit4UXanuTyPwrFKMna5MpNbHLeH21H4N/FS3nlgt59I1FFZX8z/AI9gT0b6V9GDV/CxgivhdWtyZmBVEcEPxz+VeD+PfHWhaVC6XbW8YSDeQeW5PGT2r4z+Nf7SE/gO6uJtNuw1izMXtY5M7Tu4biniMVDDxu2ZKnKp10Psv9pb9sOLRNNudL0+++wWluMzOoQqfbivlb4b/D/Wv26PHzqXuLTwdYSZvL0LtN1g8op7E1yHwC+DPiX9tDxPb3WqytpPg+OXN3MxcTzDPCg+9fpP4I+Hnh34W+ErTwt4VtbLT9HsoTs2LvLtjkt7mubC0JYuV6i90qc40VaO58rfGbwdqf7LFnbX3gu3v7rRLOPZc2bHzDGoP3vxrz/wp/wUa03xJrqQC4kstStmDPBIu3kdq+t9a8K/8JXLPFK20QrxvOFb6DvXh3xC/Y98FeIr+4udS0eK1vUBJngTBdj0JNXmGDrRd8M7FUq8Gr1Nz0rw5+3BaeIfh3qMU9zAXlA6fSvIpP2xINP1pzCY4237Wb1FeefEX9hzVND8L3F94U1S9t0SMyC2mk+R6+LPH994z8KalPb3MEyvCdrPG+U696+YzHMcXh7e1R2Uo06kXys92/bS/afXxBdzWtoyJGwJcjq1fG2sa9NqDsLeRw7c8/WtYQaj4nuGluvMLKc4NRXWgPYnLxkqeuK+SxWKnXlzs6IpQjZGXotsbZj5ozJ94t6V1Xhbw9cazeqYY9wBHPpVLSvDMt5ODFFIFOOa9m+G2h2/hFA8yNswHO4ZGa1wtJzkrrRHJUnZXudx4RjttB8ANFqkAliUKioeAxPQV3nh/wDZcu/A3h6LxRFNc6Nrt2POtoEfzktUPTI7A1H+z/oKfFK8m1++lCaZo8h+yJ5WVmlHXNeo+MvjOtjpUVteNaSMxwmDuJU98dq+5wVGlCnz1l6Hm807+4zxHVfiF8S/Dl1mUQ61aIoZ3h4dSfaqMv7eH9h2zQXv2m3v1+URzpgKPar3j74wW6Xtvp2lQCS9uHwR/Cmf4jXffDL4R+Hp7P7brWmWWuXtzjz7mXt/siuf2cq1XlozsarE+z/iI5T4K6FJ+0drUeo+IrtdP8Pq2+RTNsln5zj6GvprxV8ctF8IeDrbQfB9ja2FpaJtUO+76kn3rx74k/s9+Cr+wuJ9Ie68PXKRBswSYRT64r5L+IOueJPA/if7Bp+sXGuRMSqhOq/WorVqmCjeUbt9Sl+/1TsesfFnU4fEfiKa6vbiS4YOSI1GUzXIWVtbRPqkh+zQTzIkdrHNHhCSeWHvXF+DvC/jP4j+IUtpryPSYjwzy43ADvXqN58I00wadpNzrE2sNHOCWbbsQn0xXz2IVSonNqx0Qfs/dvc93+A/gX+zvCtvdIjLp7xiTy1/497mRRkvWHrHiV/ij4N1a8uEkRJGkjIb70e04AHtxXtutTWXw/8AAnh7TLdr9xNbCPy4/uMSOlePWHh1PCXgyUtZMIHvJWJlk/ekk9dvcV5OxVT3lc+LU8D6t4j1mSLT4H1F0uWjCwjLrz6Vsa94euPC+oNY3aSQXFthZIydpDH1FdPe/E/xH8OvidqLaa6RIspljm2YYZ4rl9a1e68S61cX13K91c3Tl5JT/KvFzOvCa5Uetl0XuimeBTjw/wCFO8nI5o2KenVa8nToerFtrUjuId4DYzTYYT5o+Xb7+lTN9001DhhQDdhY48EndnHanUkcG4k+lPKYHWgXMf/S/JwyKf8A9VIDtIPpTflp8JxKf92vHZ9OtibG2QHswqWJVcYHU9KcY8oGPQDNLEqqc9zQMliQwj5uV71ZAVIwQnyt1qvarvfHrViJMyY/u0AKkkQcY60xo0mUfWnydu1IuCwy/HvT6Ckro+pPg/KmofBTwzqLzbHt77yMeoxX0td6Ul/4FtLy2yzxrtZs4w2eK+YPhVf2y/stWbxFHns9WV2UdSMgYr6B8LeLotQ8CSWjS/uroYP/AExOOtfs+RVE6Eb9j52urVWa+j+I3/s0xxeZJhQrx793mH1x3xXrXwmktbeyW5v5JJYY/wB88Wdu0ryOK8NufDHiXwEiXun2M+q6e0S+bHaruk5HXHeuF8Vftr6Z4dlktbu5lsLuMbHt54djr7GvoXiaVON5s51KUlZI+jP2gG0bxnLNrXh5Wh1G2TaxboMDvXzBrP7WEvgHUDHezNHKRgsnfBrzD4m/t2NNbvaaM811dTYAROj5PSum/Zz/AGEvGX7VuqRav4vnbR9D2GcpnDyp1IHvivDxGYuvLkwm/c6FTUY89TRHB/FH9r++8b3rWujpczTS4iwBkuc9K9M/Y6/4J/eJvjd4stNe8eQyW2iRyiSOzlO0TjrjHvX0X4W/YL8B/CGe31fws9omoLGREt2u9Rt649zXY6Z+03Y3GnRabqGmxWs9i2XMUmC5HAVT/CT61vhMp95VsdLm8jGrik48tGJtfE/4XRfCiPTpfClsskdsv7yyQ4AiUfN+ld78KvHGg+LPDeLUgt5YdrMNmSM/3QPXNcpYfEXSvFujWSrdRWF4CzPC0vm3MqlcMM/SvHvihocPwt8b2d9oJukjYEXYt5EAEZ5yQeSfpX0kq3LFKK0OVQb3PpjW7/TopUlfT9Q1e2c7HkhXay55wx7Ed6rT+CE1ZbSKynMNu8pN2lw4Mzrt+UAn0rmvhj8QtQn0P+y4pLaW3uT5oEgzJJDjlals2t7bVNTthDPBaXdssUWxMRydCWHv/DXLzdzSKeyJvjppun+AfhPeW894ZZJV+XhWI46Zr4WtfCFp418QNZ3to8pkckvGMgEjJ3D6V79+1p8QL668K2tnKZFNsQsayDdlfpXhvw+uZm1uONCZzckB41gIG5uB05rw8e1VqqM1odVOLUGJpf7L3hfRfFkgezSCSQoY3dv3WzuQ3r7VhfFT9m7w+mo+Xa2zTM75jbG5cexr3xNMF68a3LW19DaOYo442Estmw4+ZTyBWn45+HONFtguwRwR/aid2/YBznPb6VVXL8LKF1BGEJzU7cx8nad+zja2rSGBFtmgY/uycAe9cV450yeyI0yLz5nmlETSq25pCTgKo9a961TxA2l6VfTykt/ac+3zB/EF5xXF/s2aLF8Qfi7ret6msbab4YgZ7VW/1ZnJxj6ivErQpQapwNVCbTvqdZf2cvwa8AaTo03lw3AttzrEdp+YZ5HrXg3j74mHRrK8lD/Pyw3feya7v4i+P/7a1O7ldlaGGQgs/wB5SegHtXiX9lW/j/4lw21zJEumW7+fcknGxB1/76rlx+MnK0YS8jajRe7HfB5rl7+XWtShlFu+QMHBcV65o3xklFmrrCllaoNsZ35lcj0968w+NXxM0e2eK3sbmKOCPKCNOW2AckHtXmcHjRfFGpx24uGjiLhYxvykC9z9a4aWLlQfKndlexuj608GaFrX7Ruo3wtNbg0rS9PC+fPP1lyeVT/aru/GGn+A/hLCmk6LYSXLiIC5vJYsyzyY5Yn+7muR+F3iTStH+H1lp2hyJHCijLJ/rJGI5c+xqv4g0X/hIVV5FeRg33z2r6GlL92p21ZhOja2p5Td+L7fQfi3E0c7Q217IEJP3EYnjPtXXfETXrqw1q0jVIrdoZkkMkZxu+YYFeWftH250ydTbxlTAwKHGdzKc16HofiKT4n+BdKu5IntrlAqPIkfHmcferyalVuM6cugpw5ZJn2P8V4bq9+Eel+IILqGGOx0lrmd2yWU7cdR0rwr4X6pfeMPgnLc6fcPciO5kkl8xw7KOuNx5z7V6Z+1X4ym8M/sZ6g6MiSPZwWuwHaQXwpGPevPf2PNFRvgZLpDOLKYebI3nf6qQ4G3HvXzl7O7NKr1ufOXxft1svGSSLKJRPByV6s2c81zqSblxXT/ABysLzSvHEDz+Y6ys0aKPuBfWucx/sYr5/GxaqO59Bl0r0UR0jY2nPSpG6cjNPihU/NsxiuE7ysqq7YHU07b5Yx3qaTbnjrUcgyaYCLC5YH0qT5u/SmxxYGfSnUBp1P/0/yThkzLitC16iqsEagirMJwR9a8ZH1BZkDGUcZ4p5+dtpTAA/Kog+T0py9RTAmijRRn0qeOVdvHXtVdDhwfepyN/NADWDO4PYU7juSB6jtR83elXqM9KPmHW50Hw/8AGeo6NqUdrazOkVy43xnuc8GvrPwzq0lhHKrtlfJSRB68c18aaS0a6xbFvuiVc/nX1Xomrtp/gWFUl82SBgzp6JivvuEK05U5JnhZkuSSdj16y+PuoeE7BBDeNBfkCMKDglRXyP8AtY+PX8aeJ/KuobF7u+mESyEbpcscdfWvb/GFr5fhsX1u5WaSEOkn90HqK8B0XwQviL4p6NeXu+OBdRjLsePMfIwK+rzGpOpGNLo9zloxUffjofQnwf8A+CYmg6Lomn+IF1tX1iG3Sf7K2MEnkA54/OvSL34yeIPhJo9x4c1Zp7IzIRCY5l2umO7L/KpvGGoX+m2KyQx29tJcFfLDPkkZIzXi/wAT/F02uxmDVGR/Kc8g4IrtqSo4KnahpoZ04zqytVeh2Hh/4y31xr8MdpcXiTjbuLz5VgBngV7k/wALtE+PfhLzI47fTvFMOXSbOPO4/i9s18E+BvGum6Jr9zLNqIW0t2x5gk+eP6e9e7fC39sTwslytsviS1iYMCBJLhmx6muLC5pRn7teW/mdzw/LpBaH0R8OPCllPePZakqwahphEUybtyo2OSB3zXoXhjwvoF9Df6TqwjWe8cBrndt2r24r5y8WftE+G4dUt9e0PUo7vW5SsVzpaL5iTj++rdjXNeNv2wrO91EAWcmk6nbn93JIMq3sfaux5tRgnHmCOGlJ3PcLN7H4Z+ObjRJ5GjEJB0+6L5ePnIb6V6CvjJ/ENhcRXd/aWw01CXidtqTR7eCh7V8PeJP2jLrxjdNPrWqxs6qqxeWmPJ9Gri/FfxSuLqNoz4hnu4nGFcnAX2rglnsI+Z1LANq7Z9sfGbRtJ8a+GpLyxurQSTwqs2H3EEcV5N8PPBOoeGL/AGq8CWzMqlwMkgmvDdH+OtzpFlbD7SGkVANxkyGFbkn7WUcFid19Ck2Q2AcHI965nm9JyU3oV9TdrI+1NBhsL3wxj+yIAYJPMnupU8rao6lj3I6V81fteftl6b4dc+HdHS02x5Dyq+QT6Yrx/wAb/tr3+r+H20+1u7m6llONom3KB9K8im+FnjPx6suoiGK2gK+YZJpMM46YUetcGbcS04w5IysZ08Cou82WPiL+0X4l+Ib2Wj2t0ltb2+6OIBMBM85zXO2vxJbwJokmnWusOzOTLeSxyf6xqoeFvgRrupfGO2sr2OZrQAFggyHGeRX218T/ANiTTYvhlozafoUNhbWVqySSBMPcs3OTXxks7XM2nc0cuXSK0PgCLxTd+M5J7bSTdTCMkuzScMTVDVdE8QeE41ZNoe9kCSyF8jJHSvefgZ+zZKvjzUrKKHbHHdFSv41H+1Z4btPh28cbrsaOZUK4zn8KiOLrS9+JlNuW58xeOPDlxN5ck188YwSQfX2roP2df2ZdS8c69bX2tNc2OiPIGDDrOuele4/Bb9mBvF7W/irxTDIunW37y003O2WVT/y0Yf3a9y8J+GYfEPiaAW0Sx6VaENGp6RkV9BlOVTm1UrscKU1Hmlsd98PPh14W8M+E77w9YWUUbWcCXds8kWZZeMnJ9Kz5tRTXdARSjR7S5wnSvPfEvxIh0P8AaO0t/tW22eYWkqj7pB4r0Xx2YPCXitbUpO9jfAyQOnRzjGK+6wsoNOMVseZip2dz5h/aJtU1hLiFVkjaOMuD64qz8HvEMK/Ci2HmurSDKk9AwrW+N5h0vUpmcMkYgeMB+vINcd8MLM3/AMKbVFBPkzEPivlq0rYmaXYHPmgj2v4//E2X4hfsM3cc6W8q299bW0rk4YYbtXWfAX4lWvwsXR9PgummsoLZXmVrTDIGxnae9eTePn/sP9n3w7azLIo1TW0YP/eReQKh+JnxRSX4iyzPEstpbRRQQCIZaU7ehxXgzWnMVI2/2poF8U6wbyz2CB7lpOV2hVY8AD1rxiePE7BeTG2xq9k8aabd+JfhbbX7OiTI2FaVGG0AfcXPevItbsTY6iWA3LMgkB9K8fM48yUj1spqWk4kBjx6UKCWAHWkSQlgKlX7wryD3LWRE8TbqQRsOtSN98VHL3oAG+6aZSqQGGelNkmUn3oA/9T8loug+tS1EU2Oh9BUkaloSR1zXixPqCxD9w/Sp0+4KgywUHsFqaP51U+lUBPblvO9sVYqKLr+NS/rQAUE4HrQQMfdIpUiJXjr2p20uBPoqFdXtXCfdkU/rX11oFxBH4fVDaYZ0Rm/2sgCvkPS2zex+YSoVwcg4PWvtnwx4Ym1bwRaxtIrhrZSFd85GOlfe8F+9GZ42bbIq+GbT7e82nv8lvMqx27f7I4Irn/F3wgs31y4vZJDFY+HcTxrEcea/ZifpWoDe+D762intTDEjMC69Nprrf8AhHG1m3Wyhn+0R3+cv/z0GP6V9/SoRktUeSp8qOgtPENr418EWzFI5Xmh/d5G5unzc/SvA/iloMmt6mujaWBbvcSCIEnAUZ5Oa9P8BWran4Tm0633yS6LO9tIp6AjkVs/Cf4Wf8JV4q1oXsBj/s2ESCY/cjz3PtWOJw8q8VFbHVQlZXOTT/gnR4K+JfwkF0GlstVtw8c88U+SzDuBXwt+0T+wh4x+FV3cahp73Or6VG3DIf3iKD1r9cvh/otros2paU0sc6pGrAp/q/m9fas7x54WsNI0MW1/axSWpZkBAy/zfd/DNePmGRU6kNN0erhoqtBrqfmt+xh8Fh8ZNI1HSv7TvLfW7VDPbhbna6p/EMV96fsw/wDBIrQPjr8KX1efWb5tXtFMbq8+c4rxP4nfslRaN4uHirwleXXh7XrUt5c1oOJc8EOvcVr/ALGX7UnxN/Y98VeIdR8TXI8RaNqkiB1jbYbZiMbwvcDvXwuKyutS6BLDV4rR6HvP7I3/AARh074gftEar4f1i4uHsbWxEsZ35xg19T+L/wDg328FaD4Iv0s4JJJ2jZlk/unHWvnn9lb/AILCWvwe/bGt5dU8M+INT0bxJbmGKfSYWu5o3P8AeRfmx7Dmv0Itf+C0vwQu9cudA1bxInh+7jtDcONVge3CDHIYScqa8V4d6qadznk626Z8If8ABOD/AIIpeGPjBp/j2bXUa4l0bWJbK1B6ALXV/tTf8ETvDmg2GlJo9jGohjYyEdsV7B/wTj/4K1fs9zeLPiJpVn8QPD9te3WuS3MAuL1VS+jPRkNe9+Pf29vhn4+027fStZg1f7HkSGxia8YD2C5JP0rkrRaik7szhUm3ufkT+wt/wSjg+Jv7Svj/AEMrsk04RSAf7DHmvuib/gl54f8AhL4bUy2n2h7eIgg9+K8I0D/go/c/s0/t5ajL4J+EHxJ8dP4utvskJt9InsVnmDZVQ9wFQZ9dwHvX2L4T+Onx7+OfhW6vNb/Z81bwjb3m6OCG51e2luIDjgyKkjED1xV0qDa96OpblrufEmi/s06Sv7Wvh9fs0UdpOTG6HoO6177+1/4b0vwd4QktYvs0UcUZzk4AG31r5OufA/x4+JP7SfiW58S/EDwL8FrDwNfJLFC1qb+a9GchVwQWBHVc1Q/amstM+LMl9p2o/FPxj45N9CAJbNP7JtImAySqqCSPqa7sDlVedLljHcfJOclyrQ+c7r9oK0+G/wC0HJY6fZX96dRClZLeLcpY8Y3dvrXW698GrTxv4stdd8RW9pc3cL+bbWkj5RT1GP8AarY0LwFpngnQrSy09ILeMRgebOBJKT6M55Oam8Ea0uvRajplwY2uLUCW3PdF3fMFr7DLcnjhor2+rPRp4ZL3pFTxfKNR06PTLckM7FfJ/wCWkY9657wD4pfT72/8Okwo+ngP5g+8yt1Br066+HMfhLw9d6re7/tMaMxz9OK+ZLPXzZ/GK1kX/WakHib8CDXq4ifspxfcxr1VytIyPj1aHTJpdThUu9rKJYyPQNmvePjJ4zfxb8AvC3idDG80KRNKE6qBjrXlnx70OS60G7SMfO0OTxntVm18aPrX7M2kWRk3NFH5Z+TG3FaUp+zqTXlc8Cu1LlbPOf2jviIniCJkjt3hlu1Vd59eDW38MNCk8N/Dm5hebLArNHxng9a8t1/VZPGetaVaM2RCyo31zivevFWgf2J4Ys/LctN5IjLDvx0rzsNF1qk6kuwSkowSRJ8c9La0+DPgi8C3G6TVfkSQ4AG3qBXnXxs1xLj4nJFaC4t5LWOJ8/wk47+1epftA+MYrn4B+A0lmkklttRXAxnBAwa8x8Z2A8UeMr66u/MlLIqqdn3BxXg1FaVjQ92srWa1+AlzNcTRMssYwRHt8pcZwF7D3r5/166GqaVa3UMiSQoxiyPUV9N+EHtLn4AvbXp0tvs1vm3uJW3SRj2Xua+cVsI9S8H6hJDA4S0uj+8eLYzZPb2rkxMOaDOvBS5aqZzgm8k8DOad9pY8bCKb5+75fTiivm/I+pvfUd5xXnnigv5gzTG+6aYOtACv96msQq5PSkb7wp1AH//V/JInByasCZBGCaiXGOelTRbe1eMtj6noiWMFXyvQirEPUVDF/WpR1piLFKn3x9ajb7q1NF1/GgCWpI+lR09TtTPtQBNbMEuIyDghgc+lfb/wm1iaTwrpU8sO+3FqqLJ/dPrXw5bS/OuCAc9T0FfaP7PGsxz+DdIlupWlVI9n7jov1r77gWolUnF+R5Ga7I7XU9Gt9U0qWCTblFdmmm6ZI4ArK+G7pp15sl8q6+xtkeX2FbeqXi6NqTxxBdQXBLo/VcjiuYtbKbSPGXlzIbdblTs29G+br+FfpnL+9vE8Ni6ZLP4b+JupSTI8Wj6k/wA/lnGG969N+DF9pum6rqVrdRT29lPH5RLvk5PIJ9qw5/AM+peBNQuYmVngTzoWBxENvHPvWP8ACXxu2veJIrN4dn2mHy5JOvfOVPrVuLhLXqVGfKmzuvCt42k/FPXbaDyNrojQQjqUHO6vS/FFxYa74d0eK8tBEftCBmP0rzDxdbW1l48iubVpA19beQEMnzZDdRXV/Eue5g+FkTzO7XELxqkax5Lc9CaidFuLSOnDYnlaZL4s+GUVvdOITIvmjYhH3dh65ryP4ifBw21zJ+5jCA7VXdjcT3zXvfwg+I0T20dldK8reYoLldwiTvxV34iX+m+O/F0elaVJFeT6avn3LbNuB0xXmVaMZK1j6zC4yM42kfOnwV8SeJv2ZPEEmq+DLqLRZhzJN9nSbefTJ5/KvUvgv+3t4n+F/i7xDq+p+E/CHjC78WOiXsmpWIVmA5OD2rr9O+FdhrVsSt5DaJHMEkt1GS2axPFfwKtNI8T6Xo8YR5ruRpUMfDBO+R3rxMTltOa95G88PhaivJFX43ftYfDz44eGbnTJv2fvANreXbeWL1I0wQvJr1nwZ/wWRvvhX4F0/SdF+FHg+3h0e0jgQxsqZA47V5lefsxW0viK1Fs00m9GLKUwAax/GHwAk8M6mbe3jF6k+zKf3TjNcH9iYfdROT6phFsdb8R/+CoPj744fEnRLmy0HRtCu9IuPtUAjjMnzDkdK534wf8ABQ744/EaW6sbnxhdWMR25S3QwqM57/eH4Vyfwg8KWus/tE/ZZbmOycRMIYP7xzjFenr8BpBrWqrf2Ms27ZLBKvRVUnmt6GU0o+9GFx+xwsNbHzj4hupLy7t9S1Jjd6hcA7nnmZpt+cHlucGqvg24bxB4nls1jMLrGZAQ24yEcE4716r49+F2n2HiSSWMSfZQTJGnq3U159Z+J9I8HftEeGHKQiKWb7PMo6kMMHNa1YOFlaxr9YpxjaJQvdBudakNuUGMk7iuxlx6Vxni+S1+Fmr22smR1a3cb1P8aZGRX0D8X5NO8PePbmLSSbpZFaQBekJIr5C/am8VeZ4dmiaQJIsgQqe+TUYjlir9UcFfE3ifQ/x78TxeM/h5/aWmv5VvdxpI/sNvFfGmt3aeH/Eul38pDyJfKUJ6da+pzdTN+zVo9rKiAS2SBFHbAxmvkT4xq+lpZ7FAQXqIM+uawzKM/cqPqeQvei0exfECYX2mTt5iOLgMVA6qMV4/8NL0aj8PLi2kvN6WzkiP8a9fuZTqvhex8qxkLmLMgfopxjIrwzwpbRnVtW0yJdjWlwxMvoOpFZVppV0+jRwR2Of+FFvDf/GCSKQEpFKzAfjX1V8Q9MSX4f2U0DRlCQrZ+8tfMXgHT08PfH2KVJdqyAP/ALwJr6V8ZzvDogSZcJO4C/7Wa3yu31epfoFbdHmf7QVuNE8DeCInmEcTXE8qsegOaxvD/iP/AITK9eCIxSRXA2vziZ8YHBq7+268nhu+8GaLKMx29m8rf7BYisr4HSaXB4tgu8ZEYO9NwOWAHzbTwa+brNOWhsj6BsbTT/Af2AXdhd2Re1JPnweZDM23Ayf71cx4f8NNfWfiiNzPNBNGJUDLt2fL6ele6/Bj4iv4Nt0g/wCEp0fTo9RVo3kvIvMOCMqAG4H4Vxnh/wAESXHj7Xl/tKzvFmUEXFtOky3GQec/w/SsbXfL3NKbtJM+TXtwgkUrjYxC/nUQjYda3PH+it4b8aahYFsi3mYfnWRXy9SPLJxPraMrwTI6Ke33TTKg0CkbgUtGN3FAa9D/1vyTXqKsQfeH1qFOlTW+N4z0zXjn062JotvmHH4VMRkcdaT5O2c05ThhQMljibC5qXyCeOaYkqmdasqcH5egoAaY2jCilp+N/NLQTIjB288HHrX1n+y1fjUPAtrDLLNGuCAE6V8nuQFORuHp617t8AXmuPBCmC8uUaOco8cP3QT03e1fW8I1eXFNeR5mZK9NHustj9j1NJ4bh5pZHPzqMnHoa0db0yxCW72v2z7TEySHeny4BwcVzOieKJIby2jfyyCNixocMRu5Jrs21VCZ2IBIiziST51TPH4V+vU0px5meBNWPVvB3hFrzQrkSs5tLqMEJGM7mx0avA7uyk0T42WUGmXk/wBnjZ3liEfypk859q+j/h94il1b4Xx3Nq8U99boQqQLvEqALnHvXgfxUtdR0T426Q9/GHa9w/2UHa4GfSumvGNoyMj0LXvh/q95caNr0VsWtxcKzOTlFUgqHLeh9K7nxtpt5/wh01ncNbmJVPlbf9Z5nU49q2/E9yNG+G0NtBqEohuGiJs3+7sLDk+wrvtL+F0WseCLi0nRjbTQ5Eyna1ufRT61rNaOxcdGmeFeDtEOr6ZC9pceXLelUjCDLZJxyK6bxv8AAE/A6/sPF9te363t2FhvDIPlA9l71x/wV3+GvHd3pEs16JLG6fyohJngNkMx7V6T+0P41ksdD0681SQXNutym4RNiJkxtJz/ABMK86dBcqkz0YYhxdka+m/F3TtQtXNxp32m8RBJFkeXnHevHvHfxrHgb45+HNUaSJoJGYBC+4Lx0zXU6LoV7pAuZbKKS/8AD83NrtGZLcMOhHpmvDvjT8P91lP4i1j7RjSWH2ODO3exOCcVw4unOMbpHdTxUurPra3/AGm/CkOirevqFxbySEloIhuUH1zXlXxS/aUOpO1xpawxxxqB5kn3m+lcf4R+GNj4m0KzuzMUtbhFIj/iDH0qD48+G9H+HPg8Q2nmSSqhyp+8Tisp0qjp3Q3iYOR48n7QzeBv2jtK1W+MZa5LRK3oTX0/oXxW8Q+L9QuNQfzPs7qNgH3XGO9fAdnYwLrQ8QavJm7W9ja3hkGcoG6V+mnwm8D2GteBLXUNFvLOFJ7cNcWEiY3MQDwayyyhOaaZlicUk0meF/G7W9Vm06eFphAu3cQvXHtXzP8AD06j8Rf2ktBsYN6izmM5kfr8lfW37Uy6b4T8PTSXE9v5nl4Kxvlo/pXyz+yyDd/tIafqTTSWNnOZEgJGWPHUCuPFYaTxMYeYnW91tH0543+Ha6Fa3kxuS9zdlpJJB1x6V8L/ALSqzRapA82DbLOoUMMlzur9Gvjpf2uleGVKI0TOhzODt38dxX5tftHX8viz4gxxQKPJS5Ubs4ydwqs8wqhZLyOfC13KLufTeoZ1L4ZW08spjaOySMxCPBXC8Gvkb446jmz06OVHldtTBGfSvuTxD4UuPD3wV06GPT5Y8Wqkl3yBleor4T+OVrIby3SZdoW9DE+nNcefQtGnp2MKHxs+kbVrfSvg/ZTCJXVLdTibopJ7V886xZWnhz41an+7SCG9jW4iI+6Sy5r3PWdW+1fDyxgLiVEt0Az0XivAP2gGK+LtGuoTKHvLQqxfoCpA4rkzGbTg/Imgrpo5ibUD4b+KOm3zucNKYxt6YJr6F8VxTzeD455DvlVlbb6jivmfxqbnR9T0O5ZdpWXdz/FX0x9uk1f4cRXNzIis6IdoXdxj0qcsalGdiartZnmX7csMSeIvB88Ef7y50zfK8vruHArG/Z50C3ubq5jZLe4nuj5CByQoJ6Zxzitf9uC/N34j8Ii3izs0dUKbAP4uuDWj+y7Mj3SXM2mm5S0jYO2UXYPpXz9Xc2R714FSbx/Na+Fb2DRbGLR9yz3eno07F8YAB7L610fwE8D2ukeNfEMB1G1uLS2uAqSQrtJIHRhUFr8RNP8AhT4Uubjw/PblL2DzTJYIryLIPvKwHWtD9mzw5PaeG7jUWgDyajIZJ3A4O/np2NYq3NdjvY+ef2ufCZ8MfFmZ9yPHeDzVI968wr3n9ufQ3s/GFnceVtikiAB9CK8GrwcdBRq6H0+Dlemgpj/ep9Mf71cR2iUZ280ZA5PSjzFPA60Af//X/JVOlSxf1qJOlPU4YYrxz6dbE43ZFWI+gzVRZW3D/Gp7aX5R9aBl6Db5fHWrEX3apedVuCX92OwoBkydKdURmXH3wab530oMyVl3PjOM16n+z54gjFhcWkzXZt3lBIToa8nlmI247V6N8EtKbV/DerTQEhrNlkJxnCH71e5w9U5cWkceP/hHuGnTDU9eAZJhGrbYyvXPvXrOl6allpcy6lFFIlzEsImY4KrXz/o2tT6ZpluYZliWRyi/Jh3HfHvXvOm6N9o0yxaa4WSOZVS4jli3M391s+xr9jwE+aLPnJnpP7OGn6VfeG7uyvBdhbJz5PlSHzkc9QMetV/2idFNlqPhq5MJWZpGY8BrhAy8Ak85NZ/wHhs7fxRqFgsVuZYJfNZpA+4KP7q9z7V0X7VsGm+JbTw9NavLd3+jE+ZD5Ozco5xXuRblQTXQxDWPiqt74DjtpdNjl2GKFJWjzIQDyCe1fSHwd1Wym8GNH9nSW3lg2MWk+UDjAP418o+K107UPhDBqElxPbzL5SRTKN0cvzjKFOx969y/Zl12G306CxfUcxSQrIE2Y3EMeM1Eru6Yzzex8A3PgD4ya55Uk0xa4a4+zO+RGrd8eldf+0dCfEfwfuLRIUs4YofNIjTDgZ5A9zWnLpya58e79YrZ7W+mYSyKHyqnbzn6ir3xb8PWnhfQpTLfOIihEtvI22Tkc7TWSjywLp/Eed/sz+LXfwzZx2808UKWu2OU9OB0b2rzP9sK+F5oVxaNe28hMu5s1h/BHWru/wBQ1i10ZLp4YLlvIM7bxIueVBqL4zfDfxLrvmS6ss1vaSEssrdFXHGK5sRJypaHRB2qM6n4SXk134L0ua6uQ1ts2xK/+sjI7LT/AIpQWuu+HjIiz/aJBu3nouKw/gBHEfDFq8ging02Xy9zDJBx9/8AGui+KnjfThbSv9pmjR0JWDO50OP73ce1VOF8P7xjGf7w+H/jYk1lr9vDCgWMXsZlc9MbhX3/APCXwtrTeGdOnSWRrO8t0yB/rCSBj8K+GfildLqN3HBaRm9uL+Tc2I+pzyT9K+yfgtYaingbQ4Jbi4tLmCJWQOdsjxBeSo9q87J6Xv1LbG+LmrIs/GL4caTo2mS31+8mp3UWXSGX+EgV8gaf4uvdC+P2nancCBsy+XFFGcJGD0/Gvpj4sR6R4lvZWutf1GGPlfOk/wBUij+tfP3jjwZoS63BPZXR1CWNxIkg4LEGpzDSrFx6MKU3yan1ZqcLfELw7Lc3S3kgIWNYJ3ym4jjbXw3+0xb6h4S+JlvGkC5+2J5ar1B3DpX3bpHhjxF4d8Gadd6fYDWdH1e3VtqSoDYsB0JPP5V8f/tx6LeLrNrcLaSWzxSIw/5abDuFRn8W6Kk+ljPCTXM7nuHiDxlqvxD+F8DrbXG2yj8sg/3tozXx18fdHe2sftMkboVYSMD04NfenhPw5fTfBrQ7m7axv1uLXO2JdrJkfxCvk39pPwf9sg1CCGJ412kxInQ1x51TvRjV8gw8lzOxvJrdnrPwv017RJXke2V3kH3enQ14X8bbe4Gn2l3Lcl4LGUoYx6MK7X4QeLJNQ+DyacLciWxZoXMf3gPeuM8b2setaHq9mRIirCzhj94Ec8V4GPqc9GE/Iul7s2YbeFoPFup6baRXDyx2toZXB/5ZsTxXsHwg8UXHiHSNP0i/t8JaXAgnf1QV518DNKeX4d3OoZYSxKEbd1YgcVreBtdex+KdhYSS+X/aUkMuPcnBrOjP2FNS7pkyXNI0P2t4LLxF+0na6ZZgwWWm6fDAccZO2r3hXwroelzXEN8sMiXToVitp/3hIA6r3rD8W3Y1v9pDVpp4hI0dx9nL5xgrjFe36JqZ1Pw9DNYWVrM9nH+/h3Zui3IBI9K8Oo7s3tbQy/HmkTR2egW2n+VbWWqAW0dkYPKuECnl898gV9J+BvDH/CN/D/ToYmEZmbMoV8v+NfOX7Peh3/xD+MGp3erST31jpJ2WLSpjyHx8yivqS10wWlsbiaYrHInlpGOqL3NQtXYNtTwn9sjwzFfeArm5QBjay7gW64r5IjKuxAHK191fGPTItZ8OXtvAR9i8k7Q3VsCvge/1OPStbuLV23NFIU/3RmuPHYKVSPNHoergMXGL5GaNMcbjilQhxvVsgiopulfP3TPfvFpNDvJ+tHk/Wmr9w0L94UBp0P/Q/JOKTNSZxz6VGP8AVinJ0rxz6dbE8sqkAe1Pte1V6chwM+lBpEvqMkCnhvKIHX2qvby/LUnnUDJ1l/fHCY4pfMY9ajSbaufSlR/OYZ5BNBmSKcEEnAHf0r3v9itF1GPWoNizebEp+b7p+teKeGfCeo+NNdt9O0m2e8vrshVjT7xJ4AFfaHhL9kuT9mHwFpEuouV17WzvngP3o1xnmvo+GcHOri1NK6R5+YVIxp2Z5XrGk/8ACK+Obi2vJ4XETCRSeBEMZwK9Y+GHi95baSK7eS1mgRXiVjvZc9eO4Irif2h/BD6jp8esWwZpLUKJQvUr3rP+HfjKHV1hWbzAxASWROGB7A1+n0avJWcLnz83dHtugeLX8B+L9O1RNRnlW7m8lQWyJB3wvbFdr8c/FMmuXGgxW2YzIDI88ku3GeelcBpus6dDZSWU0clwcAxzrHkIRyOfWq+s3DeJ59OW0kInD+WDISMbh6jmvpKTio8r6nMjrdc1aDwv4YvbCC+DwG5jIV3zIrnG6Na9c0mJLeKyfS3dLk2u04+7MuQx/GvEfjl4PgXQ9Bu9Pn23dmQNShhhEin5h87MvOD716X4V8aarH4JjvtO/s1pEUxGIs7GCPvtH8IraEv3jXkMv/D/AMbanf8AxK1pFtJrS9dEJRjztA+8vvXseu/C62+NnhO0gluLn7LdqyyyxwAsrY5yh/nXzj8KNVsdZ8danqcLXLsD5bl5HMhUfeA/2a9C1j49xWOgxafoo1eW6mkC2yJ245pTj+6sS3Zo4r4fXlr4H+N8uhMtsdPtMxW4XKliDyXYcbvapP2oPi2NakvbTSv9FdQLSOFxuEgA4wfrXM/DLR9d8Q/HK81TW7OK3hQb1jAzKx9xXq3xQuNM8QeBLyU6RHGpBIkeAiQEHqSP4vSsXh5zp2ZpOb5lY8b/AGa/gTrHiXwIVLiKc3LyzFMbgnfGa6bVvhONLvpFjgS/dGKtJPLtkAxwxH3dw7Zq/wDssa+uj+GpoYW+0mcM5jKOzKQeOO9dj4s0p9P8PS+aUt2jXzAFcSzb2GR8p5QVpyRcVCxCm+bU+R/jl8ObL4d2AuoDOZ53IZ/LWN1J7ZXqK+tv2TLfQtZ+Cfh6bVmuRfop8lnXcu7oVJ96+S/jZ4a8QeMdJvJBb3dvZRd5f4sDGRXoH/BPn46/8SCHwldRNNaF3hllmjPDHjAI6V52HUYYhx2Narbjoe+/HlND0zRRdW2g6RqsJJSRWHkCPHVs9zXyl8bvhtp1hM+taILZLLYJFWFfLI9UYdx719f+MfBEPhCP7ZaWst9YqgUKhDyIfYHkivn/AONmi2uo6RPBaO7TXALymWEpID747CqxtH3HKO61HRcrqJ3X7OXiu48e/szPDcC30uKEr5RxnzWHSvj39uTV9cOutFdWt1K1tICAYvkIBGCK+i/2Gdeg1fwTqnhfVo4NRisLpt6IXE0KtzuQntXO/tWaDaXNuI4pJryONiiLKu4IAcYNebi5PEYPmuTBtVWj0X9m3Vx4p+CumS2F1bvFJAEmt5Dt+fHTFfNv7QWmvbeLJrOFRM8zEMsZwiZ9a2P2MPiLJoPjnUPBsrJtuIHvLLdH80TqOc+wFWvjD4ktIPENxFPbQLPvZfNCYLEAVNWUMTgoxfoKD5Kl7Hzh8OvEafCn4nana3UkkUV3GSMLuWQjsTVbW9MuvG2sywB0htLos3m7MZGOlO+OdpZ2aWk6Q/6RvD4zjfzXqvw18I6Br/gaK+ljnWVotwjkfKqwHUV87Rwsqs3h+i1Oibs1M8w8B2I0zwjcwwTqjWR8qZW6ED7ppnhjwq/iX4oeE9ahhmVRc+ROh+6VQZyPyrO+Il/Hpesx3VskkMYYwSAfdZc967D4ca1dx+CxfcxWOn3RdQ0W5GbaQcn6V5mMqK3KumhpFaX7nP8AgGe21b416xeTk3YF5PkDrCTwpr0bxh4zn8D+Dbe5k120F5ODbQWwg+aRWOBlu1eafAi/GmW0+pXDyWUl1JJ5My8Qqc9WHcVo69qdvrviC2jcR3EdqfOkZ22pIT7V417lHv8A+zstx4f023SNPMvLsYVXbaC2cuwNep2/xR1u+1Kw0aeG0SwvHYs27e4VOuDXzb8PfGMdhKz7PK2riFw+RHH3xXq/wq8Zp4j12G6up/sxmHk2av8AdVB1Y0MDtLuwuI9M1ETL+4lR/LT0Getfnd8ftNHh74gXsYbdIJCf90Zr9GPiJ4ttNN0edbZoXDptX+87f3vpX51ftMeJra/+Ic4j2ecCc4rZNdQZzWleOH01wrtuXHIravfiTpFjYxtcTCIt69q4F43Zgf71UtVt0uF2SDI7ivPxOBjJ8x10sbUprlsek2PxU0K9ZVW/jx0rdtrpb2ISw7JYzyHHavnXV/CzLvaEkc8KO9TeDfHWp+C9SV4boowOBG/3T7GvKqYRrY64Zi7+8j//0fyOil8z5f7tS1BFJkelSZH98mvHPp1sTR9PxpxIAzUUX+tP0pyEqxKnBHSgtaaksU2B+tWICZyMDJPb1qTQPDtx4l1FLWzjDSuRuY9q3/iB4g0n4J2YsItl9rM6ZdwM+Vmqhdu0UYV8Z7PWxlNp721v5kzQxqBkBzzW78IvhZrXxz8YW+i+GbK41K+uCBlI8xxc4yT2FdP+xh+wT4//AG7fGCzutxYeH0YGS/nj+XZnkL+Ffsh+zZ+yD4F/Y08IWem6FbW5viv+kXZTDSSY6j8a+ryfhati5qVTSJ508yk1eOh5H+x3/wAE7tL/AGRvCcHiHW9mo+JpUMkjSf8ALvxnC/SvP/2mPEJ8YeN453+cwttRf7vNfVXxZ8dPqztbN8y7SA3pXyF41kx45kV49+ZGCn0r9So5dSwdGNKmjxalWdSXNM5fWbaC/mmhKsFnixleoOK+btd0+4+GXilbaCIvDcEuJJP4jnpX0RrenSSaxMXl8o8bfrXM/EXwBB4/0Ke1cEXMK5Rx3bHFcuNo+0XNDdAZfw98YHVbIRxyCCHJjSADMjEjnHtXSeF/Etjd6naW2p2xkismdnTGxGG3coz2Oa8V+HnjCTwX4pS1uFmiZGMBYdSM4rqfFciaHfWksFyhtNUY/aFl+9ET90fia0w+MkoJdjKofQ2tfEXRvFljZ6Vp8eqOJXD3NtMn7qFUXBIbvuLV0Xw/+GOoaRr1pG1vPbWF9hhdGZV2x45Cgc15d+y8z6f41mSVnvkjiUyFwSoRuwAI/nXuXxs8Vap4I8IajG1tZWUU0IW1vHH+pJHARSCT+Br3Kc26XOyehk/DDwrHc/EK/vbCWVp45nMUYnY4iz95ga9v8OaDZWfw5F9qzedJLcMwLRYWM/3VX096+dvgH47vvh3bw2GpajA8N0Ar3USiR5CTnhjkqR6V774p8T2L/DJ2GuSyzIFa0jU4IjIbco+QfMK1U2+Vom12c98NPDn9savfagzR7Yrl8pGdu5M/KCPSs39qHV9V+IBfSbO3TTtOtId8ssHMEUaj5v8AgVcp8P8AxReaxr01npseUuZvkDSfO0ajGa9m8a+G30H4HXLJJbWyTKcx3EW54jjnn0qpz25imkmrnlf7MbXNxpUceiTSyBZdyTXqAcA8kE9q9h8YaNaXer3Esn2e4uZCuQJSJCuPm5HGK8y/Y68R6drF0ltcarG6o8m6PaFiYjAUKT0NfQXirwFomoW1y043WivGxiR1aPovy5Hc1jVrRi0rA7c+h8sftFaENM8J3QiSxeMIzH5t4lG3oD614z/wTwsI9U8SeIpZLOcRz3ARInbbHCM8vntXtn7aEKeMEfQ7aK5s7eBQXIXdEsZGDg+uK+fv2dtVuvB/xjWz0mREsrS2ZHtzH8joGHP1rkdT/a1KRtP4D7Q8i80Xxhb6fdvdTx7S9s0lzvhU+mO7elcf+0NfWutwiKwtoJfsoZZZdu1gMZIB7VYl8babaeIoru2iihe62q088Z3LheWHsK8e+PPxQvPFGy20aYWLTNsbejCOft39a0xdRKDtuzOl9k8d/ZO8eW3w4/a31GNLpoLW+UwsrHePM3Cvf/2jPDOn69aXkyzrBKjMzDO0sf7pHqa+avg58Pbrwt+1Hor6mk6XN9M1u6RfdCk9vrX1V8V/C03gOynhu0aZFlzGGOI4Aezn1ryMug5UJQqGuL/iI/P3UPGF78K/jzpOq2bywvbOTMQcbImOC1e+fFjQrDxfeQT294oF3bxzB1lMh55BOPu5rh/HHw5g8U+Kdd1FVWK0ghCQjG5WYnsa83+EvxU1Lw94kfwz5QMrNiNlGS6Z6V5VGoqEnTq/C3oaVOWVpR6HpkHh7SV1to5obSa5hHyNOGYscdia4/w74jXQvE2oaVexQrC2ZIJE6RD+7XqFl4PN3oouZZoHmLMuzZhk+teH+N9NfQPEzavHdR2ws5grQ/39xxTxieGjGp0ZhGVzm/iUgv8Aw1r6+WIRbx+ehOcP8wrqPhVBeJ+xx4lKWjy/a7yK2t5bqNhFHuPVGP3j7U3xNZWGr+FNckmMdw72wSOH/aPeuVvPFN0Pg3oelWUs0Ng1+0jwrJgExjLNivksTZzbXU6Y7Gv4x8R3Pw+8C29pI1tHfPAqW5WPlD3Feb+G9fvoboi4uixbLyAJjJrO8c+O5PF+tSXUYcRx4jhU9lHBNO0mdJ41Zjtx972rikEj2Dw94jki8K+YWhInwPm67a9R+H/idrNLcrIkVwFCxOOqqK+dtG1cajdwxuuLK2G5P9o12/g7xm9rdB5p9xQ/u09BUhE93+IfjOAQRMs7yTiNt7ntxXw38WdSTVPiXcOTvbqDXuXxJ+LZbTbgh95k7elfNGvX39oa+8p+8z1MgkacbiMZPQUyeNJwTVWG4McuD0xzVmBUVA3YmtVsESGSzVoQPesDxN4dE0QZc5HIxXQmRWXA6k0+S2+1NjOMCpmroo//0vyHJwKfDLnA/CmUEleVBLDpj1rxkfUq1tSwpKkEcketbngzwBq3xBvza6XZvdP3x91fr7V13wh/Z1vfGdsuoamj2umrh+ekvtXtOna3pHw5W3s9At0tSwEcrjq/aqSuc1XFKCujgL/wnF8AfA14RcQzaxJEWkC9YeO1cv8AsN/ss3n7WvxeN1qTM2nRzbpJWGVI3cg1L+07rMMwYKXtmlP71j/GO9fdf/BP7wPaeAfgzpc2k2+yW9QSNL/fY19hwnlUMVif3i0R4WLxDnsfbPw5sfCX7PXw6svD+iJa26W0SRlYUwxJHJNZviz4hWcCPML2FpXIkKv1UCvL4ItVvLpvtP3U+cVej1/SvET+ReWoaQDaGPbFftdDDwh7sdkcMpNPU6DxBrEeveGLq5t3VYWQBVTp7mvnzW9Lhn8SQnAdPN6++a9g194dI8PXQnuEhihUbF9RXktvot1q2rS3ts2+12nafQ1zYy10kOLuY/xF8JGHUZ0aREjA8zA69K5Dw74Nn1G2uPN3pIM4Y91rvdSkHiSw3SffiTB/Cs/w/py6rp01tCdo2gMfSuRQs9QkeAfFX4GS3VlPfWClNVtRlJB/y0XqVrgdN8Wvq/hR7GRYRcwuszBQCYmQd6+yNB8JW2rWmpWl3F8wAEbkZya8J+MX7OMusanNeaFAn9oWxDXMW7Z58Y6n8q8nF4NwvUhsLoafwFurm18Y2sEGqpevqloNjvsBjbK4KgdSK98/am0PbpHgptWvkvtTZws8GQryBcAEA96+af2RPF8jeO0jurZre7sEeCKRAGlVd2ACT2zXuvj7xXNf+MLbQ9Qt1nbSHMyzG2OYgw6LIvUeor1cFUc6STJp7noumeHtCvI9MuYzbWaRLuSymVWMgyMHA5PNdB8Yde0208HWdtdW4tbLUEwkjM8bJJnIUL3Brlvg1ewa9rP2K5UP/akQWAneNiJyDjvXU/tRDQtN8IeHLS8gn/tEXR+zTHA2IeCQD1r1ZKzsxRMn4CeDdO8PyT3q6jILt1CkyRbjbof4wfavQ/iHrr/8Ks+wzWz3btC8f2kxZhkXbnef97GK4Xwdo0tnpN6X1S6u9NmiWOaG4zJNLKfupgcBTWl4h1e6g+CEsEqKqSb+d25oGU/KGH8IrnrLW5cVdniXwo1O0u4ZYXurbRLy1uQAsahPOjzyPxr6d0LxHDceGoRLItrpcXzTFnUiRCODxz+VfF3w1toYvEt6l/LJqEct2EJtnz5AJzkj2r6Xu/Di6b4SkS11We9sZ1DIkqY2DPIrPmU0hyVmZv7SfjfSPDfwouk0qEPNeAqGGN74P3uecCvgr4GfEoJ+0YzvIq2qRsk4cgEgnnrxX1d8T7HT/EGj3JkuBBdxxsqQyfdbn74+lfG/hqFtF/aZtUeFrlZ3MYk6qcjO4fSvLx05+3gjWn8LPu7XfCdkml6Zqr3tzYabN86pcKXJJ4+UjjFeU/ETUoPDs/mRXdxIULBFCYXcOhrrviBpcsngbS92vtdXKqFa2VdpjB6DPauBm8Pf2frUUb3UstqAHLsm8KfRfeuytK7sRR2PM9O8Ta1B8fdH1u9b7O8V3EqR/wB1Tj5q+4P2pnjTRrL7Fcfbb68swJGzj5io4r4f/aQ1g3HifTbm3to4pUuIkUFdhf5hyRX0l8W/inrN74P0jT59ONpew2iqoZtoZcDkGvOwTtKohYiN2j5/+IGvy6fZG3tIxD5f7uS3I3CJu/PvXzF4l1SKw+Kum3LBoCt0iuUGQ2W9K+iPF99LfLMt3F5E6ZVijbo5h659a+evEsKT/GLw9ZbzGk16q7gcbcsOa8TM5tSjbujoUNGfed3/AGZovhqCO0sbW1ivLdZZVztY/KPmIr5s8d+AdN+IPia5huJ0sS6+bHJMpZAR3wOa9e/aYtU+Gmn2NsL4Xcv2dWyj5MoIHWvEvAfima38TRvJHJPvyrRYJ2A9+K1z/FSlBU+1jnw0epP+y54P0vx5JqsepXhlvdLXZb7EYI6Bj84B44968G+N2rXPhrxNfaVBdSSiKWWNGJK4DPlmwOORXe/BXxFH4f8Ajd4k1Jrr7Lb6H586I5CrLkH5SDz3rwvxTrD+I/EWo6k7Z+1zM6j+HGe1fHc7lqzomrMaGQW8UYk8wJ0P86s/bFS3MKDMajI+tZls7s4HQ1M8ILfK+f7wpSIRr2HiB7MRLGmEx81bcfjE2q5HcVwIxbOxX7w6Uj6mXUhuprFmhu+KfF51F9p6dK5PUlSG6Rv7xqSRvMQfWm3ke1VNZkyLtoquikdavXNukgAP3iKp6d++t8/3aXUoJoEVl6VstgiNubcrCAOua1dGtMp+8XGRVXT7NrtFz9411mkaMLNAzcnbmrS6jkf/0/yU8OaFeeJr6C0s4pLi5c4VR90fWve/hn+zzYfDaCPU/EqxXl3wyQf3O9dR4J8FaL8NNKaGxiU3SRlXuF67sdRWVrWqD7ELi7uHeYjCF+vWvIgerUxTk7R2NDxP4ymunMUe6xs2Q5RO+Olc9YSPDfxBWCg/NlurVQv9bBT5ZDOz8ADqKpJrBgvI2SILHGQrluozVnMch+0QBcWKspwXmCn86/Sz9izw8k3wT8M3cFwssy2aKEboD71+aPx4iF1psghf50JlP4DNfoL/AMEuPF1h4w/Z8ttOnvPKltnAPtX6HwDVhHEOMt7HHjF7tz60s/AlzdaWFupImdRkiP8AhBrn7Lw/Y2+pGOB4zMmd2fvfhXbafZRw6VNNYu12qgJIF6kVz2kaXbx3FxNHC1jIZMs79a/Yo26HmN3PO/G2grpzvO0zyRhsyL6HtXEDxSbKyaSFuDMF2f3uelelfGG0gg8MXDoEkZxy/rXjepaEL/R7byZNjRPvI9a8vF7o2pbF06lvaZIx5bFmdfpnmn2Vsnhu3N7aP5vn/LL/ALPrUVtpMjXCI75LPitG1hht714V6kkN+VYQjdFyDTdRjiuEuYmJQDcw9TUiXFqdY+3eZBCMfMsn/LT2rM1zw5Jo2m/aIwSrNkisLW5rXUbaB4rpY9ow4PRDRUVoknOeLNB0/wCE3xds9f0qIDTNfzBfQ/8ALvbyHkNXW+M38M6nrOnyWV1PLrV+gE0D58sheAy/WuS8Z79U8FagFWRJbePcFHWQD+7WD/wm3hnxBpGgJqdzJa26KsKNC2142xkqx7ZNcVKoozsx8t0fSfwyQ2LWi3k1tYSBXWEGJ2aN2PQGuE/aU+IfiJdYhsdWMeoIhFrHcuu1yj98+grd0nxFpfjLQbe3trnUfOsY97v5+5EVTgMD61j/ABC8KXPxE8KPe219b6rJ5Qb7TMNx3L0yfbFetN3SsSlY6L4QfEt/CVpNol2YUuIYxE8sChmxjKMpII3D3FbF1BqHjHWp7mC7WW0a2lFxHIihY5COfukfOe/FfPvh27n1bS1huoGfVoiMSxFQYznhfpXoug+OfI0O4hmklN5bruVJF3xM+OQD60nKCQddzxe28/wh8S5VgfYjPiUAZVhnkYr6YsvidYav8PgIL14JoIhELWSDylAB5IPevlLxZ4vtfD3xfgurpBKl0m0okfEJJ6V28/juC6IzdN5UAClWj4lU9q4cPNKLtuVU3R1uoaomt6a/kWatAzbmmj+85LdD7V8v+IL5Ln9oXw/ZW8EPlxX4DLB0KnOQfevYtQ+I1jBYNZmYW6lSwjztX6kV863vi63tPj5oU5lLBboljF1C57V5OOxK54Rk+p00b8rsfoJqEFxB4QubVNLUQQgFJh3/ALoNeW6TqUOl6lPHez2T3Lncgh+7bd8H3pLb4pxaZZSiwv7m7a44JIyiJjp9a8/Hi7Thf3wEmHuJN0xRFEe7/GvSxlaCklc56V+R3OT+P3iGPVfEFp9nSea6knXey9AQ3VvevpT4ieLLWX4X+H/tZSYQ2yjz34Lnjivk/wCJ3xTs7LUYks0WBo5U855ujHI6V654y+KB1z4fW1u81ncrsUxn/nkT3ry8HiUpVbFVr2jY4v4w+OdO0kFolZ7gLhVR8g5r5dudWmv/AIw6bckhLmG6EiBvvLzXtfjbXI9K06d2CbUZgJV6E+leR/BjU0n+PtjfzQRTRRyZ56EZr53G1nKtFy7m8dtT6V+L91f+K7W1MzbJFhDkv/rCP8K868AarZaP4k1G4up4Ifsdq8i+ZJjcQPTvWz+0D8dbfTb8wxbJpfmAK9E46V8x+OPHN20Eq+am+6YguPQ9qyzbExnLToTTtbQTUfFwuLrXbmNXJ1NmSIfwgk5yK56O24w33G+99ahslfYpLbhEeD6Gp2l8twS+WNeKrW0HIbb25MnyfcXrTHifzjt+7VySVooMnoahgKzbgOp6UyUVm3bwp6Hio7y28ggd2q2ztuAJwB1pt4FMXD9qzqGhlsURwE696W//ANWMVGYv33DZpzDE+31FYyInsWtL8zaMNtPY+lbNwkkkKKTvY96wdKuOdvoa37eTznH+zWyHHYtaDZmbUNrHaR39K7V7uOz0GUBQ7oDgmuc8PQRi5+bq1Xtf1SS1s2iVikbHBI7U5T5IOZR//9T4o1S4iitX8iTc+4fL61yPi/UPNRAYsRQdT6GrmsagNTjjNrw4BZqxtfRrq0kWRsxgcj3ryY7HZLQpLPFeXglim2qsmGX1FRapcGK73Qf6lRk1DLbSaTFHCuUimIww6rnvVTV2yFjM4kEXGV+9z61RHMWvGyDxDpwP2fyQURT/ANNfavav+CXHxGXw340u/D7zCJLo+XHnpGwPBryvQQBpwV5HlJGDkZCD1rmdC1a++F3xZt9RiaaFVMbB0bYNy8n9K93h7GfV8XGbYqq548p+3Pg63k8P6VJbNcNJEX3gr0ckdKdb6nbWl/K18riPHGelcJ+yV8TNI+L3wpsZEdZ7hwBIXfJBxWv8Qba/s4J4LfUUZicJHJ/AP9mv6Bp14zpRqR1ueFLSXKcd8dNTiuLR44540iL5RRXKaJ4Z3aSsyuzxlASq9Sfasv4i6BqFiRFI4lLSB2z0rrtNuX/4QyeSS5SBoT8qjrnFcdafNI6aasjk4fEctgjlA3L+X8/VK1rDSHvr2BUkV7liXZW6EVX0bw9PrPiHyIR9pWUeaD7iuk8TaPHZ+GjLvZLiBtxYdc+lREtq5amsYb3RJ45gsDBSZ4D0GP4hXk2o6RZ2tq88Ja4tQ5DKpwRXp8F9YaLpMRlklae/XbtboT71xN3a3GlavNDCTbhVEiADIb2qKiuhcplaB4UTWITMYWWFjtCu+SR9K8L/AGn/AIPXnwt1221CFvP0W/kHktsx5bHrzX1/4S8K2+s6Ut9BcKbyLkIp2lsdRis/4leFbTxx4XvNPu1SIyIYx5seUjYjG4H1rmxOF9pS03GlY+c/hF8ZRY2ptIwk3loIxD5u19x7g16x4X8f2GqaZd2c8aX0hjDT20M27yn6g59a+QfiL8HfFfwI8YS3TW895pSuH82L7qjPBrofBnx2i0JB5KTLIxDSK3Q15WGzJ05eyrPYGrna6V4ri0vxvqKXNjdWIdiId0nEw6rmtHXvHWk6Z5V9IYEkKBlWOTzWZ+pY+mK8Q+JXxUi8QeOrfUHZY4ZB5cmDg4o1HXTIsKmKKO3eMlGR8l8881jLM4u6THGHUq/Ff4my3fiCMwF51RzJKD2FdX4Y8Y217p8LRyEsyZdB2zXkHxA8TW9vpTRo3mgrhn/u1F8FvHkF/p89pcSun2dsZT7wHtXjRzCUarV9zpkrpHeeLzJqEkzR6o8cgbZsPRQa82uorTwX4702aNmkP2pRI8v3CTXTazfaNHZyJ9tld0zhZO9eO/FfxHHLI8lq6Boj8uOxFcmLxjUlNvZkxW6PsvWxbTaX9rSeSKZgGliiOFPAGc1594i8SNDbfund0Q5WSMbhjuCa5P4bfGdfEvw4sJJrzE8MQhlX17Vk+J9fRGdYHz57bSw7V2Vsw5oKd9zOGqsVviX4iEmt2MrMJSsinYf4uRX0DY+NLTWPBsBjtI2EYAxjO04r468f6h9gu7dzO8jCQMCf4Oa9Lv8A4qpc+HLT7PKQxXIcfwnHWuLDY5U+a/U0qdEdZ8WfGkcdpJbxTJL8nJzt8v2xXz34b8Zt4W8dtPJJuKN8o9eaveKvE/nhjvkmCgsWPY1wNpM1/evKq72ZsAeteTisVKcrwKZ6L4v8d/8ACRas9y64QNzXNm1fVLtLiWPbEg2r/tU7SPDs9xIsk58tRzs9a2bmBFjVAuAKiU3PViKAhNlGc/vFPRfSpbeOOFPMY7R1IqWe389wrnaoHB9KqziK3UR43ZH3qkCQ3kbowUZB7etVmh8twXO0N0X1pTEkJX3pl3MbkjdwI+lAAkxUlQMg0TZmjOFxtqOCJI8ndnPanRIZH2t0P3aroBn3ETB+e1Urh/sz8dTWveW+24K5xkVjXdtgH5s4Nc1QmRNYXDStWraq1tJEx4yOtYmnnfCfY1pxXXkWYJO0DqfSrWqsETo7HxCNJ3EtkOKk1/UZJNOWSLO50GMVyum3TavqTMvMEX8Xoa1dUju1gSLJiaTPzDuK4cTXulAo/9X89bq4eR4pIPuMCp+lZuranCLeKOYSIY5CuD/HjnFWru3j0WJ5jOEDAkK3Q1RhuYdXuYgv7wIwDLF/EG5wK8s7BbyGPUFjlCCEqMH2A4qpZRBYp2QpLubaMU/V4jblI4plMY2s399QTuwfyqrbSOyGaKPBtzgL/WgVrs0PDE5XVoony+T5W0fw54qj8VrCX+zGYkNcWzF1DdVUtWuzs1sk3mEyqxOB1U4qTWbf+17i0cAMiLsct1BFXTnyyTbKatY7r/gnz+1bffDjxVDpklyIba5YK2eg5Ar9Mr7xA3jHRIZLeGDytm8zDqxIr8RvESy/D3xcUVtodhKp9Oc1+h37FX7UEfj74Yx6FO+64jURq2cY4xmv17g/OW4/VavyPJzDDR/iI9U8ZJDLcMXk8lFOCf7xqTwjqo1myETAR28cpUynsPWszxrpsenWrPGRI4IBJfI5rZ8F6VbfYIjKoEhVVB/hBJ719VVup2ZFJ3idPB4ZtNHnSWO4iDysfLc9Caoav4bY3ElsxuDFcryw+6SPStPWQFMOlLIAqvmMx9gOTU19pEWn+FXU3TYOZ3xnfj2962iro0OS0TVWE72GqQgiLiBpei+lVvFGgvqxeydYomj/AHsbHv8AStjxBpN3e6PbXEUzRxyoNjfPuP1rN0m7We1lt3eL7YgMZK/dXP8AF9ahxsgKfg/XLzSHRnj8qeABU98HrXUax4rh8T2jQX0AhmVCRcxnAJ/2q4fxNqN7o8EVtYMLuZQJOTjBJrf0Dw3deKtJF/NLHply0YyN+fMIrGTuNRurmFJpGs21tcNqGmzarpBx5TKm8LXgPx1/Z60r4n3F1d+F4JNA1ggsysPLtrtumPrX0RqM/iPTtP8AIstTjCLJhk/56D0qI79fkf7fpkcDhdrOmdh/2uOc1xYjDwrLlmiFKzPzU+KPwc8W+AlMWu6bqD+WuBNG26IHsc+lcwvi2+fRfs1xFPBNCo8snofSv0c1XTzFex2FtFLdqXYyvdAFF9lzzXDeLtD06QOJLW3kXJVleLIH0FfOVsh5n+7lY09rZ2Pzzv8AxbJf27puDCMnI7E1k6L4tfw1rKy744racbWr6u+LHwd8PTQ3DW+j2pmRQSyptI/CvBfEXwbXMrC2MIAypHavCxGCq0pe87mqdzF1bX3dmkQxuhwwPpXNeItat7qBpHkSV5TgoO1M1Pww1jdSZZzt4waiFl5aAbK4ZSlP3WxkHgLxTd+DrqQMGNpIcnb1Q10Gq+MoLpiwumXkMqv1IrN03S8xltnQ1MNKLBjszVOEkrAZ2tarNrDJ5KrJsPBPStKDxPfjTo7cw24HTntQunMke7IQAZwavW1h56j7nI7Vi4dyZGfb2EmrITLIqKDyF6VsaHYWlqNkSZkPG70ottOSGY7uuO9XbWcxTlV2YI7UrWCJZhBhQbiQoPNTi5DSuFjkYf3j2qK3aSQlZfuHiobtWiuP3YyvegoqahBvlY+Zt77fWqVy/Af8KvPISWygA9az5VW4c+1ADZBkknsKhs7Z52YDhe9WFhUy7AcFhjNC2MSxqHbJ9PWgCVbLy4lG7PNDoxXk4C1C14yz7tmFUYHtUUl20y8+tACXc/lyEbs8VjNE8VyzsMjsK2Jm2x5rPviN4Y9BWVTcmRXWVIiSV2seh9Kqa1qzNEIoWyz8Gpbu/SyhZsbuOlM8P6W0twt/OxQAZUDrWVWfLG4RNrw7af2TpZhfaJXXe2emKdpWpDUdRjm8/eqHaRJ0X6VV1i7L3aQwr8rncz/xDIHStuHQcWSDbhghb/abDV5Lld3KP//W/O7UNmrWo+0IjshztHVvasG9tf7OkV0kjEkjMQW+8oA24FWLi3McG6KTyyDlhU9rZm5gt5LkSLEgDFl+6QxzXlna9ym7yLA9zKIpzC+xA3UnG3FPluorpGDJsVwHwf4SKjkRNR1EiBd1ttBx2ODTo4IobgRb0jwc7B1b2oELp90VmUW6SIpcFmH3SDxzU2hazLpetwW7u5huAxTzDhMtxTdJtozcMwMyEk8Dr8q5p15BLZukkG0Ipx/t5Xjmi3W4Gf8AFTwNceJ9Nme3CpJa/N5bDcD7g1B+x38Yrj4d/Ea1tpeDK2xl9Rmumg1hdV0eWNlktiOJH/vivNPH3hWPwzf2us2Lujsw88dhx1r1Mpx0sPWUn0FKPOnA/UyxuR4s0iG+UloGRWYD+Gr2m27RaztiZ1jfDEnnAFfOf7EX7Sn/AAn3hOPQ5HH2iCNUX/b7V9W+GtHk0vVo5JWjMeFDYGdoNft2BxkcTTjUieLyuD5Udb4al0PUL62+0uPMt22nKY3+1dnfajplxqNtaqscKHBi/wBonhq5Sxtbe/gufstuZo1J3MI8YOK6Dw/odzZ6fFcQ2sczWu1QCMsMntXrI0ctNS9rOgWml2EsLCI3DfJHnpXm3iDwLHo1yZLSKJrmT5pR/CR717ZeQxeItKDi2eKZMA5TADVxfjPT7S1uVikWWKHyiZbhegbqKlkQTT1PNtY8I2UekRXZeU3cTM8jQ/dQDtXGaZqCeJfFKQRx3QMSnDsMg1rXVvqthq7K7yPp53EyevpVzwtqF7HcMIICJMAB3+6RnvXDNXkdb2Fg8Aymyjv9NM8N1A2+PzI22sfbNPtvBM9073urRTTNAg82aCTAk+o9q7XUNL1G904NaTRW1wx+a2Jxu46ip2tpdK0aD7XYXhurpQrNG+dw+lDpp7mR5d4o0SJNO823DSC4ODIvVB6GvJvF1k1hqwjgWOSEKWct96vqXWPC2nWGlqkssdpIyFQjx/Pn3rxf4l2Ft4ZsZ5keOVyuWwmOKznRVrkvc8cutMtG0aea4tvMldsbR/EK818f+CLe+njXyHt1KkgHpXp3iqGRNP8AtIuRDFIAdp71xWiW954hvZJHMckcQO0mvGxlOMrQijSJ4B4w+FZtbp1RIyhOS47V5zrvgwWuobFj3sTgGvsLU/BU94zziGHygOdoyc1ymsfD5L6RixiYqh+8mCteFWy+SbaRafQ+V7rRZdLOfKwPX0qvNM0BGejda948T/CRQoCojEKWBHauI174ZSxQ7ngKSDkkfxCvOqUpR0Y1DU86EDyXJcHao7+lSKZFnU/eQHlvStpvDl1HKyNG6xjue1VZvDt3aPsjjLKecjtXFKL6mvIQC2DHIbJboKlstLknKuRuCNnFX9H8LXkEe5kkAc81dj8N3cd3hfM+b1rBwDkM8L+8Bzt2dqr3QLXDMOoFdXZ+FpGchgWkxwB3qC+8NSWpIYupb+E96agS1Y5ie5lEW31GKpyqG2BTjj5q1tT0l4nP7vNVhpr3KYERGPSqURFWztBFMJi2flxipZLGa5gLsmEHStvTfD01yVESScDnNWo/CNznk7RjpT5QOWS18xMelUGsB9ubPSu1i8Ny3LOoydtVZ/B0ysxKcUnEDlJHSA7azNVkJkbAyMV3B8IrYWzO6ctXOX3hJtWvDHtVIUGWJ6AVz11yq4HHWWkT+Ir/AO4fKjPzfSuplEOj2ogEbHcxWIHp0FaU+kx6DYMI8mFPl3L0BqpoWmm8uTc3AxGMOqenIGa8epU53cCLSNEGm/vmRHMyqcDqvP8A9at9duoW+H2qzFlVSMj8qnt/D6NeM277PKGKxeZ1JHPFWLOwkXUJmElvIzsSeMtyOwrMuJ//1/zaiME0jFZtksw+df7uKS4eTUDEIGE8KB98R9MbVP51lRpcjVibeVFWAKWVvuqQvf2+ep49UmtYSyFI3hZQ7R/cPyq3PtxXlmrlcl/tNNLu1QRxxSRNsPGcfMFpRv1QvdKIkmgO3cTtyPpTJJba5uFEzhUKgknoxC44pXtLd7aWEPLtjO4Y9uKBDm8Qv9nWP7OQhchZm6OCwJAqzb6mq6ZHGAZZGZSUHUAnNMVYLELFG6bNhP4hMc0TJ/Ze+ZDG8kpdFA+6V27Rn8aDSDsJZaiIbhpFkWISNtdx1AJY4NQOTeXJSKJp7a6Dybk6MANo/WnOfKlY3SKzoSyqRkKQFHFR6PfSteRhYpRDGQqAHb5IUYPHvTvbZjvdjfhLd33wH+LlvqNmjnSlk/eyeZjcQeeO+K/Snwd44/4WToGkXNhmRpgjyyA4IAxkV+et3oizQoJZAkDxrGZW6kE7nH5V6x+yf8cZPhXrg8O3t6H09pB5TH/liCen4197wlnapVfY1XozHEwbXPHc/RDwb4ivNNuZrbzlXzDna43ZwPWuy8J3EukzBzENlwCkqP8AdJ7EVwnhbxhpniK1hFrLH5kkWVf1XHNdR4XkazsZfNuBO0b7wEGWUD0r9hjblTR5V7vU0bn+15Lyb7H9murB2AlhXG4H0GatXnghb/QnilBjjjUiGObO6FvTjjFV/CHifRrGG8itJZLS7lb7kx2hm9SKv/8ACz7fw/cfZrkmBpB+9kb7jVzLdmkTzLStGjTUblGSRfKVk8gfdOP4hXHanbQ6Vq0l5pom8g5WVGOAD717vfaTZ6rEt7a2SI7jKsnRz615j4t1EaP4jl0/UIWzP6dcGiRrGVlY5bS/FWrS6vBFZXEr2o5kYP8AKvqK9L0y1h1O0C3Mg88LuV842n8K82i0xNFvmis1mnEuWEZ6V13hfVVuhaW80Uuz729RkIR2qXG4x3j3U5LW1ty0SoI3AaRXYlx+PH515h8SbgXTD7DCsbg7po32Zc1614g0281C6vcO907ARiJExGijv9a828U+GnuQbbZBEyJz/eGPSuWpADyLxrqC6nYeRcpHGVjxx2rkvCfheXTpVW1hMsMud+PSuq+IXh1brUvJkV5NnUmqnhfxALO9W2ePaJPlQ+lePOC9pqTK/Qup4SsAjW4eWGYruZR1Naei/C+0mCJFHvk2A5kxxXbaNoH9q6arROvmY/i6fjXZ+H/DNybXyrgxzoi5w5wF+lejCjGUbGXNJHg3if4GQ3v2gyRqrKcxxptxj14rgNa+CttJFwAhjByDX1d4t8CWsUK3IjZFLABlfIBrI0/4Iy3sUv2OYyG6O4kfwVhXyqMom8ZtWbPjLVfgVICzC2SWMnjHWstvgWC4BtXjGelfasnwlm8MWbCe3kuW3enWoj8Ixc6VLcG2dxGe8eBHXkvI4tXNfaXPkNvghbW1skjwZJ4qC9+FFrYRGT7PtwM5xnFfZN/8PXS0t4odNSWOT5mcdq57xd8I7aay3SIIbsAkoe4rjnk8SnI+OL7wpEZg8UO89AuzGaxtU8Lrk74/+A/3a+g/HOh2nh20EWyPy2GPxrz678FDVnaXenlDkIO9efUy9RdkCdzyO/8ABwu4BsiPB7VY0T4eRwSIJo3KyHBBr0p/D7WjxERhGI2lvQV6Fovw4XVNFt5Y445mXkinTy7m1JlOx5Ta/CeA24ZItrsOvoKbqnwc+0PEkauwVcsEGSa938OfDO4umcbCyoOWXovtW/4P+FkU4eJR5bxNgy/3vauqOUN6oj21j5ik+EiabbsxZC2Pu7MMPrWdqngKJogI1w3f2r658WfBCPSLQskXmMRvL9Me9fOXx4+Jul+C7RrbSzb3lw6lXuUfdHGR2I9a58bhqWEhz1mCq3Z5B440aO0PltwVHpmuL194dIZJXUxRLyzPwTkfwiuh1bxHFePLd3mSCAxZztxlf4B9a4hUm8SaylxdS3HkICI7b/nsQBg18NicY60rWsjqRnxac/iPUXmVmEY+ZVJ2gY74ro5LaS0fbCkZiG9Eb0YDNXYYHt7vzVKo4z8jdRkVJbMI43+0KG+1lWAXqcjaa4GktgKFtp017BLcPsy5j6denNSCT7LKhjhzKcOrenOKk061iFtKzPI0asqI6/dAU4wPekvzbjR0McshuQzkD+L8KQH/0PzQvdXjSaWOGGaNmYOWTod3P9KryQyalA8fPmTSM58v7+3IWrht5bWwNyAzyRny8jqNv/7dR6hFNa2kc3kloLWPzA2MsGC4yPevLNDMuydPngZ9kkDcb2+8COxrW021iktCWjYq6BgG6c/NxVa40zz13L92IsvEeJM52f1pLqITXRswzQLCh5/gJJH60AOs45nvFmcDZFgc9EIO8n8mqF7pop2QALLtVQZDhWAG+rqyJHIYGSOcKDKzejEbRUdjLJcwecDmQFgGx23bcUAG3fBFaz54Cy88p8xz17VetYlujskk3MrJvD/Iq5ORg96qXBjms7lwBNI2ZGzLv287Onb7tB0i1NhceVPJBcMMgqMqCxCcigalY2LK5vLO13M6boUCruG6PfjufTFVL+5nsTK6S+QrrkFfuHhc1lS65cxGQyXDSruYK64cqMbVO3tzUlpcILYWsAYF0Pz/ACOmAFJ47GqjLld1ua6NWZ77+zL+1JJ8OfEVtp3iC7KaZAwjSSX+DPc/7NfePhDxvpmt6Tb3+nahaX1pdj/llnK5HbFfko2jxXM5Lgm2g3L5sU2YizSEYI/hNdl8JP2j9c+BN8l5Z3csmnFi0tpu3xPlsce9feZDxn7C1DFarv2OLEYR25on6oC+vJr9ytzbjTIQMo8QZ2+hbvXOX/jq+0zxFgp5Fg7lBJ5ace/FfP3gz9tHSPizpaLb3Z02+2gNGOpb0ruNB8ZXmqWMd3JIiw2zbmkk/jAr9Kw+Oo4iCnRd0ccW0rM970P4pSafNZ2sNzbNBOu4ssfI+tdT410DSfFPhWLZDN5rqCZoVKkN6g9q8a8E+MIr3WIpbizRndMpIvTiuqu/FJ0zVklkuZZbU8iJuin2r0IUna7JTuws/Ah8IwC0ungmaRd8UoDNjnox9a5/Vhq9n4xhtrC1uEiGJHuFOBOD6V2nh6/0/W/D88paI3F1ulXd1TFOe/utWXT4bdlBgYYdRkrz1pyhcp7nTaH4U8vSriaW3ETyx+ZuEnzk4715X4q0yC3efKhpWBCqz5JNe26dqd0+kvaBd7l9juhZWjwO4NedfFbwes+s28sri0Z0Db26tisJU7IqMrny/wDEjR5NFLTSfaZVD/OV6A+lcLpXiG1uNWERiCsvOW+8K9V+IumSaTc3CPKJ2lJAPtXzh4/sptH18M7oDncVHcV4OKfs3z2NT6h8G+I7mx0ZBpscL7hhi/WvQvDurpPbM9zhRCw3LH3NfMvwQ+JsAhMVym2KMV6bqPxgkjsxZWUBdJRhCK9TCVU4XZi3Y9W8R3tiHt7mLTLq4jlfZkjcmfceleyfCXwjFZ2aTT20CLsyiKu0jNeD/ArUrvxBdwWeoWshUHctfQln4RF1Gk87RRGEjYjdSBXpUYKS0Ik7orfFHw1avpwxbeUV+YD+9XJSeGruS0t/tNvg7Rgnstdt4z1ezfWrGKdE4GRjrxXTaVqMs+nwbbeCOJpNqtJ3rWceWNyFucDffDFptFgjKJsCb3x614F8Ure00zVHgACeSSqsegHevqjxxqlra372vnQCeePLqvQivmP42wwazez28ZhUWh2sR1Ga8ytFctzaO584eObCyuL15FZn2tsUr0x3rI0v4cTTzC58pxZR/dz0Y163qngm2vltYzMPPjG4ZrG1KWOxhMKSSPHHwQPumvKeDjJ8xvKdkc/4f8F2XiOMRMfKdOnsa7rQdFXwrp8dpcRmSKUZVx1FcxC66fcq0GXH3lGcbTTvEXxosvCVmbjU76KyWNc7S25mx2x3rVexoLmquyMOeUnZI9M0XQbXR4kjgClLvGOMpk+3rWL42+LXhn9m2x8/Ub5Jpbls/ZR88wPsO1fMvjn9vjWJNBuLbwpbtYq8oR7potzOD3VP4frXgPirxHea1eXF/f6jJc323Mjm43MRnkbu30r5PNOMaFJOGDV33No4Z7yPVf2gP2wtT+LFze2Vnctp+ibWbyom+ZiD/E39K8X17xfYjTWIE8txn5PNfOMjqKyr65vNUtX+ymGK1XKoyLgHd79zTtC8NNpdg88rTfagzRCWT77cdB7V+d4vGVcTJ1KzuzqhGMVaJn6H4dk1BxBdXGbidSpX0Uc1tW2nRnzF3wQoQB+6GWTK4yfypZb+LQBBIcI5jSQlOp4xzUE+tf21D9ofypFt9oCgZU4Pb3rJbFGfpk8Gn2zu8Kyyyqu5M7UUg4DY9a17PSTJpYBCXERhJ2D+Bg2ahuYkt2IZ7hYwjBS8X70nrge1VJ7tre0RY5jPC8p3uDuYZXofSh7AM153ZoYoX81UZioxnJODj9KvixOowKkjkSHBcBMbQaz7W2t5oFuXjlWT5Rx1bPFXLd7e0llaWKKTagXy1GXVgeuKzA//0fzWvPEzIGtokuFC4YEcjBye/wBTUNpf3n2YwwuVZy3CKGYIH9CPUmiivLNCre6xc2PkpJIklrIRliACCD0NXdOtY5rYs6OQ0YIycA554oooAqaXavBeGYKqoAobP8JGGOfoCKa188E7ooVJMAAvgK2BuoooAs6ex0yZQuYpmRGZuqFSSQM9up5q5Z28dxtjd9xjKBlf5FUE5GD3oooGmJa6GLa2Z2jQPHGI/vNs3dcEg9OBUOqacsDNJxGNvyMCShzgn+Zoopp2NNGdt8DB4G0rxQbLxjpSSafM3lvK91PF1OcnY4+X6V9l+Df2L/gZrGl2uoaboFlfWl0VI8rVL35SOh4m96KK+syPO8BTl7LG0ISXflj/AJHLXoTSvBmxF+wV8Lv7ca6i8OQxWUB3H/iY3u8k88Zm61or8PNB8L6tHbRaTLb6Ur7I2a6lfb+bk0UV+oYBZfKKqYOEVfskvyRxXla0zu9I0rw9bXdnAlvA8U67iyzTZX6/PXfa/wDDDwzfeGYGs7S8WVlGZI5ZW5PszEUUV7kYStdmas2cjD8Nk8MILa8dJWdd8UqPJhc9m5xms6+1bX9K8YQ22nQTrEAGafarLOp7DINFFNxvsW9D2fSbjU5NKaa4OwpFvQ/LuBx6Yry7x14pv72KaK4ufMOSUTCKc9ugFFFYSi7Di0z59+KF1qFgwnuJZ5xGdrERrhfQdK8pnh0fxXrBjvrQyMRkkyMp/QiiivAxcnDV6o222PSPCHwt8PWtgkunaPE8hGGZ7qbgfTfivS/B/wAOvDdrG0z2HltCQGCXErZP4tRRXpYSUORaGMn3OzOs23hKe1u9J0+7CufLV8b1H1zmvb/AsV5r1slxqzib5QVTHlkH6DFFFerQV1eLM5WIviDpy6bbie3je3lT5gT82786xF8QeJEs7fzpdmQCD5SdPXpRRWtS6jdkpl3xN4JvPEljDJeSeY4Xe7g7Dn8MV87/ABNsbTRtauI0Lxtv5ZpGIPueaKK8ysly3ZtHc8V8W+K7mC7d4L1yFfapWNCMD6is+zm8Q6jK1y9y/wBh/wCuMY3n67aKK872U3qpP72bSaS2NLw7YN4gheH7XLbuQQdp2n8xVa8/Zf8AB95Ju13R59QkuhkzNf3AyPoJAP0oorCrhsGk5YtRa80n+ZkpybtE09P/AGJ/hnaW0MK+H90c+NmL+62j8pM5rl/ir+zz8CfgrAl3r+jLeXEx4tl1K884fgso/Wiivi81zzK6cXDCUIN9+Vf5HRGlPeTZ8p/EzXPCmrazdp4d0aLRtMSNtqrdTTNw3dndvyrk9W8R6ZZ6Y3kxytPuyokfjkdQO9FFfDVa0qjcnZeit+R0RSS0MfS9PutaWG1vroNMQQqbQNgHzDoK1DYLfTStLLEu4AEx5LJkdcfUUUUk9Bmdaax5VjidTO5XGzO0JzjPqfpVu08NRzWqzFFuP3ZfAY5Rgf8ACiih7AZ+rKbcLBatuRjgqOd3QgfhV+00sSRAb2SVyGkAU8A/WiiouwP/2QAAoQsYAAAAUGhvdG9FZGl0b3JfUmVfRWRpdF9EYXRheyJvcmlnaW5hbFBhdGgiOiJcL2RhdGFcL3NlY1wvcGhvdG9lZGl0b3JcLzBcLzNmNTRkYjYxMWU5YjI5MTNiOTNjZGU5N2I2Y2JkYTAxNzM3ODZlOWRmMTcwNmI4MDBhNjdlOTU5YmZhODk4MjhfNDc3OTUuanBnIiwicmVwcmVzZW50YXRpdmVGcmFtZUxvYyI6LTEsInN0YXJ0TW90aW9uVmlkZW8iOi0xLCJlbmRNb3Rpb25WaWRlbyI6LTEsImlzTW90aW9uVmlkZW9NdXRlIjpmYWxzZSwiaXNUcmltTW90aW9uVmlkZW8iOmZhbHNlLCJjbGlwSW5mb1ZhbHVlIjoie1wibUNlbnRlclhcIjowLjczOTQyMzA5NjE3OTk2MjIsXCJtQ2VudGVyWVwiOjAuNSxcIm1XaWR0aFwiOjAuNDU3NjkyMjk1MzEyODgxNDcsXCJtSGVpZ2h0XCI6MSxcIm1Sb3RhdGlvblwiOjAsXCJtUm90YXRlXCI6MCxcIm1IRmxpcFwiOjAsXCJtVkZsaXBcIjowLFwibVJvdGF0aW9uRWZmZWN0XCI6MCxcIm1Sb3RhdGVFZmZlY3RcIjowLFwibUhGbGlwRWZmZWN0XCI6MCxcIm1WRmxpcEVmZmVjdFwiOjAsXCJtSG96UGVyc3BlY3RpdmVcIjowLFwibVZlclBlcnNwZWN0aXZlXCI6MH0iLCJ0b25lVmFsdWUiOiJ7XCJicmlnaHRuZXNzXCI6MTAwLFwiZXhwb3N1cmVcIjoxMDAsXCJjb250cmFzdFwiOjEwMCxcInNhdHVyYXRpb25cIjoxMDAsXCJodWVcIjoxMDAsXCJ3Yk1vZGVcIjotMSxcIndiVGVtcGVyYXR1cmVcIjoxMDAsXCJ0aW50XCI6MTAwLFwic2hhZG93XCI6MTAwLFwiaGlnaGxpZ2h0XCI6MTAwLFwibGlnaHRiYWxhbmNlXCI6MTAwLFwic2hhcnBuZXNzXCI6MTAwLFwiZGVmaW5pdGlvblwiOjEwMCxcImlzQnJpZ2h0bmVzc0lQRVwiOmZhbHNlLFwiaXNFeHBvc3VyZUlQRVwiOmZhbHNlLFwiaXNDb250cmFzdElQRVwiOmZhbHNlLFwiaXNTYXR1cmF0aW9uSVBFXCI6ZmFsc2V9IiwiZWZmZWN0VmFsdWUiOiJ7XCJmaWx0ZXJJbmRpY2F0aW9uXCI6NDA5NyxcImFscGhhVmFsdWVcIjoxMDAsXCJmaWx0ZXJUeXBlXCI6MH0iLCJwb3J0cmFpdEVmZmVjdFZhbHVlIjoie1wiZWZmZWN0SWRcIjotMSxcImVmZmVjdExldmVsXCI6LTEsXCJleGlmUm90YXRpb25cIjowLFwibGlnaHRMZXZlbFwiOjAsXCJ0b3VjaFhcIjowLFwidG91Y2hZXCI6MCxcInJlZm9jdXNYXCI6LTEsXCJyZWZvY3VzWVwiOi0xLFwiZWZmZWN0SWRPcmlnaW5hbFwiOi0xLFwiZWZmZWN0TGV2ZWxPcmlnaW5hbFwiOi0xLFwibGlnaHRMZXZlbE9yaWdpbmFsXCI6LTEsXCJ0b3VjaFhPcmlnaW5hbFwiOjAsXCJ0b3VjaFlPcmlnaW5hbFwiOjAsXCJyZWZvY3VzWE9yaWdpbmFsXCI6LTEsXCJyZWZvY3VzWU9yaWdpbmFsXCI6LTEsXCJ3YXRlck1hcmtSZW1vdmVkXCI6ZmFsc2UsXCJ3YXRlck1hcmtSZW1vdmVkT3JpZ2luYWxcIjpmYWxzZX0iLCJpc0JsZW5kaW5nIjp0cnVlLCJpc05vdFJlRWRpdCI6ZmFsc2UsInNlcFZlcnNpb24iOiIxNzAwMDAiLCJuZGVWZXJzaW9uIjoxLCJyZVNpemUiOjQsImlzU2NhbGVBSSI6ZmFsc2UsInJvdGF0aW9uIjoxLCJhZGp1c3RtZW50VmFsdWUiOiJ7XCJtQ3JvcFN0YXRlXCI6MTMxMDc2fSIsImlzQXBwbHlTaGFwZUNvcnJlY3Rpb24iOmZhbHNlLCJpc05ld1JlRWRpdE9ubHkiOmZhbHNlLCJpc0RlY29SZUVkaXRPbmx5IjpmYWxzZSwiaXNBSUZpbHRlclJlRWRpdE9ubHkiOmZhbHNlfQAAoQsWAAAAT3JpZ2luYWxfUGF0aF9IYXNoX0tleTdlZTFmZDBlMjM3YjJmOTMwMjEyZTMwMjAzOTYyYTYxODkxMmQ4MTQ4MmNiZWZiNTUzNDE3MTY3NTdhM2U4YTIvNDc3OTVTRUZIawAAAAIAAAAAAKEL0AYAAGwGAAAAAKELZAAAAGQAAAAkAAAAU0VGVA==	2026-06-11 17:55:49.847965+00
16	MAICO FERNANDO DA SILVA	maicof.silva@gmail.com	$2b$10$qWzkdONWuJ6Dx7DqB6I.tu.b/HxmGp4R3XLYSLt9TkSfXbwlGH6qS	f	approved	\N	2026-06-09 13:54:43.936565+00
32	Diego	Diego@gmail.com	$2b$10$grCP1snanI6T4tDwbtnYzuKQbM1ltp0qyILQPi/3cn4fWsf9ODyBG	f	rejected	\N	2026-06-13 11:32:35.655677+00
33	Chico	chico@gmail.com	$2b$10$WTeXrRiJb5ureMQZRXeXY.Vuk3HMcP92ZBVNLrQYzIWvncXK0UmWe	f	approved	\N	2026-06-13 13:08:35.941502+00
1	Administrador	admin@bolao.com	$2b$10$3koXcvIM3KObho5oAx8M4eVUGawXpJ7f1I6RVMHYYp1XO4hXPM4fm	t	active	data:image/webp;base64,UklGRu7MAABXRUJQVlA4WAoAAAAIAAAAgwIAgwIAVlA4IL7LAAAw1QSdASqEAoQCPoE4lUWjIiEUSX2sNAgE9LclyTBwVw+Xb53j4bA9s/AH6Ac+pY/Kf8hfzWAWR7yj/sJ0HvQCo5/5njlCnVTsT7Qzd+PP/I9YLKK5qzy/du/V6sP8Z6RXpV9XHOzebR01Prkf2v1M/Ow9IvH+fr3j++3f4Pff+te9po04u+zP7B9RvvP/09cn+h4V/s3iKfqf+V/+Pq3wxnEFsJrqfC38L2DP2q//3/F9xvHJoOf4n0dP+XzpftPox/7H9xsj46W1V2KrsVXYquxVdiq7FV2KrsVXYquxVdiq7FWnzMAoWV72EFGLPKaek6pVZO7ckUAlzXeayEA5YKDUY0V5QzGbargrjjWKefch4ZVMXxYV5C83vyFtfmHi5Xh5GKqHinJqpSGn2wuRmu7/oRzTq9Y/FoxoreCVQjexd/MjjtjAVWY9K+M97jT//8S+JxZG/Z/CxFbIX6JFwb8B/NtfoKuaOfvmtL335Sha5Qc27llQx2g/AV0qWGa6aGU2+YIVoxXTrLU/lQgmatW1Mhiz+QK8H7dq0Nd2t12SOUMM1zELzusP/Ousbj4onA6DzGzScCh1mUF9Bg++V7cOB+P6+bHZitNULuW26jLM6cLhU1wz9Fd16NP+ZlGXjBgtGbh/GCDRoUMrVeC1BF3V5ytnGbp6tXpUBsY65mFLvYqpxQwhg6TxMBrDhaMGaetOFsrCg1lrIazKlJrZn78pBgLnPC8oLALPZaBDgHSX/cQB/1BF0+6//Olr1V3UQ/qbz1wFkDiNSY1J7uFGhVq96H3vAr0W3kaonIyw5mRnZN92uO2MBLefQWJn/4G9dwZ5ZzJ0En14td9Ohg7XPb0jmX0yevtMNwp0ftXxt6u/okIPp9hl0M7J4+4KD2VppGFcxu3aC5Xt0ait24PCru7IMrv+P+n+Mk93GVa3y9InS2kphH9iLEdmdnvf/5KXbGxPW83AhRBGw+RVEgdfB6TvfZJQg9MbNqslc8P2sow6+QB7Cx0HgAIXITDlwyAZ+4bgenWUpQKG6/TQ1KCbJlAAxZORamdECOlr+zMiV54KRxC3V2Eks9y1MUv1fbNKrt/7dZnB9LrLIxtvsoDd+lqOJ8uIXYDuWqd9hhzBKVCokROsaSc8B5dbb0fs1MB7qgE9i1mJeKfEdF+uRlhRb+i8lDJatYhiyq/dojvP4qGNy9fFMYzp984AfZHGj1tdZEuP+++kHc3T00pQF2m7B368ubJRAPQnPlRDv2XtilK9inyEWQ6Z/Q8e3caOZRpxER8eTR30HZDov4vO8NDH0DjjSyI6IRm7hmG6LJcmklBJx0HMbW+Jq1D5w5tLyVPuS2uEggdkLXNZ/LejugimW1tsiVxQvkzneozhL/IlCiYyjAIa62BZuJqhlQpZ+WcPLWRHKrPIkW5wB4TjpuQXf8QIowgtB+eQPNHQo3OYYIP8gLOPVOEky1EAwKZxiY7At+jP5/5QGmUYGC4FSs5lZZv05JC03eGD1sV4j9/NAIin8xR6pZ+P910AHxfY9uj72hr24mz9SZrvWq+SYhb5gjwDgd+nxMOVHEJ/Id1ZNxeRELK5EY357BN/ks1d0CF+U1LTAO3SvZC9kspw4xFTrR77PrMqp4GsrZTenS9s96On5UM8eKkRwPSWgh2dII91/p1tkXE1PKEFIrWnbcT7DGeBPofulIkgfhN55OmYiLh5kTKbEntqN7NWkV0TNrswId8Rd7wCy45qs6HdKJH80xVnOYvJQp2v9Si8Om3f/Eztu8eu5aQPf4XGT89U72BC/0wb49yPMPFLv/IT6Ahwe9AuRxDULp0YuNITUmKnpBD4LvPfnG9OsXqdYgXHBTzCxMfVev2UvP5Vy+UWw1p1hZrC/HWfvDQQ4FQlaQGOieWjTyUSjkjbsPz6MzEjMOTVfr6os0gZUBRgfc4Onc5Immauu104IKpKknfGXyibR7i9xTpEyaKO4kT8krvZAhfKPsD6AjVYy0U+SLfbobh+trmAThizqjDaaKp70JbGKML8xVDeNcI9wtikdQr1winCW3D4bvJEb2/ng2C0YdmAkbNNp43IIkqbOj5nFkHKKH6wdOvkD4GKedvSpvAyiijABP7FsLZeh9FR/5qN89bix/e1B4LyXfhKfxctZn++Ha0qJJXInkpAI6DKD4mNT1NLprJhumGYRjbSaUI5vH1xSpvAwJy4MX3zrx+PYVoIxSTnna3jA345aAenTbMxGcaD7x/RNlxcrG5YIL+d5Rj/f4zd447tkfwa7fmhorUpw/ggCYNUg1WJnDM59hYUZSSJXg6JUVKl69/o0+A4OlX5oe10sIFLPODw4G1IKzz3RwtPkP8ldGD5xGlR5VSW/8tD4pEpoIsmYUWyKAYHfw307AYobFmVMOQv+AmLnDWHC6gAQgNrf+/lc2q8ogOXrnol9PPxkHp2TMrItp0QbPMFsunu6WVENNH5liGJFd/f4jqc49M9aiRxX5K4m2jYB8tNnQyRUVGOMV3vn+8TeiHztnd/cBKxKoHxYh7q0BfJCBQY1V122ncat7ZRFNNGKc4WDmZwVv3tgIO+2dVLLtnWHp2WDgnfMPlOCQIm7bk9KjPLZJyD6qXcUCyXKTkqkL4CH5780Pm9rYBYwpZS6OlY4z7uePMK2x5RxSma5/j6iSVrkWEvSHAGr/1yd6T5q3+hszMU5paT3WQPugJ6C+YTNmL3BuBrmbVb8bbLwNp7NHr/slbpHRfmTgRPdwltwIz42q3Ts+55OnAEOhoIAn+LwKQN9nb98PC2rkFfuF7dUYVPbSj1PIvIdbHerLwrPs91/QJECTmHfUNZ2So99NaNSjhkloVCO4AlNnlWsT5taAospVy9LKYhQQv87sev/mv0wguyQILNI2p5enxWf5RKAHHBz2z1dIC5AaXyptn3RwKqOgEQxryWLbKYzQnSg+k450CPMBRlEv8/peghp+ZIbjrg0TxoWwBbQShEs3X8q9p/MsEaBgcHeIVU80yP903CAOAzrXp0HAdtj8JQRfL4Ed6jgW2O/5KRDVJtRbQeB9pXLMXr4U2CzrJZk7TPXLi9pUAyr+WBQ4BPvJXZLdYH2poLskwthr9wEm1w0XltTEvrQtE2LcYYHcm/MV9wO/lY/NXty8oLebEmIdj/thQGUABZ5ixrl2vUVzbJ5WJRTpFrDxMgHMZUU5yhUB+oR1iq4R8EcmU39r+k4djox8YXrMpq8L4SYeatjusL9ziaMd9okrrqSd7wVku9nEDtJoz2wUsochPjy3Gyh+SkKsj/v7oQtSfarLsykbUulndlR3Q3at2MWp4+zPxt+sqyFOkObd3nt0j0v83DASspleLn8eh0tHt/GLSiB7EyGz9y4m1Zw578+CoGqLJlzBJH+/EfnZ8wSAeDkyUoW1OYm5TZ+pOJw3ZTHTcB0AU3ZKu5Y/vdWBRLUJi3e1Y6xvvmHJ8Z1syKqbraaK8keUW8a4qXkcXvh5mGjDBPvmi8B6VEdQkW7XF1KDgeg7e9jFr0MHNEuQEmVjvwNpwmmYgYds4fdEoYivHIT20v1VGCkrX9o5DaaGIOK3/nHy7jpmMnamrrfyP/a4/39+w8VgcvcxzR5ZwJgMteWnCocLehR0Eo3GzQl15sgIltwdKAalWH6Af1Wjat+CMT/Txd5o03iU8hjt6GFmApOC/7MyyP/6RKPOTsK8vCF/d76aA5e2/k7qK7mU/hWwUai3l7WMB3owOnYAHN12/QzsWL/okxDt6zqYw4vt9Xn6UNwfW6+6PgyDvCglo9+1XYIVy8l3NNdnPjATTlZ7teC7plR1yiI5GmmH8Vxnobnn5v4SviF/Em8Woy2/9al3oBwdaR+bJoUQlp+tSyqav3V9KWNjNMlu/J9dTSli2+f0tbl+vefCzM9vTpALH6OJLYgDDqhjvr+BdccZJjESQhIgOOqHBR8CQH0fBfgfYwGpzpcGDA1xBtTC2kmFRUjyaX/50JrXSOa2XZtPvQpa/44zlTAiBBkC49smUXYtKNHMqyRyfhPZB58GEfK/zbXUmr6Rpo907UXU7caBSTFtbKNxsbO0yg5ra56VIy4G2VUuKqnW4enH9gTJmpUDX+hFFRWXQYW+e0KRmR7p3UbfJ6TzQ06K8v4bZ1i6nExKE8XCNX8iCgufPv/yypRJHz1kiZUcobCIXvdhrbCCAHU476Zgtl9rouiy4K4n+1K3MGyofPfqw5Bn6B9ABW2kuLL/ReKfk9QePRL5S7BYoLvPTk1poF2KWstnFq6NOlcidD2/ZYW3APNOnptL9SFK8ji4NgwFp+UjtrgrM/rbgkKfvoZ2e1a0ADERqkkAM1RnF7fq0LEKjAm6yv0lXRdA1nHKnxumohcqg8sGPSb9QMVlsCmUD2QGTU4oS30edpcW6RqTgUOc5Rj7Ko4zkrVT58gAYZGL3CuVR39VasFFV95dnc8meDOEPqfArSEBoKG36MGleyS8/mzzLhVBd435OESVpYkqpHm1+EylFEIw+DnLJVfxxHtT9hYe+vwQ5qDb7IsaNqN5HBxGUbMplk2SbncX0pv71eX4HcFyK4Ot9eS+d1N7gWlnJaR5r7vzdyl8YlN4PCoTJbRdGcJYJZO0dgSgrqNVV/73HxnG3s44xe0K+1vD6X1NIW4NMaoCZkyM9hDQ0D0nSdAtNtJ+TOcnlJ2mxduQN+L8tFk7sgsTt8D1EG9mdM+fwdvSH6w7wKo+6g1UX9sQUVdE0BVvR2bIrXyZSnzA7PCZDvWeyAw3VUoQqePbgzsBVTsoMapRuAr1SWsMsFSNKSQ/OoeUmFT5+9zmZIDlaQS6I8R8a1kL0o4EqF/f+dLnYXjnWHjVTJXpHN5vSl0oDOEW0hn0d30c/oi7tDomx6N+9+mJhi9f7LWLY/rraVGdmyj7g8Vg+5MZIGXD60V7m9DImxT5j7+MHozyOIjkYBBWygU/4xGV3ryLtJJzjHQPyQpVKs/rfD9/n37zf+kKnvhEBe2EzkgSCTVZPkonGAXwA4k063fsTqfgGaoRd4p57DmNmgH026OHDtzFeEfXJ/zAXVi66h++RAeCej17KGLjxl/t4LP/+uMm07S4oPKUGsREJuRT7I6VPePIrFCZdWxawBCHOWKdtQ1lpExXkavl/vq9bBDTXaP5YQdlifNg9nQsik0g3hkjKE7/44SRtT8rrSQ041LVv1vVPY+8HuTZj5j5nWoAvWaoF+v/cCskXywIOZ5+6fRcVuECIaIMo1zXFfw9I0RnCJBROoWSCsh10RSk0GBbBVFbaT1UDuYgtJurlrUJt+WehPPLhUqRHaqRW3tNrH2DDl4bSGlJTK/oSvz84AUJNNV/17d6NR09gU2bB4U93nCSl9EwcbgDUIg+2gvOFRO20InHQHacqiqcQ9NXWo9wF0TNUbCn8LcI1aPhX8rNU6OIeE0gBWLmu8OF+DPM0qVv3P1cl8iQaGz+9iF7FA714btv3P+qFR78ltaLoeghYIa3TPwsz7DB2aEaL9tpWUazoN1dDeG5zvETiMQEH1GlfM+zAXMiAXId0w8Oj9Nyq94yijH4kQx/iJrAidpOFVUohIibB924N/p//atSapXT/BSJOkhldwihlFKI4zTycC4SlaUMhK5z5skA33excXX+syk3wbDXnjEkkCAaQQnokjZgmaue7jfglR677dEhwxzLltpcW1jjTyV3dRl2jvvVSA/639dGVeObUP4WAc7gYFKlF6cguAQ9iyeLAESmVNrWHAnzY8YGu72jsudZNClTTlnDHF0iVQiPzSnwNPu77Qp/DT4xfxo4NXo419o5E3TYiQgrcGQmcDcmuPtRTFPA/li8Q0w10cm7tqzSQPA7iToffPKE1Gvzp8JiAPm29KM4AiRkcHaRcq6L1q5QdU+Vua2O+h0v2zarBdNpEv8Bob8g/ig1hzZyeRMROpUVdMbboa1AyxDrRa3waNWXE2jDR4tIpNQOBh5W4uQ51CuBVWkcf5vKOejyMsu77m/Mhd8yO7VOixGCmbaUo9g8A6XE0lzlPyO/txR5pn+JdEiK0hbUQiP2Te1uzXTDPSqcDY+XyHhK2p9XmSYL684TpuI0QBERMttlmEUq7+tBivDY0FHvpuUtsdNHndfVExQVirp/b0339+MGyRLgSsI7LzI6l/LH0Jfc9JMMnRuEd/1+ZSDq1TgqN9qoXyIeix7qr9YIadIAFhSIPDiIyysOPi8SlYqSaZS+YSxsjI6RjZXJw58LOo1SpuudAckFFpQHJFamTN0edJmgtqE864bnL6DVPLLC2z5vXtcjXNlSrY+anqvjmkpgNH3lQg7sWpZ5kgjGGhj7zdM9G/WP/tNH6Ld69r1DGll6JhL+tejbUmiBsDmF5NSPK4AWYKjFZYpbGpP/b7/2OggTkAVaFqIXdqgKTQyTxcdsQcQgmkj5t19sHiNcd1QqxS9OAwo8EK2Jgb5XwDZ7eZDLpp9huOVmsAypctYewoDA9SzFe+GYw5Y7dmBvaYVP9sL+xzmEfHdf8DnBVqdGn8ouB6NjNQfsXee/6ZypPXRpw2PxN4P4Y45vIyCWEs7Fw2eDKWNq/F+CBVXF9rPPBP7IbJkVPg0im/HVyS7RXX2RMHBoD+huLb9ptX5uDT6jcXpL5X+gnnYx985/jDwiD1+NZIifjCClK3WHTOQzIothXmLe4HKfvlLAob8jV03gJncDDeevnb9GNsPi2ZQcecT8W9UiUVCBr8dRvT2N32lKEy9CZHfyWm3/bjiv4g9cyDK3Cn4TXntW5XkhONdIwC4NbrCbhfV1HfM/MMOXxb3qo3Jg5XZdd9Sspa9u1Ly/5tLVxtLPsagpmEsB2rwyCDnDq3r812EkGSEt8wEureH5/nMm3ifNoUfnz7kavZ0VaqRSInfCzzElZnotGc/2VREkZlWv8xosseBnjpfzrxhEKLilsOF9+SwUU9Q23/tVVFiJpN+qKAnj/latfATtsnNggVV56loREbrghPXmXGSSKIubV5j8zGZGn4rt5qy94bm0b0QshAbepQ/dHalgBw2UiRDzD+Lr+YzYssWI6a2hU6T+F/CjfAImH+6uzYtzVqePwKgE+5/KQjBTo8AvUrQwklzTZnGoknAIGaCKKGd7i00FB1wWk41ctTZNqpqX2rNJGijSK2+ElGyqGk9wMwdWQeJ5W/81eUCwBnOSb17kg1ybWo4aH6TGfb/O7BXOzDLY1ysXDz8IAs1BZH0ya5zSEN5yg1Ij/XSMrb6YCX3H/WUvbpZkOikOsICJtCXPLq+M1bF1nIZO/E739bb9PhUNoLWASQyWew3MTPmm8/51twnnFVtIHpm6UW1afer5fzmzWn2AlM1AXVi6RivyTMfuC2aN06zd2nub/2cx10toCbvd3Uh0kBb3icEq8DXJSi2shP5XUZtBQZmCgs2wQHhQA+ZGaZoE/ogjgpTPWdcHmYfakUOTE1ilM0Znlshb++q4MRpRxbjjrIiVwd/sH1LsSkTSC3Q1wx9NYvqpZ3hND3cmJcU2CaPonFBZIhdRKRL7a112KllaEe0jDJMTiBP7Proqqg4D0ht+YTffbr6BAn9IUAM+OnUixZo0fJiz7WCWoJvmtI5E1Vzp/lOpW52GaPkH2tPP5WF9oEgJQmdjpc0Kp76n0f0ZLpyd4z3DHe8qojoUrErnDLAsvYyfnMhKYSwIf6JuqEUg4cL0LZ7uuuMKXEFuofF6+9Ykmx2mZm33XKgoiq35VyaaS/CK1A4lkVYgTJcdqbTdFbgVc56pFmvypHHw47cS2kdtuKEB6N82rj+Ybzq1lC096AJ74G8QtkpCjf4mSDn2u6ywvfvTuut/fLkUDGZ0/P2OZkX4xGs87+Pk+Ch746RaSMHCJX3FUQjdbdv1vHml/3/SCcEqsvQGTxoRuXQ/xlKAlpQKo4DUEwcGMEu4hoayxedJvxnf4QlXkKFGPWQ1z/KZ6iSiBi10dqz6Q2lw0JvpgxqMTorXFcRMWFSVvL3sSZZi7ux+Fknwd2Tk4N5vsGu/m/1QG38J4mBoGz85/mUb+PusbETq8nibsGsMo2Q/kLYtl1dDfqb53yryGuGEJacX4Xk1mA8NgUzWXc1O37FZeMV4gkDBxTBpOLMeF3puP6hbXJrra21r00y7AUgb+hAUBEf5nPxJoe45Q5eP4KQ1RHZsRv3fO4nKhraLM58k6ze0C4y4G8nUXBsDbF8NwlyLWfdTKfBxt/YUtUrXbe88teakwFTs+fX8YEEgaqdkfi4JY3hqlnM89HPXlO3AoIhBb4B3J79q8oj0OstxehMY/KiND9E94bPA/cDE6sJj4oP1le6ZWc9G2D92f33QAr8PNRSvrhyw/j3nG6ESrkjrZZjh8CP+1lo3lKf5SAb/6SQV9JTtE8go2Fzr86QSWt98YBdidoNt1JwEL4OYk/cch9ODeMOSETfixvQZMtX9xggs4Eo52OREnt4aNzdifhZ7mj/IY/tQ1ACoPaB1KvyPNjCdEhdsT1of6cQ39fy0mUYtz2xeADnMIoYUohU8U0Yumdusa+nf+3b9Ov3fmUus722XIf7g1kvuDFk2vHqoG0jKT5cy7MAgMhC++tJpIw4aYP7RSOKHn41VU1Jd+9QQ6l3H6NoXzVo9vRwF7TOmAqeri9kcYPhM2n/wMzR/w83bdJIKbPG/d/N60/2s1RSV2fP8BtfCGJ+Ry/5t+t4abUzmCS5DZsw++Yp4bk6rIfRMjuwa7PtYYK1xXFYmqgp4/34Otb1dH+8Ns0qj8ivHC9u3A7gXhOXBEjKjnGoM475QwZXMYN+J7UVnYr1oqR11iZJg8blnxJFUCiSFdLqbYYUYn1vZTm0AakH47gDu7zS9kYL/gJi6CwooiG/o4YzuDYtYeMCl7Q/fka8lyZT9ith/clzcTdk7NEhB3ACNL5mvbeoPcdZGKl+i6vBmeZZ/dBMJAcDv3rnFeWD3gPF9CSdS2G9uW3d/rAV/s3ZIxImmru+aPpj7xL2trmnSPiZdi2LK+qFL1PNj8v0VsTO1j8SHNLI+mdV95eujHkhWGOLRtkPD37DVFRXfxdrq39L/+1b8MGtgqS4FJOVdcB3Os+U7J+4zcU9xXhkBEjZ8BaCX4djdh95rZTlt+SIPyFxhmq0U/YlYFuv6Oue+N/Luy1udPJntQN/xcuBdt2DtADkmkHi4VxguRwkWntyhCyFCzU+3AvoHth5Hj7tyBv6CFdHTw863Mn7+vj4RUXjQN1x8Gy2W+9YjQXdDzSsMXnN+/aUEVemDhvYuK8Q5kTNS2jlH10rqNHm0HQtR5J2mlHEWCaCB/OPH+J6Cpok8lkvM19nUcoPEW4F75HDrkQbE8vm4IhYbK0NeLpGkEG7C20cy+nRzT/wqnI9BLLV3mBa8KUo++trd0bpDvvs3HcUmSKEcuxbCR7+57E0Gq7A8DEu+ofNxvIb/Na9UWtCTheFT9TDfjsIX3RuS/+pj58zixHzItONufGNZyuLDY//xHm1I0PKckHPb3N7H7ra4g1j63nXNzVAvBeoutNE8LrEwwfw+IuqNb+yMe9LVc3kcY+QZr3bmJqA2yzhY2483jgTJhtEQXeF67QYk/RvqQtqg8RTYJe2biZ9oPYw0tqvIOKgkNUTt9QrurtN+f/SPwlAPIt8UK5vNPHNZDHPrFSMLjzNM5L0kjTubNLNwwQDYIzIA2vx6eEGhiTQtK5bBpvOu4MJShvskv7KkLY6OVb0LG2CZaB1s29O6FPDtteC5BjMtRzPTnan48n1YNRNJDXh7X/MUw8UCfdxUvbwKmpKk+P/umsf42qYIkB/wiKIa6W8pBo6zmb63DbvYts6xyO/GQRiwkqZfAYl+r7CquCL4qmJHhAofcbJzz2rzL4IMog8sSKqBSFv9kIMEoJA6dxcXAIv9MpcQHsaa4YbLxq4qnqXUhqUCACq2y1wgSKDpKda8fSpIiahv5dncBN1QehXoUZiZlH93u3zrXPhUEFTkqRtrLSAgVJnJ7sCyOht65+/uoogCf/0wml5fbo6gtfvJ+P2AqN6s5A0FyzY9kvUwkwlvbHFb/za2IfMw80N2iQ+w/c5nrlA6V2NZyr21Rj+n5Ko4ADJ0G2pUrbZhPqsWBbZ7WST3Nih5CYKN/xzOi8GO0zzcceEgb+gu3CrsnUfqboTSJ6iMcZKvtPVcG/yf5Ak5Nb5QVG/bU+TrHouae1oS+HvIzNUE0U0o2hKGpiVNjjgjA+A7eq09eLnP/xHF0tCX+VpVvxZ3eHkxKNK6MJE6LUXjypewAzC+DfayzCClxm8UrIjtxa/NHFs+7kNSmL0D1GPr/zbvaA71ZorVEUcXQuElVP7V+GB1nXsn1AifkGAQRE4gCWnfShFsYVAKtKo0/V2wBL2xkBEW5JfVHPnrwCSwgO5lAEMxbQRNinp2JPdTNh7X9P4WfQgnPrvQ4mwO8eVT0JHwO7JiPEYSxvlh9vquvnNvk3i1CmT3JJYw4ylyiIqsDJt7fwLN4L+sBPfxr/34Dks89jAXzx584RblGhhM0Wqxmfwl6fjNY1ooLaxG31vO13np2VScdS+7gRBwlArUiTSdcAJJQP/JRkw2dxYgji7xZtYG0xfe4I3Z+2kBPl9tmG7tN+fSdawsBAPf7bQzbA9s3QHJm2Yrq92dNgt6I4ZTdqF9t7+uxACrLTE2iLXbrqk7cKKGspzKL4GYn77V9sO6VIRXZ5vbpnt9lYPOxB+ka1vGnnQPNnPR2aTu6diRAgZhgL64WqrPckwNGs/9/tdB+FSczGpXN++IR+GflJdEXEw31IlD1fBbZV2g1lk1rfYV8sqlxybLPL4CzRPImRxjm+/qNpRO47J0rnp4T2cl2+m4X+BMOQG2DakQfHGvttaAo6B3RjyPxxofDiZHETP8dXFtjV/C71SiDFOyLQy+E1K3JtKcdt4I6RvUrHHajM/FomQs3gkzE4y3J9+DcZPq0DqJNw+v/VrUYbklI0N0kWPFfFwSdqy/luSal5j1DnVZM/qT8BFx7XCKHFUhsVXaLkyezFMD6o5sdfymU7pZtjWv5d6TKAIZL1Y9dLKwrAt2WYWhXAAbEXvMhMfZNQVymqrXmsbta/so8WGZ4S49/0phcr703rXQ7p7FJ42r7qb2z2FtLKDKqbJcdewmA10RzXqQOjEI2mLk+S8nQp7s4GKHHyprQ+5h9vvclPWggUYCRRkcpO1l6YCva1Z1XpUpfuSbN50GvfiW643pvvlf9Qu9i+Qjey/96FiM+orFwtV6iYz3vc29m+xmUAQmC5DAC7qUD57EK3nnN41ECM6mvVKpzu3UY63PMc4/imI/6MKzE0UBxSKyfj+/n/5Oy6LzDupQVO/rxSaakrvEETiWProFPoKDMsSNIMI8E5Y+c2Mpnb0A5//CP3RE2V4OAt3OfnE7OYFvNPVhz1fpke0DJ2cwRfPqv8+C0Ke+RDtSqWngn1tSK/nvvu1/wLj1l+sKDXL6LfFCnr4C7EYNJGD2zJD2dDt/fGvRZBGu3mWJFzzpyS9BWZAz5QpQxllYrMMeX7V06p4PvO8/uShGnQivSk8XSYbXLBYTeaUvHeO3P7kfjcjQzutaPDjC21q6+1dGnwSKaJUlzFPO1mm31P7Fh6uJhGtVX1F4G0mFsyRQheAFlZumxmS2ALedMHOj2MYzbp/ZQ4NNjrwS2XjzYOyXqaWzr+/GtZDt30Sl6zPUmPH5vc7lO7mn/DOFtaE17qEPovTTnZvhQoi82jjbcXbXwC402XPXx7riKb8kK4uuJaj0edx3a8aO+OGbjlM7a4Z3rR8yge7HtFdgTXNWeSLABdhd8BMSqmjfRu4vs1vSLr7qWYaag9kY/M6Gu4bBxWax9PrssH8oujHyqfm+ILdjXaOwLKxsH0aKNY0b2+nOtuq9H/yJJzBzuhquInjGAQr1m+4DhcUDEDBjvVHMxIwF0lebA0TDAl63ab7fQa6PXHb+SjV3r5irpxdr0wix06n3/O+LvnfT6OR9AJvofL1d3NJZZduA8dJMiv1JfVIgWzMzQ6rkhX6pO+YaDOf8S5UulIblN/qHiOCkraYZ+FUcJ7mLpBKatpEWtimutoUrnprGK+qaeeEiLYDy/T7/37rSwPtjlWfScW11vyMI6hhDHnju/PaZ9w+nXwt3WwzkFEz9++ob8Z4KoHxygq2z8GgJxXSPE7T5mAS2NX2XszZh+uuYhsFDYIm36oGiKSrakT75le6LWxTMvQC5P2Nxvj//uPtCm/JZuOILR118+zCepb8HoLPZ5vdUwHAqHs/dX93c4lDvMIS2cWL77R90If5lrN63qpEe4jV0wrcGSoJ5QG1AtxI0IBMu+h8OZ9sjvqCH1stpnPd84LAMtpbvRq9+1FzNMt56nMfFbym3LsgJnXOrwXtUAji9uQJhF1k1N3bB9PUwubv5gI/SLOdHmt7M38bTbND/x7v+cYItQKf7US2u4Gl6Zv/AXaoctf4gChp5F8IvkALYN3JqH2o8IftqimAOnsZPs5oEocqXqLzhikUpoUpadq+PLo0sWSKN1owtlu/SFCQLx7/HRe7rCvZHGBPbIzUZoVVBkiID9icYjsz9+Vt7/MTG5mO3miWJdeTOyRtQCH5BjmTLX4/W1VJlblGNzozypZ5S9FTcSRK1TNbKRE3Rvaav4H2drZiIAZ+vTjJfhivdF0zMQdwSd2iw/4ud5ThhuMHfS18Df7CFH3DKDmm+tJHzKX3OWRAMi1nC4DtG7unrJMUMZm3CdBJj2DNoFSWtHQC6MlspVd023C/FnvqvJvYwY0Cqel7VOpNtWI8GHdUNzMzGzFRMpGtA4Adc0EPMMXpzumiO85t2ujkDgQKvnev2qIuW3XSF/VbsAT2fk5P/zatJCrmJZrK+Jbxj4C7+/iRo+wEng4W5wAISOO2MBR1aRoeFcPrnMzo8yfesjsnuIFXQyxtSVwTvByHNGaArAyp2Qr8cKBFbcYuloOfQkluMWTWERuUrAKXzt+8GoBHXTzejVtoPMrhZ2bWg4pbSLY5P7b6mYe/Uny78JrsHsyqj/Kij5b/gvyJi3SMkK5V1//MDXJWs65eete6QcQ9Ct7oPi7fRz/Z8/yUtthTB9R//ndwoV6cQ/hZQwyOO2MBVZoN5+90WDp8LWpOxx9jj7HH2OPscfY4+xx9jj7HH2OPsAVWZQEys47YwFVmUBMrOO2MBVZlATKzjtjAVWZQEys47YwFVmUBMrOO2MBKAAA/v8U81PRqejU9Gp6NT0ano1PRqejU9Gp6NT0ano1PRqejU9Gp6NT0ano1PRqejU9Gp6NT0ano1PRqejU9Gp6NT0ano1PRqejU9Gp6NT0ano1PRqejU9Gp5Ada2B9Ng259Nd409YCHavLFwYsoy7WJq/vddHd1QaiBfHWZOcSfHcc55KS7UGiL7LellptogkSDPTslqZR+q9kY/i1ZLsEkJtjexYV4gpUxUIi1R9jZ25gJH3Dr7ZzfZgv5X/Rl9Wj2yJtULkXCL352rksSiPjcqAKEM1BVEf8MTcrSQdEAzCDp5ae/+q2vhPom6ReIgS8bQIoz8nTnZ2Vo8FtrrMTaAn+bV2xBw/M0snUQW73PxA21eQHTPS121f0B/fiFP68o+KqLBnU4uWw5pu9p2RtChs8x1c5pi5rhrjFUtb5AGeqDUD1/aWrULu7dL6ts7perGi3Lzw2DqU8TxBC7VPKHGuaWFRB5FGTecx5JWx0k+pD/RjOWwe1KPcHwKiN8tsxkXsgvam3z3fmp1odC+gLM5ClcnGyZVxkdcT0bq3FrgfjYOacdv7gSduzr3qZLaU8VXAi8sihfSBfDLVPrcwX/Mk+SYX6J2NdrnO7i31esrfMDhm/kS38Q/m+vHaJ/0MPga4UPEY6trhRhxIoWaZtSXze5xoX+0t9eiSRlu56ZFWXpbdP9xhaW4nXohEmDooyP4P52kTTbFTgeKYSVswt2fsq+jD7XqoVlh0TNiqAc8hjfLtzSqFAO4YLD/8Wtjjw776gfQl82VxZlPpXt/Ec+CZutW7x6E7+euLSaEvT2SKtXuPmaRc6o5t/nUspfAF8tQs56QNVwPUh5yYODDWpQ2r7MGmronrUhdA4KpGix2pO9deEUEhm9uvMCfbh2BzKrhzMdTlWnb4k9lFfcnCZDMk86KMqT5HwV0cZYX9lESuwnd+pttuGdpaPZch/Q09xSB1x/blQ2yDwvz2x4pvSeGZ9wwaywJ4Xh3Sg6jRCVD8aDVbqFzVYGZo/sSFrjVvSSQKaegf4k0JiDCspJUSUQ8/4o/eKLnPwVFHcLkykWpK25WZ9FV/njsPjdCejIvDJQKENuKCPJIlLkmM7lGsylh/+tPa6DqnKESOqfL0xi7patRGUb90aFodnQV8FJkAHeQGklQRqnZzJaiCgABLfLgVfQlS7fWyX36N39ZiXceSPOmMmR+SVsCVfJc88JEPlYMQELPAI2noyVF+unx6g2vDTBOEByONHmEEylp9vRHqKuY5x7KsJmrOtOf4hY+/zYfr/qbmsOMnDbeg5NKrSUdpOZZgjscxTR9DoabGpiQpXeGx9lGXWb2YqLjxSqxIj3TgeDkGqzh6OHbtagD407Qj5n/MRWylsCpZ+ehtwu7GXe481lmdL7xNjOBmTunETyccQ0l/LC6prUSoCaG3ky/nOYIxJES0gaf8otCb32la+v3JLGiNpRtsm3J2u9UdUctizC2T0ejriTXcJaVfqVU/7X7Nvpe+ocVnatTgZfaPWIl3hvlU09mzhRMoMn3nRvA+AplNw6Bah2resL2oXvt/bPiqwbJeg3dEYCCkSau9F/hBqqk4DpenNstVhLY46KF+2K/tljxQqAnp1XDODa5N0BbObxxGfJLIRASvucXbGioycp2j9YVpEkFL/CpbZPfDKI8+8tcZxhBLVf7MD8PROT9zXK812A8vYdF18EKebOn7jBSZuIpr8Vaz7MDSDVOv6toY4QDJh+TuQyZpbD6/o51Z2dGkuesG08n1VU/mC83WrVjSt+dKqXDjtXejLRt0r0UGbdUzkI/xGD+LbHyryBotejkeazuZzfBaZGEsaLjOmf1uRB+tyPLMXZa11LpuCTglcF9wb/3E0MYs4jZPwFmBLFK6Uajolu9AG/mJyp8HcPJfVy3HMFXdrSGAt+xPOP5rrrCPiOPfzepT+uYngDHK4X0qGstQEPAVgmpzC6nkXv6ZTbV5VoWKMjAyJq9ZFoQFbh/Y7XYoPzmouxKJbLThsKVgaOZ+5IfLAee0SYJI5CYNFpp8EwOGgmsSUu9XNkeMiLUHKk+2jOfASICggWQZ4+bXG3sfwd8o41JKfJH9v52ZmsOWi8Li0I2H5/poL8VUKIKLWuLNoK5XFKViAL0Gc9eu//rklRIF58hT4AdT8nvCZp7O3+iCSzPuijhzTwOKrAXviO68xojEX00X1K/CWf7CpTMECIqKT/okFYhvDEXihfB1LoIXCuZFbaDBEai34kGUCEZQwsbfmmGUJKA1Mx61dKt/gdOF6dRCkh/rWv8QmuNpKCmQiNYaXhia0ZeuMfxT8lUilVlMVlsSE8GDZPsIJYpNFOT4i+3ufR1LlWw+TgJgcKD3ewqETd93r7LMBkMj5KuGQBF9rsqdL5HGmdt5iZZ665ByvhNGyVI9FqEKR3dj4VqN/bd8pUIWDzcGJkuuRRAPU1N8TnD5gGd97ykqCPAWuzc7ZBSu71+vdpV/G8bcZoZCn4qbbcoxt9jT0eTYhJscW+rSIw+oapy9Z579Zb4bQ3tHGprXOcWWKF8SuZuo05N1jKzHt6GPS5HI++i3RvvvUpYPPRMZu/zqP3I3+JDttSrGcDKTTFOGTVXbHd3aDpqXBeJG5F71T1FEGXCNJd65ruOdJVA+L7YngJxnZlj2g8O1gXmGSrE1xLP8BS4TIpLxVbZZDqeUyhuDwr1/x3MfvpCFa2GtTmOX4pi7+8s10AYRN1gRtsAV0/cDPqQP5z5EI2Flc8hWQQoyAI5wy01b2fa5ov3RMj5E2V2qLO+NKBCX6+jQqLfS7NYCVpEvBP0Uo2Yu6J0H4b2nAktbRZ7zGmRNuJZ5yCpG30+GAxDhKX2un9vR+Baw+x13IVNtpJBVq9JV356xfFkP4WehPNFn//JjmMiTGkn1x3NB2u32hXZxOG1Uc3chE5Bv5m9WY9njf8SbRuUYRBhWdOL2q84ZeSLx5hpyUhl2WeZ8VfMhuZ1qRNAW5NUzqBER+FYQjuXxJlT4Wmpm/3pzFBIbbnxTG6wIUWtEnpMVxeDIxBxhATD9BDHWHk1TAh/7XEzBafqNvUcfq/fnp1w7RFPRLChHznCbvbfR7DhoxHPZwAzu6odbITBnop7tSwl0ezNQktqL2sv6RO/uQjefYFfMUDmTN8gn9F3NjOUobYI0Y1IBLbBWisW/DSoqeuNTwgFQJvkw9/uVYyuiH0Mogo0DEU+xNdpTPQcE7JEAg+n6ZLmuGMobuomsOo/WyAbUkr+NG/EU7RNhdu3TLnZ1BsG6DdJcw8Ud7L2e49399dRXFVxqkXdwo/MWPddl+VJOldYLjeDA62swMn04twRH6UQR+f4yyturPCp2na1bmu85ANkLzfEvlKfhCcGiYnjcvrRGgAqaPxhp/Eqk9Zn4oPs6ryDjwjON3gcOWLaM4PztB/IW+t27MOHSO3F4Fst5+t6eaWOEfwDEIjcU58OvBc5iAZfZDz8dimwa6iV30so4l3u4TGwJRVBcO7PjoK2SzRddHvdibTzXs7v31o2uCXeqEMjchgiuQKghDFgBxzqdprG6XEEZaH2mbqfEzUQPNtzGD8Nj5AtZuemsUqXx7NoJor7SjvDZ/yrbEfaYI+bLSbSIq1hMULfjzlu7yyqtmwbdlSz+Ka5txw+0TH9g20U9LpGYQIO2bJAc9sAb3h4LbhiZFLQlB52piuMCtsToFN9F8rm+nFeEuA0SalgzzARHKb9yJP4WWAycTNRT2ZBpX0dO3S8t4j+uZLos/uijUbNnuWoi+Bx7w6GEb3/WGdDHVWjWiLWrF2BB/KQcTr5NRrkX3+TJVIUUBARw85ubU5Tl5AGvrZi8PLEmejbsC6/qBfoYp5ZL0LtxySon7kcOIUicZqvEGXGO9i9+nYN3G94gUgYvJ1l6UjixPQbos78qQY2R6BGMEEo/PTLnjbzc2aq1dGMIulRY1xN4Gc8fzbKeel/93xgWZSv6TkkGVzrDwi091sgi3xE4QW/8SiouLUgBA0QsxUKSKWzayKeiAYsO6vMQR+Kn6LUUKut/e31qeii/jWuKqq22vy5JpLVyvFexBw6XKMj0JYOdbHuFrWKoaBzS1TtXVuGK1NOgCMSO/c4Lgjz7gSsF/6enYp6NrN0MRVEg8tZ41OSGZ7w3jfE8mCr4H9ftqtuqlj8Ydv+GMf8uajLc+9tpz6tLWPPQCOaDvejZiMfz2K/M8q+vODQz+/4k2ZuNlZZ/VBWu29EIRi3Xt9zpyYAf6nRZr4VOQ6PYcOE1JE8e2oUIYoJptjGvjOyh75/jJdjyeHwnbLyMxK+eHDLFBjPMLcrxb5zhiYu8tcfU47kWwiK9YE6GtYEigKcYqBwe1oyHfY4bXObK7NX+Ithwcv18TaixS0GatssVJrlyN4cVc5KhE6NIETJ1vm1WaDupzhXTT3oUCgcoxwZTv1o2IhzGnTVWCt9Gfe7UuqJctrHKcD0werm/5nbemBMe5qTJOcKM6dEx72rK6e4DSqnx6a04hK6PliclFhuxZL5pkdJ/vxCEOz90cVR/ctsScdCKHjDZJq0ZBeWC5ia3Afb9ZhWFYIrif8GNo/SvCRVP30Jy0zSLaVcngwnDrboc2+YAZ8+V2ZyVMt2unhGFFGCgzHrY8UL9j/RYdzkMumgU74cGr0bOybuyEpxutxGi//zoMICIW8dXvnRXnIwdYnJgEvBrRSPf/zvHb87+rrH/y8bRyhZIjhs/PsSJEs6r0SQTgo8Ua3Rz4BulKA9pdPK1F7qx04OjB/JQm1gI6MzYtCKpsrWMxDXMXgKnhPwAEgEMovHt+UL7jlMIOlhDSGK8HNfsmTJLQbpitthFbMy9CHAcF017wOOhQgIFL987c3Y50zzU5nWCoVQe4Z+7tzCbqGcftnr4nunvwjp1xVawIoliImaePw3yVCdiaegDpysFI3UahJ+xabszBOacEMn2JPb8gGM+GgknR7c3s3epNkr9e4QVQfESDUU2tPdfBYEkkALTY8nMyJW3boxOJUrRmdZmSSTlXkJl6LYMZFBcyQAd9H89f03rySljTWjKYIo5qeBX7EGzqjgtWkWNolUQEYvKu7l3moT9cXIpl0asRvIiiYPx0zqAVfQ5k2nDIcZfjHyHyurqRkPt8/eCATqAmJSGvyxQB7i4oLfoZ9njyUG2MgQNt/xfa78+vBp0CFTgtf809Qh+M+inSclZ6OEXOKi3mo3fZtzNrxQVLIOmfeNF38/ox60Bb/DtXFHlAncekGdiJA+MkPiSyEXUqr8Jtg9I5EEwPyrkh270a/mYmTl2da/e4iUlsix9HXaCD3Z5K7S79zCf2bpUDSplVMI0Qp8DgpFQW86NDjPRTagH+tdmUEsDnigRlxEMvYS1ZRX2qAbOgFfAKjMrKTim+qTjLORPN2mZqPyRZ8QHrJGyg7dZHlEL+DdX5DU93IrOxponPT0ykjdjFZ+xqVyX9QOKixv0cWonKIaF1tiTFwJKAqyQ79LtvKMyv1mGR2IpbLnZEYqVDvH08mbznpuhd5dt7TMNZTGaeJz/dhwmJFQIJqu8j8C9kRB9EFPSU629saglupGGK3dHoD34SdzbzHOm4CalRuZxUP717IaOtOb6SsyHi8kV6e44LnSzJJw7kYF0Mno/o6ccWhst4fTbYXh5r3QpYTnETRzhxc7lxpkVSU+u5iI0YfmhVtDBzbF5cvXxgysYT05cY09N1M3kCiuo1w8kQR05HoHagLLiXFVc+cc/vW3UA/LKAcq/wCezcR1mp3QE3/KACDmJ5lSbDfATtDNwruJ4JLQWonXtGzmgduVbeeLIN8mh7SE6VxGtiSn01FZ+hcp+ubaeHcaKOytD0H03jBTayfPDCLhogDT2M0TXilvODuX5UD0BaljcMkSuZ+4BxzFdn0Ap1PoUAFZfaz6rJdC05kszJCaXDn6Ujv88vR/cUh2C1RY3VJR3hVLajS/hPeymKK9SR8cbJccd+FfVEjszRFLpSNhtTzJx3DVnfGKQkZVHNTVwO1BaM9bMcVM4VCpASZydKYBMh9/5ezZEh3AjfFFFXdIsYRhH7Q5Do/jYuhqN760Ofqn/OeiZQliWy1iSQBZ+PbxZXZeG7getH3r00/E7HI5Qsl1RVPCKA4GG8M0p8ciscKOINPCaoe9u3nuJxFUFz5sSoZY/WHcxALh5jSzM4IIp+U5xDrhIMh3EE8dZSPfjVba0h5yjm8e0khgP9nXqf9t3kfi2b/HeR8tiIuyxMSiDrqlKB8ymQZJNShGODygmmcePQ/3+GPdGDEM6gAhmP+xR4QQnyDKSGJKb1xu+lmP7d1fKN1mHMrmCTyv3+Tfq9NvEozzyjqP2ilNhZH7nngeJIs82pftZGzdLSVLa1SJjmKTte80UM02EsqZXYxqwAQPMbDrNc6WWHJpmLrm2+AE0Ic/BhSvjkbAa3vx3cOYtWxOp73NHKZfOEj89R/sT7P1YCvSmlpZ4qkJOmwpWRrV3dKLFR5F7/VgcBSommtYNPCaeWlaM9Z3HZaq9r+u3NvMEqHF7Qw4xU4AFjc3krA34200dtTOinULhaybKNUfI63xYkh9VrOCO8lo5t2F7JJ2nN1crCO8eN4XiwmITRLI48IKDJlfWislJJpXkmzVpHtaPoqMv5S55zXoc276aJkB0jwUHbRJ4WFCqVZPp+OQ0ObS2/3PXYg81IYIdbq/KDZlsA5KL8ZtVChjmCqyd4yHF2TYBwtkTMt84VmHzZFPsZGVU/g+Q/eT66OSZB1N66XAAqroEFGka6h9kShY4xo4vSnBctDk8qSQyRR262fcXNhlPAaVlJBSUtLqOWGfTL+mlAvzjf6IojqEit2t0tt5+J9Hlh+IAhpoU+6MRbls7Zr4lA2tjcpRs6ESvDOVbQSZSCkCPgQltlZOQGqfjFntIroNZw+Jxp7DdTql1AZZh57TwBZjNoTq+Oh6qsfbES2hgv2YNRJBE2k7pk3r59wisGnzH+9skqgrYEonfYc+3LBaVGmhm+YH/lSDkV+J+b+4Vo+9CHWNt6FlQ5KvZOT4xhbgWZ99JHw97eR9xCd+ttGPMWls+/eIMzpM8HTdmHrTTVnbxmtHYkMbVQs4F+H0dgOKqGYh3gWRebx4QFbCanyNacjD2q5IszR3S1vPfD3FKwQiGoVqK119sLmx77g8IacOSFtHgMNdQnXRmjypuS8C9cagHXXsE9DlDfaAnDX4cZAUg1qAvoU0tfaj///S7J5hnVwkW8a/7RKGJRrHMWqivhaD4srogdha68CTtE/WTkvOblWSZ5rgztkuVDWjMu8yaP+YxOlg+ED5ng7aBxIbwj7NrAM3/vqjRhLfewdVtk1mVmw3N43Tq0vYPrgB/NveRfO+cto7MWGHikOCjRUl1cMLS0hHAd76d67x2Huabt5AsJ48EZNhIAjBXIAEI19NYxZQba8g0+3gHvyNbi/3xNoyTleCU+DFAE2I1zsXpRf90lEnf4cUcttSrr2H1grIH0cKV/ww0R7TrqdzSHNB8ALFL8K73mtEBlBCWJxQoKlyR4UB5ela2LM2VNMwkCE9hJJCgDeVjcbLZHnn70IX9epE12AAUW0cEmH8fb/aEfT6g8glqrlwdE7oNnK1r7BQGPjV3H+rBbdL7IEdJy4iQNCqEKBuV8AuG2CX311r03aohXvh9uLYs4+QTiL18visnv+PMxNYxFO6HtUexeYkXmIxj3u3kkYp/lal2tYjtY/bwhb5yDLrIn6+drEZliEJzbt/jCnfypoulBvpRle8LZ7hsOl/RTNXzRbQLpj6q+TQU5m3qEicyoVpSwg36pPfeI0OnKaKDELD3kgHVirwEijH0iYwf4PftRfTjwpxzmxxeS+uASecINYi0q6V3eD4iSI7mxpumrnWeGK9SBKEdmDZqNg7nog94nIdt0f8AxBvnuFg4HEwYNFaAEsdaTyFN/BZ0idCcdiGsuxVK8r4uGVLQeOZqRb2UE5rSRQeO85Gp59gUvhD6KJIaWjSEbLtgJFbI9lctG3MFCBr7cgzO7bh64tJr75vwSz0nxZ7G3sgoQSJwHgfCMvoiZyqlTMHQfJtPDVz2Od9JTJINi5IzC4KxZevOXxCrlFsOHWv2tASACbrQEuLtnRLGo8XCMUU5Zei1BjWrcRK1eU05KPyeZXyd445l1t7cCLMOXOeALj/jAkMJjbUPExNZTO9x5cu2cDEfJKnd5IciSfVWufsD4qWThlxJc8G7iiXTdufTEhfaGpB875NJsEwnrTMZPZBe0zREF+L7PakXN7TuGPkICVrqEm0K4LnbgvfKnbTf7hB1hVHjA6/gae2nyOydJEPXqGIg+UCMOF4azmYMAD4/06q+6YlclXSFdvXBlO0Hg+phqxbcG9pFHu4W/SH7jwL26sJKrsD6zN3BjNsKASZUXQHQq3sFJs8Vxjz1Ta0U8S0fEBzXiglRIVyG1zDl/M0dwJStOLbxKKAPvitYI5pXAWwxBsjqFTj5maPYRs4+7AB0SRb3VN/89sIpi2mdW/kL3okYlr+R/6vcdDveCmO9IdJ2I/LhXaY3GrinVU8rV0ZvLR1TD1JqWJTS/IM5T8yNqoWr7X2ljKBA8RPnn8e7Oe4XggJJM2Jz3fYsyPfewMq/MVuMwln7O3wKBEaZg9vnd1ueR4EOcu3arx8XLFiRYWx6s1iOMYoZYsu6j7eXZ+fXrTuvVooJP8niuLJP4+mxPI5DdV5S6yI2Iht/MGdpCDe5z6gbBtSD1u6NROB3DNltvgminJgWqNgFFPGHKDHNrC8CNFlQLngqW+J8w0jT8SP4nCKdwUCLBiblZ6zPK3l2+wZ0ML09WNBjiT/d0ZIGNPg/wWMyZGq8OsR7aoNsCEQQrM31NtYGg+BBKYJ8JYxSm9uycWQVjFa8KSYLGPNYhxJsKWpVgEf7Vl0EPm45WZDDQEMzpUzPTGxdRwV1Gf0cy34BvnuWTh3ailhdIvzeZEN5sY3CRmD1A05D0vj5KTI5bRiF3A0DCIGoHbkZI1ETBKIsUfOJEqR832lVjXjGPEQJQSnQEaENAiBZttcjNvOhsEYcSceNZic8E2VXkBYXluMkEXHYohxKr3ZvypuQ0PJ1UprYZkuuPigqkb6Kdkiot4yJTZR4A/l3jDw6ZKo4mOQnDes9eAhh71mEmCfO/PUzEZpRgiCt4OWceMY9hzUmqr1gbhwTq4QntlDu+DgBFij/n+s/MRIldCA8WxwQLYa1/5XUB+271tfVpRQ5b5NPjIjAC3awTSFAJgrbO8u0biGicE0lQhsIdj1WjgeN8/EhaDQ9An77RNk1W9lpzp3bLnyCM7NPm2p4q5mNlebefa9FV87sjn3tZwrOH+Qod9uvit8teFDILPcIjFVNk+E9CuFJXt+TDEaLiEHgH5l5RxSRPSpJPQreVrFKN9lSi8Ct6iJJ/jB+swIb88/9Nd0nC5Omjp67bl2W+Iok0FteBdrqB17O3TTVEVKFu0bQKvTxlZNVoidgWnbsaLWX/FxdCBLulvb3y76+GFBKC7ImieSXzMzo+pGTUVnxVoa69DICAwwxQmpfSjZq/CEHKBXBsFYBMsKqqXTatWOMhv106Xgp29RFeYF4Ga2R46DlPPpLxzN3QUGv2AK2aGT0RDfpswfCpvsjICfp9KGcrtgiZlAdSUhBy8roV2wFmFomLDv5QackEN1eoweIOcbEZ+f0V1yxzYwvNgwm9bGLtUHkb5KBjed05ihAW6ak+KcARw1kEd9wjuseW35ZlkXVjIWucdSD4toHv9IwKwI0O9cp001sMLfy3i7hy/RBh8GnRGmS14FrN6Fl9nFmwjMQK328rOjFLvDx6e1hkSXD2C3wPcVTdrdaoFXLKYZjs/mhSEMirPdt8GVe2sEUDFoH7gm3n74DoI6lPzRwWhZnAymVhSjN9tZfTIvOOS6PsiC01NFAozml0HHr4axoj0NC5udIUlZzID7LpHGW2NH3VHQUrfxzPQlAvOqBrymAN7IFvAQBOG0YzvjUObHlx7xk4BS+AIj515it32TWQc1mNlFijDc7KSMF+r7ZLJx3RrOYiib3c+yPBCYE5sFL0oDPud5CPQZ6rV6ZUNENPGkwqMFEMylZVGLPRq53lScerdNdcr2HUh5XJxyKvVXJ15OQvkV84sxFDFSWcGZBTKg+sBXZputvfVyfLy5Gt4k2S3i0SBD1UiQdklkuOW9/fw8t4xEW1te3YDOWvoFyqYh2VYUxskS/zWNlHADRNOdxrMZAruqp79U2isiOJhMYfSbjqz56f8P0q728Z4zdUzuF8lgIseRbMIlAnMxmBL883RAVrjrQS5fmMbzDY7NvDnyeUlKuIGRum5QybAqMdpBDr4YJb/CGdP/DN0WZGvMpSHe1hnHdQEx3P3aR8txZePjdiSXSiVEsNqPlIktsKgduw+UnTWl94ypNRaSs+Vo18aCt7bAToL41j/IQ0popPVwjPiX0B25Pfj+meLGEMu4O7phKC+re04T1sWBYt4av+derL4SCGAUUhu2Hrf/M+nRlbuxC3F+mw3NMpSaPGN4zAfKHZXbkfu6DQ6nxM1kl3jmwvQW5rZREIEHwp26dopt4hpEguzbhFLckPzEdC73K+1ZqMs04LUdKM9uDbivFuqAwcjFjWMehc3Cf5KCTuaZfyGGTx/MjrzQTHQtygKLmMjRLpJVYt02TaoEBUf3oo4nt8bC5gKq0bfH81mowW7AwKN1nU1PpCd1VuCHihLroYIHFk2fj3NOZF8Y0hW3MyQ6xY1YtqFAIIr7e3LNK1h6UOAK5rpSiRTymyW+Ns3/In7ROaumyo3eE4TArp3+dmDN1DOJDO5chxoFKSLLR23WnXLl70kbgAhZ+BUfrOhu+/j2WAe+m3/gS9amqKavfLEf1OwKJUMZrGeZihIt5jzTLPOJdu8U8TMplzkN6DoRAxRvC6ZGuuRa/jkGWOgEJs64EJXK00wZmTeUWpKl6u5HUGx9wO9G77eR0US77Q2eP/yet0qhJyb4nPjKU7xz2jXw+ty7Xad5N2eO0HTo8C7erwMbJQFRpY8kEnXDfd1QHSfAyAa4U0MsIJ2RLmIM1honRBoVdQ2orS5YIsUp3JhHbpTilMpigEKOUOc9WvD8sdLvwLWbIm0ZRjUSX5mjCUuZOHnncaJXDn7Z7u6KMnO8pitxK/vq4vgvDU9EsiHz9p/yI4hgPIsMz+j3Lv5QaS6zKydypBDEPqCsOoB/EnrqU1cMLS52t1WUfiC3mw6jsL+ydrs3iuzwmecxaO17JDMJiLGEBuJRmuG9cGhDrEBmIyVQwj1beqb4QGEcodxEDrzcW60SAtdOEpPnPs+EKuxMWhxQ3woq34y/5JWZQlV2YihMdNwTqXirDodWFPM6cgWVYTFupy1bh1pd+ci0X0FnWYJcboAHoLy+1vsLkps9Zb2QxQSArWqxCznsXAnR5C6oRFFGGzuyt8nO7Pqj7D0AOAGoA6oTp3/IvuMOOzs6FBW6ROaUDEC28wnORdmwLp8RWsmUh+Nz7RsQ1REsT9ai0yfv8rSdbaeACSaC4nuTEjgAiC8Jvr4x+pBUXsPPVhKMz5Jia1ZvdwB1xjUAk/9o7z8LGvgWYXPWo7jJZJMVpMAuEGaXUXCH7851xaNVYuvhKzjtHipd83fAT7p1IEeBXdZ7UQ6k0XHyFde2P5pONEwTjWd0nmqwNgdZnjd/cY1dMz3v09TQnikUo8E7y3kNsZ0dRCCCMIvsCkHjQBZkoAc3LJfQQ8ltqqjUyeouYzOzDXdsx4Q1XQ4R8aL7AOeom8IRQ/SjSU179QtOMiDuQcmMxpuy2NWiZdv6hmhl7B9g7AM5daNe9v9WWEjnyU/KeaTaC7i0fg49vbRVHk99ROof7Jm1WaKgAD4YislM10D2jxn7Drpv2+RKv62I1cZpbbyml7gyg83hhEhGSwsp7flEfFz/HoN4ljtV554v1SAd0tWjbgB3TwKQ2Z3oUao6xZhToH6DlETNnl1/NRyy25LiWeL2L51FcLAZYlwJP5WUn4YUbNzqsUoaNB5B4IRD7HHvXDa8GsOE7I//kz45/HqhacbucaW9lNb4UL67tSazJFfBYaJ11Tdo2DeAjcXOe7IdCZjiEDD+hvGoZsKEIi1g8hKN+hbaYemiveHNdKdPs0Kp957HoOd/TylXkaqmVA8A51q3NPqESy0Buvyvg3W7EdxrNZs2IOaAFPj8aitkZgsMDZCh+q/ZwJXC/AZGMi7q0Xd/ZoG82NAfj777/nGaoQcJAhQn5lE1d7H5BAjCr8k82TAVKlhlWOCLu4R8gtfDwNDiPHNsWmD/fTrb9FKGMjpgBgbUsaeEl8GFXIQwWVK+G5mpU0ZOhZTwEF4V9eSjQdLMmWGI7Tb53QP1Xp41R8+Vh2zpMTKgXJiuxV8HybiOyvGalU50uZtX/0Y8/4dLqLecR2rUSMAfSwWv22f4O31NTCCqenzSPSrYvx3G9wZfiN/B+0G8NpkPs2k3YR6GVQuGi+eM2ppvz8x1cTatdc8iNmFcTz5eG9TWhKkX0RfVRgr2MXD5I/cW4/MNFr/bHLEsOScY1zyqcSrGSr5Ir/4NWv3PfiO9K+lANA55dGvm0Kgw2r2gYPoEztYxLhB1QhdEMli8OSyWxXKEymTwtmT+fNKHIskQXphCgq+9pmhTjRzl60P2i6ROjFhMoMD3XLRd2j+heaemv0sRNhYBShky78E0x8JH3IqFdWGLat1BuPeOj5eHLvadbDxqkZCGStE3zsbZtOidUMYcrUfrFGZOcs0rk+1kN/d+IHySiEDdeedwyphn0cfRYxiDscbQl1NPBZSTGn8UOq2nM3AwLgelhIdTQ8Dl3k7kAJ25kUdQWOy6xh3B6g9O4+qURVbeE5U03a0y8CCvvuc/3ZnBkuISD8+KrrXI9lqqcQt3dVjpfDGfm6e53c2Uuid+zclBOKMWvLdU1vH3TyRZ/aY8r2TPCVAIjXlKoT7D3QEoJpE464r2ZvcOI5tjJvclnXKLV/oJZqUXpqfBIz434vT3/O+BygEv3V7lpnKKKoeHkPf5zayr9nC4p9kc15mXenOryuQSf63vHvMmVksTNRiHsmYQlyD73q5PA9dnszeLK1S+6melgEH9PBenLB5CkV4QHFf0tJqTF0ilUHYaV1XtcakiWs346cR3aRogbJW6ShUKIKyO2SJfe7N3uZ+d8uAp+y/MtTNIfgWgJBi46nBnKrHi1vJkm1i/dKW7m/nW7iG2JdAWRNzpDvlAwK+NwE6Vf6T3qP/jl90dX0mrfXdGrjs0aMUrAin/8aMTCpev4W7VybJrAMgsCKTcXvxPHi4TDmh7TATvfLoIyXLoy5q5lYctN6fUV2WzzPvii+sashjzztn0cSs9T71f/bjBCa6tKSjmyuQm2c9YvVbeNVtYgLgUKg0BjNmZCymO53ZOd1hIpnqk61Xb+2ROaopGxOXVV8oyN+IQk1pyrt3QdL6mYHqW72htJYiyrpCSK2GKqnfqFtmQaqgfcelQB2eeJOwhFk6Q5Dg0LbXq+z6n4edU9yrGfmRkUEaCZ1HXo8rC7vxiEXLX4bggeWPmQEzu4DIxfMwkKsGPRkU7QNok/Dp62sqGXDT5wXaZliUy70gFhlrvdMX2fljLUW/lzCbMqKijTzLpuJr9iwlR6/4pZCmLuKSo+N4eJfCuFbI1Et1UbeFgF0ukSakpHo2mDl0gGS3SYuYo/BqINCWAa2IDaqaHBOGYoUiQQWfrRWTh2+VTKr4L6ZX4eBIotbH1GF4o3ZUipXp6tNNu2q/OrxZUmHfRvyeB68WrqO0LxWh5yXizcXhO0E40jx/nsmKgy5c95eHTkLB2zCsG+i3fbi5rS7UqO+JlJz7yk/eD/voxBd4NmaiTtxBUv0phyqqa7PFKf00ohMv4D1JIwQsN2TTT+Eh3nFWLlWMiryJIkUdmzXdx3Leth6Q4l4tHHfX32SSM4Ovscu375VUY6nJhadCR3uzp4RsLXC+Uyg5y9RJmjT3ps3FOxsX50IyWAQA/WVYjMoMb7ciwL15ma8bhkN/Gjns37YpU606LTc0C/b/LI4RFHgPQYak3AD3AaMeU6FtXXsGHwiyWg+b5rJIJ70XmhXTtg+Fp1S6YIMO7VFQJYElQp0euIhKQ+jP3NwBjjvtm9DoVfcCex6uENMpck9rgl+btoEDHc4Rn45Pn3AcfmdTpTbW10FHlNDNc/H5t7zEU2AHjETo867wWX52dS09KksPCj6YgGCS87C6GNJIYeE22c/UJQElz+rj/mri6+8AbDl1Ny9aP5dEG1vqj2nYc3Nx+9siTK+N7Bv0MT9v3/FHpardZ2b0bG6VRS4CNx4/Em29xkS89mF1XMQVJQHXxT72C+ilcg/ic5Ba4Se+UIjdyuxqbkr4YIJgUMDInB2scrDwSY6LOpYrqD6sC43ingIWU1nlfL60yTFm+3Sj++1s5QNtoHp1/kLrypdeUqKXKt5GlrBBnfOcuBpNGRGAYdqCy8l3QW0W3+J7WG0t8b483NeFv8SQNOHuQarn/6XGrKYVmixf5ZA6lTEmQMKb301dNq6xh5L0+q6yUzjd3sUmbH98mjGsMstgU8XwScIaZTf2ns63jFFSYSsYPtxt9poxAXkVUwKLfwM7wv83d0J6PK2hhrkHBJg05FSFLEvVIRVqQrklTdVQ/muFM8wM2EQOn0NMKlCxc4pYSBRznwN7SOaqICDwQRA69/c2rnRnCPzvy1jv+2NAX0WVh7AZy8O8SI8W3A8/6XeGaSzBTdB8rHaunurcm8rFWIJq5Y1hhxeUIIwgBNScDQJQ1TRI16qU23OM32EVpehu8qY/yu1OHKjz+X+T4Yhrs7OjtpJQbxt+V43nIxPj2lNOdyRVi8naHRVP/1djXb6vgCLkuHTKw1CisD3KvW20iGY8s9dKgJn7wPT3oT7NF8ZY4HDcMtv7hriLO6lyf4DYbiG2B4tsIvvU9wCPfGxfiZ5i6TtXfWYRQphozK0JW0JNx1WvzFTI2ttHhyftvAs32oYUb6fh+wsVXskm8oRU8kdPCBFXP4bBg/Veomb2crB9b5Z8QzcxFBLpeiykHWnA5r5hvzcxjf+guw2L+dhhwtDKf9qPZkhT0/2/508DAUSCwP/yCmu4P1wV2aPWw66kczAUnVam1zxuVVbJDwOfeboeql9FcOYjknOEOseY/V6MXQQODhzrU9UVB8NVat16LlKuAGzqg130WqGT9GWvNPAqZvBD1TCT57M7dmWO4cu9Z05JvreMUQRIKq0G7KA5+GHDWOm0L0qhmlbpL0JE7ndWSFoD3+VQP00GOunlOYPa2uNzqqeRbKAdHm29qKKIPW+/zJLZDgTt7t0pWkQZ/GE8ALRhUG4K1tT4t9xrjAk/342tA5CyHY5SbiEndiy4rUk52WYnOx1XCQQ17RebBZTF9Vjy1EPYR7SJ9HazrBq3fifY4JD+FtLfxtS4VeuF7vRZD+KT5AIUd9KLIxyeUZRGj9MFPqGJx4FC5hvIQtjsUuPlD5pFgUNeekFrhP1IexYFKSVGlJttXCkZ7SNeLArpvOu7olhOtM9yjQ5bLKBUdblOwif3+tFOtN0eKMkwtaC1cB/aTEPSjGEz91TRHrVeA+Zqv62aFS7WblnJxdWM3n7CVL0Hltdj7CAz7vUx82xWffV32gik6/w5yXRgcJ0A4w9r4FhVeI+y25Xej/X+XY3/WiTgK/TP4ENqkF1WeVtqweAoll/z6nVVYR9aN37KE8FwleAHde08WEDyO6J+iytvr1VVA5vRsXg6s9fp6RlHr0mhdbvs8GB5imFrVxTQVytSZdXfWqs3bM/zXxQqWi6g/Dn1goOOy0cTWiyW+QCmq+P7YV8paMIpMlbDQ1glSMfugKcPKZvPFhs7A6S/3X7nfgSv8qKYVxsTF/mcN4by66BRYoGlSNZx2I5oyJGhs4J89tU2+IYhy5T1raP5Ii191/n9v6AzwNp9vIWc0XnL2LCtBrb27EfB2kYlgcMZeyleU5k5F+LekhOq4yEmXrshSs/8vGHfCyNKrrvYHf/dUJac1hzFGJt0ZpiAAasnKNfFcs2C9WWrhj0lHBLPDzHTa2YV1FAGh6PmpHK1VERMxsVnodrmCYipYqyGrS+FTN8OT7UOA5YeexOfjTTCQ4ivNAi3Q2SWBNjo8r3OszypoVlLo/uk4nBm7DJkBC7ryqt19RFdt6UoV/z9vsBMRTsU8zpAJ6UVu6lMNbFutjiwr9YVOp1hATJOVyQ0+f13jvpvEuVDwBVXQxaJAxFrGVMxP7iiEFDmf3DJDpC0XUMp13m93K9F0j0q6r+rswasvSPDSk1sWHXRmVjBB+c0Ly6f34KFeKNjWFqfzP7dCArt8OdFbByG9dQ23a/1wyWP6nc1IRvUBv/nSteGsJo1Tt56xslcXl2fJaksdvZnxp6qBIDuvfYEbsl27E25FgT4aHhjRsCFd5m5DmVlZEVK1t/WZUk+VSExkJ6jWJNZPrOGbnDjxTrkUOKbQxOHPzCQhKdOXqwhXwDXSp8fy/dbKpc7Fdo7SUlAT+crKrotxYm85YckYpemFk7ZLth/mPyWGYXmmt5DgBw2Mx5Wc9uK7KBpqlaPF4mo2BojYmeSGvLjUrIEVK40x0cKKjFvigiQdDoxIFkwTzbYxcEqaZWM3TWp+5/LDvfEenk7/At2cCPo8SoYl96oq8U271cX+H8qPFyBNcSLeGQEG+yh2MiYywPxkQl43t8gDdA4MeqaEcqyL3p31Xex7KcuSqKvSV51SK+JZ4FSDAACXCJPXrC7PJKGgccULLxeVxZGM/GYGHZoofLca/slFs7G40wA5ob2GISOSh06/pSzW0LDXhAfSd3iVn39KQKS7ICxx1DI1Dm2d9cbBGeZHGFLdpMnLFwoNyQbvRymF287ZAbYsjdPmunw8E+D816np8EbW3L8IJCPs+bEuHZDt2/ZCQcmNu1x2Ahj3R57jcfIZlniUW40Om7YW02ZsDyfX4rb9dMfhMlai+eHKnP1C2H1zuM3rHIFnql8JQjLEIv9amJJQktM0VGmVXZhvuJ5dFhFxZJAqRGQ45PBk4XHRxUQ4hZl2HOYUfr367MheO7DphppRl9cgvO2QXg8RUY/lrzPgjEpxdol/suJSYONj2ZcBSVQ+dmZwkD4hyBxSl/ykMhXJSE7jMhwSVheAWHmJw1pfEoM0IJDkoVEPy2UZlv9TEZTb0UPT37fPNovASKpcvWLE0PVfcV2q8qsmEkZzfUY38bnTuAYfMHloLl54gUWWhDQCu+j5HWS/SEXU+9wPuOcNL/ieVScMqZx2Db5M4PEWQ7WGsf+FzGiE/rUcuKBsKI+oEUHL8Gmr3cKegPJ3f/DmmBTzvrOxuFx9SNSrqgpi1ikNRK3JpFyqsE5tmkPTivB2ZfcH+26rlrbkwTWEZ35P+vnGFU5C4l3KBD2nAHvNk+lPaLpj/a4K0Ri8AvAFU+QvRafUZ+AMo1lgpJA9RTOtAnxVc5CuvLlXPbiw0XzXvufEwdaKJIxtRkJ+tEGNv7G10B081s7mdKbdkh9N3JRxnO8zXlx5xXc+UO5uWAOrB+EIi7FqwRra1wITfcO5j3ubn0K/4atWhw1ni2iH8KG70Hi37ZExOkRt6k5moOyoTfAK5r2bY5Q6OwS4iabZTftsEsSA+YEo0ok9nUuLGjFOm81uSLjxoD3+iS/admVCXZcOR+kEjGjbtLsQEMtgz8hwzNY84VGHBjEUSggqM6HmFZR7i1n71sfUNEHNSplhU6J5CzaOQkoM7uz6GgtU7Sy2IBoMXGhfhzw6jwFDAe/nlGdfiDpL6YEVCTCXLgJI1vL4j4ZDb32P8DGgaJx2en7VZ9fIzz3fia+7XootwY3+tkO5gcsNVq2uJMNU5E2mDObHNNYMh6ULn3pMXB22UOxpJPd83okgl4zpLaXwCCAo8NE1CqXmpbVPzuVYT0qJBCeTBre5X1MZtWSCkpnZcMih2pwaSQ/yxeMuh0+T4RGdg71YG5yRIyQ97Or6PuCafgpuB52SORBA8OAZdzEvI0USYfQ8iiFpMajHumqe6MMM3D1XZIcZoVJZklfi4tGf53podl0F0eUjlwCnB+NRUJoTQYKqXSYy/3ULxZ4vzqq7QMKUuFwF9ftPGSp0xVCpRd9VAOexQZ8XJdbiJ9LsMVgk0+DfZ6fYHN03SGyZclVbR7E4HbqqhnI8aJCMpsz+EKByYHKm9JRuB0iXCkvRld46rtwhhpSMnJtELD4LcmjgAEh/JXTPJWaFtUINqp2KASgugZkM4JUptYtMGSrx8dIqk97PKdGJxNO0lvTkJ74fxQUXECvGugJif2CivsEHevpnEMoFA8X/LtpRNUgxKHrtdU5wUYFmJjpSzZ+UCWyToRli9t5ZNK4QOPXjOIjoW0FpdNLYIaRZ9oAtv2l4duasgX+/4TtIv1ckHEBfJmj1to1wwOK9r/SFxQQsMQs4Td0b2GV7s71EcVQZo/L2DMHIz6a8HHsQ/MAE9ILfyljvoAs8kt21Eak/tYcbCG/VQU3Z80LPrL1RVugXMMZ0aDBuo+Xv6H0EPXFXEEz46mk19QzKlr6NZUNO2fzjkX1PZMcL0Qdb0ealXniLNwsrP4aeexMTT2vPj6dShmXLmN5dFSBw7kszFh/hPZaaadkVe5M330Qqb2Oo+Si0Q11gVt32s5FY1ivmfccl67J2B1qLzuBeLb/2Mw8choHPt3Rn0pJlwa9oiGf/L6z/jzqnBcURs3GmAVVbJGkvL7zq5mM8uS12p3YQyyqOKYrixGOlTW70CM5sMds/h5YGkhAEfbytz68W4D2K/mDXaBk9U734HymArd1489Gau88lf4sq7gHgCbkREJ5fNjfm1w7ysxFW3ShWDL734YRBq7eApe1o8zdLsvjX9mLvoXIwhOBZr0YTOANyU/SpbGX6HNnLOTaUpywGSyTdXyh1+IdFutEgfjvWQmZjgHp0lKjsVHVgk7iFO5gcM6TPDtkW8wt8wfpzJ+k/WCC65HpD/pSUPw1AqGL6oqbqtMuurPMp5xgPZ8DHMNpE4hVNLQVhl+QndbrTgjnxBekFCYpABOv/CAogEIJn/fPgNMRq20/GT4kW2JwjOxOrJf4g7cmYJekwY1cFPS84LSusLfRMA5qxduqhTlD2I3blX/qjk/HI9hvFtL/I1Iw/NWgrwmuZxQqoEyqmhHGNRKnBO0QQEuoUQYtPWXcineDWXf6vqQPU3iF68Yg/YDz5bXxEevg7pkddnUuI7JlMQqUsFOFra/76VRK8oTH9dzalh0IHApUEYfogS2fmZ5hy2ZpiJP6qGG/8SOKkJx0DQPa4LOiRqXXz8eW8qtfJK908Bk9rmL6pLBgvh3m34B7faJHZ/0aC9jI9UYr6Xy2jZ5R38m9cvia1/2x99MXVTvZedPLPndzgwzPCk7j805AyrE4FHEv1f/oRmsn96/aWcurDOZ8IjN3iO9hjPxoz7ySMn2NIjmqMHdzE0sbRsGbDSJCeb6lVwlF/+ZcwWqObuTLLx8sIBIIu4RarXFtpQJ6knxB4yArPJqU+ZB3kj2I9LXDt1GUGQhMiJk6yGK3Ge/PJYBPZ/KRWzlz6d+zmb+pjoJYMVj2lfWzFJDoICCrA8wFA/lZ92VzyG8kcMjCJJyVlRwxqO4nAmRwWeC6qOqM4ADaVW7ZtUk4nIDIoXKne9UtSqEEaLjoNrAzPWDq16q0PpDQmG9qXliOCxZ4qKQg4MUoT8j5GrPovlPMeRKvyckwiKR8E9ROqi2SFxIhrs/o/KDBwcxeeEXoitgKKMq4vSj6Gg5hhO3G2du6BL1qua5KZDklqdky5cUyqiRJNT/jevlENEJ3XaJ6HqpybkeTjOBMXKpnXdll0sDk/Q+KRIsDVqYIrIioEnguSEs10zt4F0w2IEbJbNMc1WofGSCiK+HTj6b8qKYz95iPGDdxicfDW1RmC689QmNUtss6MxGDXKPLzIZCzjiOWjwXaL5zjFpRXUtaDb4SWmruJ1LMD3NQ3J6yWaRA55AI1tCF+Pz4eWsHe0URqgFaudluwu6kBTrYHkFqpBd4NwaiHwPNdnVkd9SycA4HUyzqXPhXKasqm0kKQE29eA0be+KczFWWhc2X6A9r1dQYJIq5yv13MlG8v4QA/cTJSXF9d69KAphuQ70fNHfP5Hsq4QGNpnJIqVQ60D0N4NPXKRjuot0S+nQYucZPq0Gu2IGmFPpZ0m7TgmUG7CnbTbSEfyGuKdVK+M53+drp7c6srb2uZflcdXB/Ak9tVhOKt+Eq+R+zKDPl757+65DYrZpTIDBZ3UkD9R8lOKPMfueeb6XikBr/UnW7eRIbcY6KGVJX2ZudqSp/3EXMqH7y8q1UphWKiIZJYyzuPD9X8Wi9qbQfEdglT8LANE0KpG5RSajVmEodrlZPLig3bA7+PiGBNuPTgPf0A0WxbaNm7BQxHm5mM45cNH5Q6IEbJqjjDsorXmISGp18cSWp7TBk22ro7ERK86ZxGdO9+fC7oK+h58iYkguUIbX+0IuIMu7m/AacsVhbUulpxqGFldJYPiEuGumh1qKv4vTTqe0oELQl9W/mMBjwMB873tokxbH57KKAVoKP5fUpTgIP1DNXSypg8vzjIzP/VU407FRXVFsZbas0Y/JtDWgjeKiVkKtcsWjH8ZUgeIMYHuIpHWFPiyv6/f58WukWbtHLpHwAq9Q/51RnnGjMYJjL4jK5bL/KKX51d5Nt5+DSukcHbdzvmkppvMYGubUxqNzJS5vChU9IqkOWewOIo0iOQL4r1mz92D2Lcy2B0tjTIM8zrMwmYec7Vyv9qVikIm16uuhK05PmoNO9uWtKy45f47324qhGu7rhhVc+r/fzk5ZLEvHub5G1UyFalbjVifiz20aSDFIZoz2JGaZHW05CcwCeaKFknqpiWvJrA1YhM5Xb5vhdAJJ1mz8zPoFJNrm6iLlRp6T6Tn+2NiWT1yOpBYh+d010WBFuYN0k/rxssW5cDZZvbn/88Ky3khguWBvXN+QTi2Ky/J1hnHaVZXWG9ISLGqQMvGTcpTviHWNj2naorYdUJKv7p3NzqSQwxaOFis8ggBr1qLJngJNNIaaIG1uQ3vRrYQkS+F8HPhr2zvefZM4uSXx5LoCLKssBxYfRYNC1UqXNVpDYPtq2RsH3B7/Y+tcprP3GAA5o9PUE/x0nkml1n/LDUa3T3dPd82ZTdXM2GGe5J0m5THXjsCya6uewJhVHLUoPffZeltlaY0Zv1eeyZYE10LALjTR27fJgKUR3cB+4cbJHPM5y4RWPzmuwSLLryUon7tDeIWEMwTnQmCdAa7E4FK7gp78PEmuYkUX0pmayS0ahX7qd1Xhh09sUx3Tck2W8kpyWpS+rpadk+PMNZwlHnBmyhEquwMmZoM4mV8Tlh2QmYJCkj3a5FS4fOfeWW50IKoyJ6JGjXlF9lBvSAuIp+pRHOMwvohKKDkR9G/9BJ7NRNSxc10f6tQgj3NfijyaGABim9Xv6+4pH/WpeRZGbe5g/H5glOLfzo2ZTAZutd/uuyZb2qqmaZj9oC1yXhkcGxLwa55aR+1Q4f0RyPguBfT6og38NQaQ58JG/lncm+s//X0dRQuY/jE9UpO+YeDc9/nrkU3YC1WRaQriCFwQo54yZjrEk+Gdu+tB/xtiGUD3KD9ni03hHj8GYX1ouJgMNxuA+xUV3DYK2OWtq4+Zywc/grZmrrvW0e3tJj1jTZhk9jvlpPMu5NIFvBq8lnH0I7u5NGjolv/zAnQ8M+MZ3C575eT9xN0OoJyyUJ7sluzO3DzoUAWcaoD2PjFhWAgX4I41YI1P+79SoRD4bam8Q5EfVlYWIeQypGvWsnsoh3jI9MDT6w42qE/dlAUVkMZNROIOb3OwliSq3+cOXjW/cRGgd5asxnP7PnXgjhZvfKVgT6O1CkgYcqu1eNEnsKgTgbUBBLV1JjkZuC99yiM5rXUYLy2F5E7ojgQRuofHVV0OlMC+7KGZh33ormpNDrlIEKUQzWCZ8FeBECfe3nA+MNG6kU+QdVsFr5wHxO/VRj+Yb3wUMv3/Q3BlNFNnDiAXDbiVhr3oMQpi6xD7HhmVQybG00yM6Z1LLfzXP9FkP2BA9rzbcnN0RiLIePnRkIX3Kzo5/jS+bfXfRG9VMdcQnFkadhCyDvo68WJ18kmGAAztnGjbdPsXof1/3+k4UkxcvaDXNB2GnY+tGR7SWpnHHOXNfSufQuIocUSuJvr2cypqHm2GM5P2Hf/K/k9Bs0umEx8Di1dwvJyb/DE9wuHbqaks07Qq+1zNMIhgrZrSeEdv8JsS2q43RVE55zuQJkwsP/FJcnyiV8Vdx/6f6ifN8Z0dN4MGC24qf/AV35d/7KElM+0C3psoj0caYAp/GaWqIkEkrCLapkvEqR/L9zMeh/eSooKuiMK4eWatMjriugaMIA8zTfd+y3B013EX87UHUoXF4LVmoSeCnKKt/N/BZ2yhhQSzsZFOPa2AufQIp1o2kZeIk0W8LmY8KIS7yXAf+Fpg4OJHtAA8hUlsqpvxU0DdjjPoIIdg1SdtZAdkqShqlDiiRpxeLmehqiE9V63hvfYArn9+ry0MLarq0AfiAxPLx4mQXBkMgp2eADb4VMNQkWs3o761oANVXnUPthJ+pfYRE2kG6yoku1BeY3Ozr6H80B0jy6Moauc3xOnaIVQYqapBvJQwNrm0nWIbufnOxPrnSwNpFyE7v1wK/AcxY3MkDlHMHMGZegQWbq5sqp4kbraUYGmjyOOHV7YqW5Qk6kN99uJPQ5L2NQQf6YfkYVwfRMlW3ZVDbMfv/tuZP6WFTVZEWjBxndrKR4o6MeR7STtns18qWfhfIiBxh7pxkYQQTJn5sEROHogC+6Uoey8h0V76uj5NjX2/1H1I679juLqMVTPT0WmhYOu8/T9C09tvBj5VBFOXQhrsWMVjSzBW0MJp/f1Xc+dCZOmO5V3F1GfaryZSlfxKW7A+pq9l6YuclBONiigxQQNQo00GNLWbeYEbF410CXGtdiiA0cPU32J4J1cGGfvnS388Di5TNHIAK3XG6WQB/eJCT1yshXcp/bZNSqXrrMPUs02ZViujeygBauXC+A323E235PPIWVbuApHx/UXL95CPRIxmQBjQiBna8+oHkoko5lI6rBjEA9TLJVkWUyOH7C+mM5K0UjPpPIPMhX0L0pcjA20ookYpUimLCLvxQg+sOdwPuMwdUDFT55VJd95jgj9xpHy+1SXAzAGl4a+ECL8z7pEfczo2646781HsjzZ53WEN0mqAzEEq9TfouG3d3PauECwSVQ53m0UPSrYxiP3lrpMtqzYOEsVgmPDqDRNI2hjrvhJHhRnZJG0TMUndEE5SvPiUmtmWXZZnVC/VDvStG0hzPdK0ozsMy7oV9k+22lQq7dCkXrnxfZzhMmg5jcUKi770P8W3n5d6pM+yopzKAxwXeNwUixcLrXfNRkfXOaTYEYyMyb5m71xD1EqmnYLIY5hIzF5iFll0WVDIMJFjLBIHI9/CyYeeg7CAJlw2R5apIrNWUnBCrL7Akxi7O8sXcKP5oBTbXVu9WpYdBCjMS8SZ6Kii1WJ7xvdmrkm7+e4EH3mlfMbuipEcfrdkZEUnbQA2Ue6+RCNt7USvUq/iapjLJYOuCrZ3t2zhD22/Idw3XM0EfNcHI3A+bsWyKy+SH5lfxj+KmV8HOtqEp8iYyTirvWtT3LvD60kgZN/ETWynZZEHb8+jZVGKs5PEByiFN1N676ewinqaXtdHnjk0PnCFS+n7mAglxP3Xa/dEfLwAifTFifLRCk4iUlAMKJl95oxo9ChbMA7Dwak1VHkMau8/Oh3gQRnlHtfqMS5Ln/6MZojVk2K4PutAZKzkHkn9S9I2j+V3x2wSKkfvYTD0RwPo11UGefZdylgg+Dl+GXQgwqn1ONjnTY7lwORqXo8qr45US+fzqSSMFI3zZN2wBl9hZkSHB5+TUgmflRgi9QsFxCOWC+40tRQIRpcOtM9YBwDYO1jpNaBeDEiyP7n3YypbJxtxmJThcoM+31vkzqRBMTnrE0EIe0VYjkoNZnbiGfpzqHesBmJegNB26RVodlwFQHZYCp3pt8bQMBotHTSRRzCwR5Z9erzu7+KKDCYtru2HChGnc6unQnpvJktMCYxF2h7zDmsEgvU6Smx+XV4k3tFuMFLDkuJCVprC6eFh2OpxZISnFFzIj/CyVfrgegluKaeoAHeBb1ADSwjjDu+mJPop7Sl+NPLTHHhvjR3GtJkzn/fNu15wFjohnB2xqI05gDMKQjzLsrsRY+q15OHF9S25Tamoc6mDWLTXF07bfFH3nj7yzb3Wk5emBPoVIe+Z4P1Pd1xJWAvjyBt0y7uPh8MSXgH7Dzt8Jg4oeeXjvk8AJit/G3NjHluQ6qCrDA6jUxudlNjn257y1XJijLvkIVZXDm0k149bZGyT0i3XJxuXulChtORcrHWxM3U7Hs2iL4gaq5dZfBM8Brrj/zEWDZ0DbVHeft6xqkEMltrt7sKVHG85/Gw0whrkqZXonuMtE8FnwNH8DMTXJibmaMVbQf0J9mvpc5/kwASDrAplI9uZXqVbaAAgtHT4ZCE2woUD6krYAGmtO9F62/Uu4LFoMVeFD3hya9i9DojN3APp061ccQwOluPqvro9NorTS0e0znpewYsWLZ6KawopxbVWevgEE1XrjiqPG3jq3Jou4Ih0w0Fw7BQYHBvk+ajPR6kuMuG6GqXTjYofXvFiUzglxAmCS3qGDuHxCPmUGN+RPvdrN6qIDxUT55kFC5JRbqtf7grIWH+FMcFIBPq8ov99oPD7tJoHC4tcZEjSe60d/YvqIRv7eyCDOA6Ldoy7ybu5h7bXWqJDrA4GTFwL2LOfiy6JF2BX2naWKqjjmxHGuFeJgl+k3BELZ8Za5v71XuyhgCnAnYYd49xMTO0zDu97x1gh6mInCrfacuP0hrJz1FWgBEU0iiUdd6GSvvtsq3RMqaizQ9qCPxGVmLA1P8tpRObIDjND6geOovEO2CBUZyhnxYCR15qBhuKRm1J/55k5035EOtBx1RZ7u9JwZ6tJVmZXBxzr6v0OC39aE44vEEIqcZNHtgaJlrQyomCU0JGbpgy3SjF1KZaGvit6cNMRQ6D5gLSVjbsmavzdvy0etrfHyhxHe4IhBT1MApm/Zqyw0HzEFKsIPU9kWmQyGu5fTnDo1aqrzDEyvm6XEGWDj7ZQpYjrNsOM6QttP76Y+ZT1Ja0cmP/WnfFGYViot3sfUeiK3BC8i9LuUbzbq0xIWUQIxeSQ1GG5xRHKLlQlExDTis1wsCeg74HWiYl1f1KRpzSn1RtpHstPXs82A7Lf6dLJAWg96IQb0bH/H6YnGBTkuMG+CEm0r96HDdSQTChxr0RMoouZ1u8h81mltnuPNnvSp4/A07nLAQNjt6XKQ3mb8OT9EM+nuNn3mCR4y0Gbbv8HlMrmisXYZVf3CsdUKa65naaPyH2MIX2HobDG9baUyrxzVMMqve9RcMAEugsyLlE4FKKnzWwpPzlvhLBgxrtZDgM2MMHITkNVCvOhvLTEPBgF2XWSIXqBz0Oj2qU613NznW8EgXNagbEvt4g7FKrysDDOZ5SCyYSNMrZLOLAWi2FzzlPiDXHYI/gxj8dcRDz31SdvAhPsYhnx96s5iJZuUi7A/UhBHY/hmND9ImbGiWJ//8YGRXhSTg8lHkcd3t9ihKI4BS+sXFlAQsh9f9Htge+H+ysxAJBJ6fYqyYgBKOMp7cX9Dfhm8DrdagssXC6jzHKTl7grVlLKKmqHUAOgUE/wviMp1FVRBjCBx4dR5mfyTkTM2orh++7a27ypmrQIKdCp4BFo6o8nAowc9vG3Qu8s6SwMaESvzXZWXw80305/qI1BzDDZ4PijLEGIAOC0xtBR7R+P+0/U0SQ2S/Kcn+qX71qA4/lU5IvTJ4ya/XFjyN0EKuHzOpfnvEYdC3hO8+X/aUgrrLbnmK8vpuEbmyq9de3p5hIenndsvC4GnUZoZGRB1E7hc/mdbgvcVwLhCIM+nvl6BgB+6qSxxMRPUlh9QXcC3YcvX4XZGK133sQVDsdToZ9Z2kzm3GFfzfPeI7+9rjDFZL8JVyNfPX84fOFfSEDHf/grOH+5Gum9uf9FKCryCu0YH1A7Jvcs02geFtV2VyrFyN5Cs7sjiLDowAlDGFM+jow6Tvrn0APVIfhQmOeP+zBAMeYVdcoq6riiW92XzCagphzJJgsi1SdcsOivd9S6CNNrsQdq6nUgKHoLf69jaLV0abq7eeXm+cHt1JHDZ3g1NtI42149Y6hXfx2OO8CtP3C+anDHl/tP81Y0cs6qoohl7xg4mmpHUSuSGY2Urbtuyf/RK5lHAyBJGno8GNE7nn1JtFloWAvxVZG77i16wXezbvoeVjlTIKa7JMPr4Dq5QU1zjib2XGvin4zG4nfoCh+YAsD3NeSx1PHkUeFta+qI6nigv2pJmt6vG5eNE23ykwpvH0lY72bhe/4MomBN7FDvKmu8ekeYgeV5Fis906EktHInWuPmsZ+9cKYELSCHdn9Z4jmGoU/BPAo5UgdKPwRt3bVIsRzDf4o/xvImjLX4Q/bzZoSJriAWOcoV5OgJnl50/+uvGNfzV1ffH1V6EWA5i3AUwrK6TxnDLQPrOu2cw9EgoKDKSjb308muppeVlR++S03q3SOPJzNRk304Cef+ho26xtw/qDCruZ7nBM8mc6arl2En/x6VUb1bYEFWKwhjv8lbMpvockX8jWGLsO0qzRLNnUw1SBgYW8pr3koWwvf96/JR7pBoq2qK/6Y4QsN5JN/MinfNe2MI78QL2UxiZEcm7aTLusG/9s1Kh9/kNnAl9uXjc8Gcn8yRJH6aWa7ldZC+kPoXCXDNfUsOQLOMqGYGlfUc7VAofZeCBDovHCinbNZKOkfdtxZHFdxsABnYY4lvaGW2V3EgX8kkk2vCnk/KhOxarG7W9+4Ebseru3ybZkKsXwAONkcdDorKYrcXijfxJCySgWEMUza9V5epcam1usMes20OyfHVIXG3xyBs0kgZWgxq3nrcjlG4s9neMjstLi6MJ8U9FrOKyzVJKL37WZ2UMbsm94FGcr/LfrS5/zx9Nc5LUSQSR5AbFFN+nuB6uT+vBFCxr2D1ElzSu86SbCQ8k0oghP1x29SEE+HcL3l/BKgrmHJL6eXmuyaflHYWg2lK69lPDWtKTI7fnWjIGEpfd8q4mbPUlnZ320LR1itDyljdx9IhbVEs0ljbECD7UUcGoOd7yH8Sn4YQkcXtJ58JFC1zhdrzE7LXs3JfVh04v1MNUs3TJL/djFbcvnyqJKVS2P7dCBlAVwyF4g26a2fZhFb/1xxHKsj1Ox2YALkqlcJX65zgtGZDvmv4SMw74RDFjsVA2OVLjCOSxWPA4AznFSzI/ObNWQUSANnzWtW5spF+EtX8ivkIkS4L6OCjjx+3t+vjQrtywIltcWJa87Ke38JfJH3Io5+TiZ6AC/8ADSeB8eKWpWYnQQMCV0mNZDz7rhToUVv0EOF6PPdsfCdTCZfQMCi6eFG6wUPuYeH3/w9eG9kHQTtm5bgcnelhMui9h6D/VcNdTrJU2VX+DNMS+8pPxAW6WjuPDvf3jJmc9s3PgRh9R96yi9HZgSX0+9lM5LHM+gdFcuUqiXnHlkvUkffAQoswd//LfxaiUdc3rWPtq9CT/Un/OZFMf0nvS+7yP1KJqBPY975owx8V2tWmnxuyrrlsXXbmXQ3OkjVX9BsQVCW/gc2/hNkoVguuuxYOD6mYOTCAq9VKiv3HGuQfL3AB7GK7dO86n78FahnCmJzG2kVVzzINRbZc8QJXr6gUr23GvkU/tCh6G/qVN6iX/621U0sTaNvE5F034+n6O2HmOIYLrJOVc+OR1qYlUMoTvApiK9WbYl+r4pd+pduwfagZY2IObhm6EHZTZrkLUx4O+e2V7ZhnQP0tMQ7hMLdGBwhaC7SBjJRbFUTpSZVSZ7829oJxW/Xy0jS6bGN3sNKRbtGTmwowqq7171WBGKa2MZDujuhdMtUhmlYx90scAuMbgk6B50n4jRyZ5dDYXPFAUF85vD2Ezo5uGXUo2fT8R0wPQptBZDGJut8lyQopVmeoOExuUW5yZfeZb0Tz2/TtE+5aI8/zViGcnU+cESQTIoL6BSpU/S8CHMKnFDK6v41w8a/CQTUd46TO69NgttCnnNBVQosTuTiXaFYa50L8Hrx3VmrVc5vYc1xwOmHyUdodhL1RofpenGFwaxoOEqQS4yLX+1ms464RiuGJig+EfbRwkGZHIXSOH62q4ZW6Xr5xAGGdUW3eFkRnCnXP+axsT2Oq9B8Z1fliMo0dKuH3Xc+6XVihvIPaPpFQDB9/rLkcFy0VhDtePcS/aQpYpGw9KVEe3OCE3zaNOEhTgE9IbHt5pRORMY2hwK4pnH9hQauRoIbyAO2peiwCwnCUDsex8SHqINY2ZkQMcDQ9l1YMvWLqbSYHYpVpovlvGL+KW1pTt81JlLjxrzUTjs+oDgvWy3CLLVu40jHE4WkxT6j9AybaxoaUGARCR0IE8uxX+SMduQLZJIdRpPnf91iBz7rQGZqpfDZ5f9Lyc3kM31+fXBPgR+KSiqB5XsVMpkEMPrxrHk7KNU1HQ/PeqAFtSLv7RcT/nKZfzBJwNRQlm8EzksLd66cP72xxcGJU2in72cR7BBviB1pWANcQOG/5mpCjSiMzGqM8z4gKdQ1akciHfKlt5pmRVOKb3i60mnPJ+32Fh34MpkzP+AzKl9f9/x+kiCAKJs49ekf38H+6AP7KS1ikiPUn2eZiRSL2a28XNhVN8lMp7Amyp9qm+x+MMkNIQ4hGwR0HSCeNf/mm0u4NwKdhGK2PTaWapMLfDka1pVUNi+PqnhHilxStxM6smxlFzIfe0PLBc7lYY0Xpc96qlhZq1Rc8067tzKjB4ei8YFNIJgGxqLVDc+Bwh5w+eYXtOdD0aIg5GLs/rgOF+3yaeoJqII9tE5zf2zR6zV78FKXNMOn4JkoWlwTcMU2Qt+zkWYmqfE3mwrgYYYtCjjx166kKDv83434zGtvjRhT+9FDIZG0FzOZ0qJYZhUyKpoOGG1PBcD/2MdQhoibbSeMDIU3UGJTh0LxbMVHHau0M2Ccv1k8eJkmRvc4PSPJR0AwHr38X7RZGxpOIfyHgQon8VfoDn2ldTlyjymYvD/Etey4SsUocoeB1m02d3XsD9QCAbsZ/6B26e5fH7UADR0LJiFOwLxpWVwm5owp1b//k1N7jlTNHKBcEmB0sxVMdSWc5YgDcAVQxnpZD4UL5MEwwGoIBJsR2KQOwR18Dwg4bberQ2u+7O5AXbhOwe8c3CQ3j4L0waxlXPBy4o8g1p5udUyoBNq/YMzMorjMPQwIYN4bmRrJlOh81oHViIk9sQ+/Wo9rV2ovDQ0UZRof403hBqhcshS3dvrHYZeKykg3ddNN9UCUYcDNoiDvZcdE6P15DlZQL0NjoMZkCIcC9Wll26AS9aOZ2W7a59s1lBWif+9OJtx22V42g7WE8VS068+RC+RhVKvA73GXDGPLdhCGd3GYURC3cEzg5/ozcFBAVHsjnnwq4NAnTt3kqQCut3IljDJGDIv8GVeSN15aapqJVX/iXO+6hbmnrdBH/Y6gYTwX9ORxuvJoFyqgxZYVtYx5KzTocGPJBfj0P6qOxIb2zfj2dRuP9+DSR/ii3m14KKO35pRa1yf2X3K0eDRjItC+JmfY/Se+Ds1VBCMt56WC7WQFLxE2z9Rm+p51ee2nOZULtPM17WtlEYN+4G/HmSgWzuu+bEskScee82lHQGTvuiilaAiY5WtHPKelkbp0VgTo/JcGf47FO4i64EvwA9vfHbenMUH2ZAVLTqjS1Wjbzc8HdvBfGmwOr0r7/5iKZQd5aS1tj+N2pYmjVJRKRVbpJixVG1ESFPzrdICDeVYSspRfC7Vhw6uvHTcbvGf+7HScjazq+js8RJMvlCa3WBoSfimBb9UCKEJSO0/k9dMY3pTDdZQg6v3WYrp9f505sqfFEA8ukXEzY/iCZp4QBspsEEu65nROFy6B4JgZYStcdJpg0BWkXvTKuSOclN1FV8mVmvfOjx0koT/ZG0SWFsQfZCj4piAu5HRQzCWIATxJHlVjW7CsShUSHjm7MMkkEll67752evOtGoHjaecx8Py39sg5/Zf3vmtd4m9gdBc6y9Witurp+C8MfqsbF3+KGv9UL3p57jksCC7z35rcZZz5aKWfc9QRweniI/xfd0yTgVEnCRZg+sbf90YKvokrYzMuh5EVOaww1K5mO9f2TRRuT9u/sQXOasBofPb1YQlHsVwQrtH1vsSmLKroVfLeadrsVgwr8S2C9qZJj6NYpCVXGz/U8SBqTVg9sxsOi4v5gPChtFL2zR/+ilD9moguUTn8EtdQkI1zF0hKod84cDv4vPrhRXC6BE/cLNvLZ1rqiZVI0z4Ps1uzU3xk8IHI6HE0YphOVxGhhE8jJxG/YTPUbpwuD9eLubuHopwZQCsdXg+kOhXNJfDeTr8RVEiMjPN9FSDrRhT03kQyCCqJeCKqq4zwrO3PauF9bqNM6h3wxYTHJW+ncVVDmVKLrvHVXbewl3BCK10lSISvrqV3p0PgmxxAlWQttaxX9erLP88Vj4J0UpQjEo50cw6/wunLUHLYnDWePdPjsEZC9Q+dBByvYF+J2nO2HUXvtAR7sugPZnH8pJdPkQaS1igiDp77eRbKmp24nXYlOzBrG46YTmAU2sS2AeTu99c3O38BVGnDFlofnMhPINB8rKk58TcW4uDDw7JfBAZ+PodKv1velQlu2QE92XtyXdTV/QzHczQZ42UG3Kpv6jXF/M7JiDsIbqwNq99oSavYSnzfM6ZfHXGEB3WfjOq85+36SMX3nsFqV9sTxg4vwtjp2oJbk8SBzvR6krJX2kHzwlc8YMax7jgmXZNzpIztNLkMjpaNkDgljBrS5d1bJOLo2TpmosbIXM7oxItm3NbM69jecOSZAofrP9AJhWCCrKn0xdNaWrYWiayzVUygtj1H/LwflZiIzFdKFnYn+IBJ0XJPxjHXPJh4dRZmyUK8IJ5zj9CVeGk3ZhhZgzcwlZT9ffAzQtNW74Fnj5WJ0uc8dDYG6hn638VRUysJwG4xTSe0TOl7BsoviuMSNxkeFtV9x1WKmtLvDg/aCqrbWXKl33t6uYTBnsCg+a/OV0erZF8tsoa94HDYXweNDp2e3GDFerMTH82akNjH9/Tqwxlu1EO0rjbhGT0baaF/aSmdDXPZ77af6yQZtdeXU+PRr98UBB7uoJMg0a3tqryQAPyQlOPJrL4qmQZTyRXffsfk7PvbXspIzjAGTUzC/54hIKx8cdgvaRc0aEIRk1xCuoGleKppWnmJAZQrgS9pjcqLwrLVgGdlKBOHMV0Ow4HotOzt8Nzn7QETaolTt4wLvQ0kvtKcQF04bo37zkA7jW0udE5uWPeo11Od+LW52B8PgmjySetXRRC7DOve+jbbUZB9AkoSbAix3vpQHHpqswzaoBzldbVbcSK/N7ve86c4h/4I2j+LifSoze8tIylyZfRfZdLAq1j+0GVxnNycwwJ5WrVcISNfjRwiZNkNrx2nlXOgkzW4pz1xPNb641mIE4kiRfAs1xUoyjHr24OtL2MskAJexadgJk1vthnjZjuV5qvzKlGs+c6GRN7RJiVwkG2P9XLeOBOpHn1NkshwMe5y3G3pCbYkopu9Iag2zAu0uK/491jq9aF/M4ZYyzY14r/KFs90nfjDZKUBFxhFG+p71kbMu1U86ODMxk8Q8YgjTpFXkSUVzsJxoYaVHfGVi99G+zDHCkdepvOrR+/AQeC4fVYkGpb1MKB9wiKeyIOa6jOns98XUfPk/pXrkWv7OoPLorY95OWcTnKTBbO6GGZg6bEqCTF4BD1KCXCpBlivbt9w6BuBtQJjyJGvWQjnPcge+HqMFbj84X8Y4DWejy6FpaVowmYpkMpxIjj7nmLLkSanIUFsUVdpfFYj/EwhIecz4sVFAGX7JNBcdOTNsCqws33NGRjh7Cbn1Spa8P2GP9wndudOxvnNJaHOHjHIkv8Yd8I83mTwKPxH7pLFo4RMOgDZhyAjMoLc+W9Dv7lRzOfs6QYLCiperK1paxHrjMuhtoGq0X6hsA37zk8BZHPP+smMSQAilhgkpkzoCKsb8uVGB1By8eaqjBWm7T32YOxkxPClh+M5KHyE8TJh9TeRTgnmcuJ9rAqChewUvYAbpV1BYGi66MHg1bglYmvDZSmOEFJGOkKvxmX0WBBVo+3Gw1eIX+SW0BTYXfISJKZzbemPEnYUOp2jfqd80Ag6eq1/1kj3yL3GEPeROpwRZ3hbaq5BKQnczgy0uX4iVyvM60xsW3s/+MyYeB9jPFPngmK3wbjiT+1EcyGm7NrEjRrEU+gBz96mWvgfbQERfOydQxRy9UKAQpgUpLdqOQi+fWZgN8ElAhHHh1GFK5CcicpwrM7r5Va60gf7H2/SFEBLoX5yhc4RwnxONULCCmDZd1+IQAvKWS3Oc4A6quNaMqppjmMLdp7Nl0lpyUOIaF0GQl2MFuovt5WSySXhea8/dxqIe6L8e0rcvkkBIwH2N7qM3jL86nqMrVaQ3iM+5nc9ANwU2Khq1phmSapsBiOl2+PgqtiwiHl2JZKBWN9rwshSos3Iw2/Ibzue/gghD7q8hYwFI2mD4CUGjXzh/+uXHnwggIqnkp6fAUiN/1+zb5ZEBcGPp9Yllf32XA8BV2SVLpkCpQoURTPGmnwJHZekr66/12lil69n1EmgW68cgZTsN95c8xoAjfLWcYKAJXbZ+eF5fi8XmyU5nM1wK/tjkSoNrwC3OS5xlUdG8IrrxKJtCDzWgriTBCt1i1V9nhlTWXQhYvsZs6G8zrxIVBAAW8S9uimsIl/7ceKYdK3QXmofZFh60+AZolM4NvPbSezWsvTN07ondgxPGeLnHOg1mMdwFR/ZKP+JgQJU9yI84ll3H++JcKwW8OX6bqXGAYbiDmeigHwwrpzeceuOuY/06j/ZRWf43pv6gdELDzv751pBQw5lzjfCvSfv6TkNy4yTdARTnmvblOAOjivFpO7lBpEanrNUWXgFSUi9MKKMu2T5z9rfqNyoggobYald5WTEL6N2lAOF4EA2PM9vvi0Ho678zPU5LuTJ1oy9xXauaOX1C1HSOM+d4I1yQCBELl/5xaLT+FhshNC+eQejGB+QpOBvCADK13CW8kA4F34oCX0FL/fYfVvBKnAPq8lEEhhUSroUiL8JVZUlSLa6lsCJ6rb576ezVrjcFz/TxKoXOCSNU3tJ9ehHFityM9iWjIOjQCStdES0Yc1EWMWqpQHLwda1ZxS0i8ES1Tx0p444WyEzCqgQf6UlVuvDhn/NwJai1HqCePD/yK9WfVDcdblcBG6p3RceY6YtacfntzzgHdbO/pp2+9rVZ1pHqxeUeOP63C64o/WrwItE2HPCUmUyY2P9kYhKl/qlR7WInkiiyGs5jeCDo+QOtJLs4jO8H29HAj76ASBODT0WHMDJFzeEXfttiRRL8sJnmo+63kEREqGx6K1PYGAjeSlbFclFKp1dH08UyfwKc0svZxsyiVrjgZSHQFtBuIEmeG7VkWv9y5c6KYWdAHY5/8jp0ZkpkS0wPBa0bPuBbCBlmweyJrBSz4DcfV1Vah94aq1qN1cZOz38mpdOiNO8nJZuLs8kTPTvb4zvxO2szlgDAmh6oT6KE2dEM5k+uYpOKl33Ne4EXfAvTsDtTi15xZinqV9T8+5Sp3cpW0B5lCz0TayW43NxAGbcZ+MX0w/X9deJc0vKvQfq/pdaOMP5xj8sL7OGhqNiRAry3GMDwTcF9o6ENYRv01fL2v/P5L/sqwbZ9gnJuOLp0Ov/VoReCt6kLnYpZBlCFirBTNFlLLP7T4xYIyqXCTfLrrEBZQ6BklJ/Lry+xiLkQbvVimeBFL9pUwo7liYQxdzHFjOd+cKF1RnViC3OgRGLk3MiLW1/4MWw4cZdnn3NmWIMUkUK/s35OPXwxDP2QkrfD85kQxTgFOEDU3UWkzykt5Jdlt/Tsw4F4bPCMZ2fJKhDFjWo3+sC635Bgza6i9m2uiZ2EM7BWvWYAeKzqzYLagl1+CK8Q9MT8vcr3JKaPvLSUliwD/W1mRkErEkzUBC8lHoPxvxJSfQsJzrM90tHiIdppSqGF1q2Ej9BQVQYEQc7O/1iQZ8HC27hWxD8invsmDApYaM1BCfWa0ltjg3hwpr5oBto+jMFOQoWREyPptUqRG8N+M1PnsyAxWz75GVKdSZcKqLdsrHSlj+olDAE9QW7iPIWE59FO6tt13riCJst5tOkrlCgp7ttef9Yg+pIK2po5xophAcG0dwO3N3p1UjOxBWULq9JKHFCRkzR01y99JRCLCTkClddWuFEAHY2xWCn2OQ2O+A1DyD8UVcr080GL7JJHs+RRnVQ9T7tiGd6PTuugsggw9uYKAlJmy3KdcidOPQswulF2tk859hVEf7qEz+4jjszlb4DsOLgrcWyhtptLPG+xQrdW0LqkCBNNa34m8iPgbVq91io4KJbsu/CHrwt9r0dPvGYoxnf8Ctz29jlZMKLUstTrhkr7yb2AqBgkjmUDTB9qeY6QSMYHVK+P0FqiXLvCqtKJr+0TxaiobpqqGR6CDiXS1km+ggvgmjdbclrCTZT4RdfGFzW98dGJQ5Oj0E2IyRbdrcUt/HyEV/RxsJ/E1CbhHWMNp+CixQndph74V5+HZPmT71SMapRNwwhEYa9PcpT6p63ctwycydL2FWciiOoVKxJ7M8+cgXYG1csQYYJGaVYcvlp428PkXMAdE/qxQLZbrSDYSfcZ+gF7keXBbZBf6AGI27bdt6+O1LGE/mE6PtzxEo0T+50ZzH0+5s6eC9pT7zTDsmTojRz5TVEXGrukQkPSKTcGfOwaWJ7Xjid1/xOxDb2vwI+6JLQ5praTRUFFzC7TurgGo72f7EKZBVsxU7u+GcbxS0Ju5Xdz4uuYmw99v6gBu0ui11SkLcNXf3vn69mq6g4B7EiATnv6lBzFej9M09n1w+WW1yjyCEEVc8itEePP48kFlgYqMvFxhwq7fnIPLVvE4sG6xGGTnMUNJIm8knt5usK2ZWswgSINpZ9E/SsGk3k5/9xHRQgmK1oP8p2/4QfHV5nfv8FsuaNJkw7qrLcvs32JjymzKV/hlUs1PvsDetWIJZWhluDxeiW8oKnG8bzGJYvIvUPhj2JPnAaR+q+Y9N3zQQHs5YtGiQlRsmaDUdxgJmlBL+lmEkBF52wa9eNQD3Wp/p9FVAwSYFCpSPJMGKuMy5okJhG8JsGSyvbOO2KrwqMTZUrLe3PjA8qj4CjauX0UY4hxIUB71RVg2XbtO2Ae/6DOgXwUyES/Ep+LBtKJ9X8ysinFhPKpddIjnae8dMvbphrV4Kgdgy+0/VTjJAov+HF4hpuPMjpziXyokoMXZBl9rRzKDXzWcUzkEDYMs1hk18osqLIWzS4NDJu6ozqN/+m0JBt8pNkFkPqaWk6pvb+7wIo5iY588MMkZqkCq4qMvuuf3k6Kh1IALucTdytfLHsqJH6GyGck/zhsDSAtmIE/O8LU0Dp2DdmzknQJUzArmS1mMHeyhL2P02YdyMl76LC2PGTmsG6fC7VW4rvBV+zdIoFNK5K8hYZLcyaol0VryvkNTgCLDTuf+KbzRSkxjccTOobQIF42cv30nLMqRBRzWO58zaP5AJaydQN0WiR2c0v6x2fP0/a0Wf9Ca6XGYTV/dbEkEup39P5pHop+nsDeqmDc+UEL0DdknN3qQtut+akNX7j/ZOrjD6NpSBk+70HnJJtyI73GULbGuAIJF0kBc8RoHTM/Np92IFrii/PvjR+9gWHCmXpXX/ZfqWURc7SPzf2g9J+ZJsyMVmLcRg+UMY23UAaN+6oLVbQxNf+KpbRAZdWuvoDazksRPf1k5OVC4p2DHUE0N+kATb4V7o0dMRVQGNxTBxeRjIyutxTdfFKJpMI8OjjQoWFxjBfiBIGSzh1hFitzroUWf1KPU8FGnxtI5ypVHkXrwuzgQVYJkx0tVtNpYaAgIxWCihKAEPAJhSBaPbNL3nUHNxL8MIksUbQHbesZ4DHTX7dBf8DNjiY5bpNXqHbpEo9b++/BXkQ2iNVVUdSCp+5E9QA2/5uLVoBwZK9WDuyggGL6yY5VMex+piyoYVdnswuzVynur0QlbP58hE5isIgwJjrQFK7G2VotYI5GzJbIZhgLttZIC7hSh2GDpFYq4IGXcs9AKw8sDAmx+ZQQPYESylVBA/ffUCAdH474I2Wn1zoeCvESMhhIdjmjux7I10Ob2qcUZxNx7BF1bL+kW2BimCvDSHfwSFgMs2RVIe2XdweQn4Ue0pNywWbpK32HMx6XyU1wKTRMuDUx5LINSo8iPOYg7+A/Uensun9hTwhdrbp/inq9o8AZV5sEKRhKS6O8mDd2XPIsmYqRMkf3bVMW3BqbcwmfS8Vc2bz5uP4cdsEdtZ/5Sz5Y7KfgIThJTym4ULoygGMm0wskfyIeAzrf8NuJT6rXmyvuhnG6ALEXJ1UpIVI89p4Ed2B6HeR/EWOifIiHYg2o6rQatLNdYIHCGDBFX1oY0apk6hZgJAOD+VagNQ6LmmlPIqA0oN7a1mLkWbvRYo54ZDhmf4t2b7xfZI4dg8zHcWyzVcHieCmcjZR2jl2RKsSWzw+GLvf9PIQaU7mTidz6UHRXBh/xG79imBXo4lR9/kvyXn/OaIe8X2CtwOYLTJgnuxO9BvOWF6/XN8ZqaLmHyxjj7n2JcG2LFDR3do0TGp+SG2LOdBL4YVU7u2H3bGd454pqnQF/JxuMiDdqQtH+wJ88PZmtWNbpDHCqZStCT9km8Sfl3xC6VGMXjJAfmkI1brshiPKc1ExeeFNIkDjhOfnKXYlQ5WGkamkjszn6+nf04yP4R/pIj9ZUwG4Nqn/Krv01P8XYcLRL4HMAm07iLKvYjHSXUkr/AJR/fZ01SuIJbcwfsqVJ0kMu6qJT/KrlCSD4Jx79m2ZCFPya3OFwTij5CDKdeibGQP32yVLJSDOYt1gh9CmZBN/C3LHFtNwHYeAINlJpSN7BrejV372dB2q5gmdftMmaMvwJBbEwPPLn2vMKjPB0vicCozvtooXqdfE4AqmZKZUiBRL7erXN4H3bFxOgNJnQrm+jP+acNA6/xZrhJmijEp5mQrRDsDtqlE0tl5Lfi4hdzEJdn+yH1MDS/6Eg2sb6/eALM7bBB8HMjhP7Ann52wfsg+Kn6zH59A1blamWZk/yzcSSZe3DftlpwLBaqYuha07oEQAqwET9aCTWJ1O5SHV1mpIQL49sQX26xD0O5wlq52+xonOfQMA3mcRELYk5zh1M1tjXI4k1Lo+8IbEu6FSC3exViOvxA0k1bbcKeysEsuMXhYisUZIQvQSy9L3Wra2/87W9qiN//Y2boJ2JWk5P40lOX7deWRH3iI78bqe3P3yoKgrgBs19+RuvZZPH7BlofPhh7sqwNyEXeXwLCfrHmeRQMvC7S2EyVlDpz8z6751PRz2s5Yxpss7lgFUuSBLGqI8jHHqiqhxodFPNjYclAgpm77xcd7ZMYl4kcuQROXPCnIOZJjX+gMt8wGN0vfiWNqrP1I+lP5yIjIHXM9emXTRam1gZjYW7JSGrnITtVQxYiOmjnsVYoDLjbrpz6Z0WqNrNnSFzYY4WUNvrSTYcYNzUUQftQdaVxVXdIk+A++hWIqj3uJ4DCek5YLMkMmodAcF4cI1S4quAV9EwVIOrhl7rTS/xu/lQ9oP1elGHXoOH+Gba7TrL3YUxKESuNx1EhozzK+CC05gFSlaEHdRYP7ZooM350ewIjLFYBR5yFeeX7mCWSvidq5Ke+cQ/Ewoi3+ng1nZvFwW2BsNklQBxW3JAubHsklnTw5kRa3YGp97Vw1S30F5zT589YOR/GQc+j4jIZvotlW5cbPh3Vm/VTD6BxWv78oqFyJSy4x97NcO+wakj1iSXJ0sg0mHd+tNaUNoHeancY2z32THgE2ps7wy4DizE28i4o7IGQcThrjIxZmEZW37gKzryQ4RBz0TTVjk2pCifwyRzsmFhL0YkqRcUywNklsL59ssJfgSO+3e11sf3ZdkxMMFl7WzSa/RBgMGUGvGTnl6kr2hHlYJu/Cn/tZ3NlMEpqm2jvtXmgiUUikAlt+Y6XL8729PtKi+knz6udHp/Kgsfy14hl3FM2tpR6YeMl44NFyr60++DEr/ei2fgmaZmFVMGJaUs+d+K6Ss7pznXb/N4GLumD4ziqcVE7zKrygQNusc77kMa6x/9F51b100koKRSoFe6vsC3T5odHLAMbfvQ/9P6D7zvuZ8jfakA8jDBi9mDy4Y07UQPdipVcDx1WskvVuqFqnRMi/MQSROlmLPMW9ftIUDMfqclQfdynZxybsKfa5czhpTDdOXiPFBA8EgwTa8uVdKk/zGqpfPQjo2xtJ1/Vdld9esDbEKAQXZ7jxXz2jcI6pNDmHrYvwCpCQyodIfwvDoeYBOhQi292pK/F1q/2vzBBOfeG7kaLRsn6VrqCmbJKuDtCqTlnR2dtd0eIY8rDhxH+xlvhmFP5Gd8raR2ITyx/3l6re8gcb60V6ltE11xT2Y1fpEtQwkBb01gVyNYy84N4NG30GtNemZW9XM43KZIPoEojZ4maU+YmYAFD0cb99OK0ADLc48/qm+F3ndS4nmd75CVrp3L7/X7jCv5WhG2breGuFnhws0lTWmicvwlIZMlfrKFbdn9Y6S7zLGqSCGv4rCD0SHKuhI3P9fPi6ldqDe/RHJ/vSPDvRruZv6uNMzKumU+Z9LZgVhN8YJAE45kF6vUdw72+XBRIDSiSE13fAsYSgBj/bjZoL5iis3ZkIH+qO3TB+fuKKd42/5T0z0P2Ef9LCKBtdYAkGoSJ60YZhwlS5GhCE4gA3aZwVab2X8NCH6CJzmDAMCrE03M73wvkAXoJJuGiQKZPVrPkdVkhQ4wqEAqRuz9AJuQICiT9xYSm41SfgK/MZQ3Klty7OPXZtx7R0EwGJSmSDnYiudqG9WNyxgkAN10U3C5zLMJIqLzkVvu8qwRZOTOhRLZx/QwBFhS7dHDVYO5K6JITj9vnefS4J4SPKZ9rfeXbFTk7HTdng1XHiGI4GHVFWtru+CKJ7MbLFz0wepIbEAm+DGBIaeJD8FPaCbU8dtOQ408RXYH40fKu5N+H/84/pnqNHiD+5q0WQvY8RdLQG5eDUsF+5Oul8iYiZO7L2CBVRFzS5rGOKoWaz0GAfUryc5J4T9IjEozZQFqsxL4M80I72V86XOyDySbGq73/wWgE80ZRUQd/wTrp3qfajxvkTGM4Tkk5xjiSTphFYGY+hXXqxrRAJ4zNCh4iFzaRKylm2JHWWNOXDL8UmMrPkhWoIU86CrVvB1OfbWfhQShoC+HiuhPDQk4hJDVVuYQqxZ+t5VdjaxClE41TBIHnSjfQGy48c/+t0iJZ38H3nqAKqlfKHK/h3XjggXVX+yY4CR1+E0FDd4/u5YB84oFFTZZZeOu6xMVWxBWaEKlQ9MLv18MU09Uvi1+X07NhV3dqfIMjeE2/gvaSsWHfxWhGxOmr/4/k+jYCf/b07AP0kYrOnOnDKJjbmExmmLQeCR2bLMQ3fTctUTEP3+SykOu23sgO8i643rkYwSXqUDTC2c+m4brnAWDAaqhDwVBJ0Fb46bx0bErVAlAnp3P+KZ+bpItQA5S6vW9Jb6/b+UrSBAPVET9SocdTTsjRP3IRNWqTJkzIrZTK1UKAnjXGLysL7LxopcAVgzb+ZvwewV8hvrP3waYdq3lYAshby0D4ZhF89ziCBhfOAOMn3hbbsfbd0alkHggeojfalSNPHBbtPBKJBL/oyndfK0TZ0Am09N1QGDc2UHfcs2ay5wy9Xn7uKo615jQGVtzY9AbYF7y99yC4utF4yVWq5ebBUc3T8ejnLaUbwOqTaqIAbmmyKRfrj3zo82QdYozwqBQ3S+XrF8swWLZi9WiXlipHua3PPl5XtW953Rf9IywYiGDuwpnFnvQORH9go1vpQSMdrujYM6vcrejZRlzir0ibCJETSO8rn12a2uU/N3KNf2c8dBbv/qJ3V6Od4PLFwEYJbLSxYCDHwMAQDpImwBNOgkRqqe0CCmbFriQtv79vzUo9UbQhAUGkrxZ0hMyYq7Un8EYr5JNnrhzRxUuKN2EcW6a2U4T3o1B/1hxCH8gPLsRnceHOywp3YtRQPUZjZFiA6XoAh9ukSfgVJNb36rsEqYXzwm2zi6+6Fd7cTa0X3DKpgSiFxrVIbkDBmGn0SGl67Aix2DLwwI1/d/Vcv5nzvOS2jf3PYLGps5BS0wbl96u1zUpcy8CWLb81FBDXDgVKHcT3LvnWeV95m4KyEqDjQ3SeyBum6VCPsTEZcntELDE6oAlRV8L3PcWiQCyegl2uEB+b+qgjMe3vE7HfFpfqaaMheVH9s0tYkL+nVlEXyKaPTfqzzjrqR3/K9M0ZNPQO7Ou9wDvsQbIgJqR1ItBYexAPViCjwC0nodWvEhFgHDs/PCEQ30OIgCZDJ9BM9JKBC+0KkFHwMLRH8MXy2ws3w9h5Q17Q4IWMHN1lrhvdhgEDsFacPxjyZQQW7CsvNYOpwLioGJMxU8RwxhNMKJYFeEHrOmH6iws6nndLd5p/XpJOH/sqiXxsWpf2zq93DAL6alsDVYvW2wV3z4zTrGix5uzEt6AP1AXH4W33Gv9Tcrp7AeD5C+GQIeO5xA+h7FR4itvD9LpsLz7MjLHQKrCVvE13IqpTgzMCwkPD49R5M+2sB47uNZ4RUA2T55XIKhhJ+dgg6vu7IWE6PXdyFo/Oz03CFasTJNj6nMgIDgigtddJ/m6DKWdvXpiEIbuq2Q1v2CEH3Iz14ixFGAeKTjCe9duvqX3Ms4LDpWRMu55JaJ3V78R/bDksrlNhI2HZZdK5w1hdPs+40q5AxFfvvO6DiiYJXItREfBMhlTxQVdO4pFjVHCOtRqYclmZUy3rVYKjL4afZ2MVz2K/7HGtrIDSyC9rZyZZPlefQa8YuOF1oqw4UNRbPvfxq4i376TjbaB4Qby+aq0BIWuFC1sKVYVGVSAoqZL84T4nG6xfdvEKmW3rud0ijFogE9bsMSRQq4x08IeJD4gaJYheM9HHH3J7al0lGEWL1TZna0FeHgGUlp8jl5gBBGtsrXs8qbbLdNUIfROoZ5+qzBPzWNP4hFFY+YpTovE83MgLsGILj32/QfUQ1LzIG6wPPyA5EiIL6fKqQJuPn0J4WVFroQ1CZpgIA1rwH+Q1SQ3L5x3WUi0FkPQHOJiVgzEAZxCzfF0E45Wu3SwJekJpV7qDK5X8ZYFEzyu8XRpMf6reUTDYylQwERvmGmUV3/vuwP2XmkDqlfVUmgsD9W38FBLrBP/DbFUG2AKFn5z2f3yYfJmElV6qpNJc5/9lY6gvPWnWmZ+/Ni9wXZDnTN8oIC16JfuRUXN0anHuB0UO86ygsGQHDvZwIdM8MLM1Q/eqYqsotEx4eE8pzfLQvW74Xc+QrJna5DM4VQV22tQuIZuRjWYVFuG1lM2WNwYq3ipEoWvWaB/pGxxBOER4qQa9dcuNOlU+GNBdGlLvXXNSwswMmwm7Df0PTa/Eb9nO7L5Jpit4TKUkGLQkk5AHIJ6yj4sYPEI2QWvVUPNoQKgHeYxznHbDc3igjfpkiZKuNaRzlHz7yII+kY3fI6v8SEvP4qhBUXNnEJrpKPGC5YznnI7JxMJ2lrKVW1f9Ofb4FsqnUo8s9xiUB0MwE91OGOrqcc5wE1Qm5xd6yYCOx+JW2N/xw/ikIdvmi323yf7BM3nJ0r27K9cXUrXTb85cCXoEfxpbmEU/+WwMAd3RG5FGP7+hKzoayvN3dEa5bBPgEFCwNzzkV4o7gh/REGqOhZoBZCRkk+qewK8xGka7ZMVIWf3HkoK84JK1xi0OewOWzJPvRpmIhW2GDcaIoTFLoa1DUefDI4/sjvtq2CDHBbQC6LoqyJhednK3lUy/nsU0vS1lB+JvZeEkAUa/3lnAZXQy1ehujjAofTPO5vMUz3/ECpkXWLQyQ7IeUcupSm67HkjBYn8y9703Io5SrVulP2gJsO6dxi55GxYWfQqzs8Y7xe/v7OyTdD8WTj1Yu2WORMDFQoacWJ6YJth5l8wauw/QaamAAg/uB7oRnongFdb3Te42Yxsv7dBk/+N0VaMuKY6Q7fEpfiIz2cqAxq19fyF2Zpm1l9CIZ7IoI+w8aZc/1vS9UMgbIpCYErbsdp4U+mUwtmq9NNEArcA5RVzOtMVJqPvf5WaGdPMLZ2x0R8v/J8KVxEuV5Nd/sPB59xNLai34C7ie8CG7wiPuyCqwALJIk0hkN2ceQFc86RKOWMYVX6LyC4Pj17LJOXM+8Xi44T0zba+MDImEzjmtC2EfCAp8wJe9lsKRJFfMx/Xr9X1ynM8eypWjS3y9vojdY84SfZTn4uezMW70gbeoLL72hXkrmCH5P1HmMsvqZiQyqCyrX1fWzCCzNTZPsgwTtXFeatgvJAC7kQ/g4a0+OAxnI+LfFFNDNPrbauF9rfqFUVRN8hqhjgWPpYVGvYnADTjly9UyzflynV4tVmmoreTys3a29jG+05JDPkWVAqlGoa9xSQgRNhgnRoD47xVlW0zl9Fm1KJA0ev5bVjkUu227wXAapvGeAD8WF27+AIjJGf53olSFBUC/GEBiRWkTIdJIIlLo08IMHy0R1MPlqOOkDoQO7UO/r+R/XTOMtXYpRjpCVfMgq4pW6g7uhY2VaCXiw7DYxqyfNsQjaowm1qE6OZcnD6xRTsoGc61x+i7s9Z2DrYpX/vnHS8GQwdIBPvQI+mj+6TtKc37uHQWkSmvPmd9CRzZOdHTvIB6UEQJXD9Q502++PkXMi43I51eFxMRdOOtwVW1Axyeo3Ct6gpEPAFb8N/G0PlwWviyg6kZbi4M92UsOcWaKtDiC/tXoXPpyLljqDHbT4Wb9+F2bgTCvuIPp3SdmuhzlRANbzrwUBevkGH0I2ziOPXtHtUiZpF5ux95zsVq0+/TkxKlPCkWmH3ghfRe0IQeykk2lvFJ5DM22+5TGSUIWiKM5RZoewYLdS1gHOx4RQr2Kb6GPS0n/g0ZYgj7qrZpk1VqO2v9mdO7c0SOaM8C//sYy5nFcMMkR2e1CmR5nPkz94iXKexaBWucehgmNE+hHe14SPOWfI9xr2bVgKLeRa+QSoe6gT+hWASsWsQDeKbXMYOwasbdTtE4pshTae5Te6nzOV1TQziVph9EzVVxX5iM4MVpf/SmhnkGh9gtU5FobEaJP5x1IMNeuVIJL79j2p61oyUNIS9AEPH0JUIwxbnQe073hfF03FowvqRpw5HymDm/iBUl2OODiwadTtHi1K6ggM0Swk8Wwx2UAH91f6N3zdbZxs2vdzcVttYeolWc/zCYO+UuW5vDG/L1TIdGd9TJtBeb0TuQKdFbgZrWSMyaXzzMHgxqXZE38z9JAG9Eq8DPgdZ2KEBZDnXxh11hpUOivpM8i4E4FcvLmTC8tikm4c4nXQrR7/SJxQs5hQNZgEhJTjhDk7Wk2L493hsZ5BXp3fxRIBlWiGOP7xLj6nqfwt8WowqaKYqBptzMqOkbOEmRGSnXqG08xCN3pXYo4NvqtGPPmBB7H73z4u97g6nsg/aJ0lxPxaueJGLlCNfxq1znNBf+MqhtnLcxXy5MNdqgMym0tAClJPDjvaxaj/SBWBJLemveAkOQChaDGzj8wTVzQRMs+dkMxItmPb0bGxKMdMHMQq+ua0Fago9yrqHh2cJ8fN1LFcq1QNKT0DuYIV/qdKpg0aTxmQjDoGXJZj6h16mad+jqLK2VbQZ0xvM28+n8VB7IOIHLenhe8So4sPJl9RYHbj6iqw/K7Nfv8MtP3MJQSUGTmcam9t6oVvBXrksWcLfQckuXwoshXMLVU2Tw5tEznFiXLt5pVbIw/73NL4+UevbNpcal99veJxpfJlenuxzve9bftmAJWf4sRFjmL8A4L/0p3golzuFVg9cpOnugAXNCZYz/6biP+9lhpViWM8rUgAGtOomaJMtbH3BQUyNdACdOA/+WH/nTOcLQ1ZpSaaP+0NAXTRJFqftepckwbBdEhqwrdNSj/0gesbShtnGtXfF5O+XK0khNvOVb0lWtQmzxYYUnOwA4nIZxlRs6gfu1afO8j0e43TfULXymj/NSi623PyDyoygpuVbVUcSGUCMFoDS2GOO8T17UJ1tLfhOKDEIcEafpDCNiXQqfv4mnUxSpqu7ogmzakFXCV/I1DiyKNtgxNREu/7VZCyZuVEeXGqAu9YwZZza+bHVR8G740kZsaaIqFCZk4tz0um8/jXmqReXAHijWcN1yJI+iEIewVOjRsqwPHcVbeKjH4ORap1sNImE27b7sfGrdBuyABiyCbFsiUHTJ5YId5vE3q764BkuV+2I07iCEtbJwv27vKwdihvy5lOHD+gcUQXx3/36VxLXgYVI848EAzhRTwInrWDxM81j1ye4AdG8ALum9ps2CzsWODKOAwKl9QMyFPUiqtSJyVnCJi1l8YsRAgetCXz7FENuMyoD0B/51uj77sYDU7RanQ+tRNvT6/A15GzuTWyeatPUSVhvui+FbZHFC69IquPRWfN+wgyMW7CuQks8OkHtuq8ECLKDY/q+08rjYqJ9dFwXe1I5nC4TSVNHFfTdkIZZcOaD22bLYLYxF91MtMO8Zbh1GrRJnK/FTzq7cqUyM62k0vEKthcFuc9ZDrg8CqnYnd3uO7Y4NKodsn22GJt8aSZ53uee3783g29TftCAGaUUyKJYBe9RQfgPzgFoQt84f5MDJVeIhuemvYcyxvFdIXMTQhzcnuAahwSBt1AuyCMjmEluLdRtWxIQSkq6S3Q9tYTMRO5mlJPUzADPGUZBBeIOrrLysf0hwkKjU+oCUEYmnYS7NtZKnrhW6zfmpjziYKSc79FT22sIz0TcLxeSNQqIyhrAYXg6NgKRz/IrN4RecMCSM/itzAc2DikdNAXMEQCOAcpt1s1AtW1BUd5TxjT6nsqh2e9jDbcnlOQP1uBBsmNWCNGiDMBC6aQGSpH1texQEyDtUGEpEuaaHaTE3c4ZAqcgityGjMwCMTvst+ywS+EWeQ4yB7+5tSsCPJk251pFiNrTMKDnKq4mpGg4KwkmSO0xu2RjWnnEGe3DExMpPxpP8Fstz9QrPMFykMMElZKDlBSsStQ8RJl+b7xOUcXHm1V15RljkAkgCAsVPlX/2/xEH8PJTUGYzBd314ZutupJHSxiMlEL6nVTb+2kZjuMMbcO0f2AVSrVT9Vuu5F8q8Ozl6Go8nHXXOZZf6cuiGVFobO228oNRE1Rxeojp0PoD6TwLfq8LljnVMJuWNZBTDc+2/CnZE3msiz+7OwqnaGWX7mUEL1p5J3mOGvICkCvHoCRyElPknHgoAbFYwoO2iZBRbFxBd2OZrltKJ3caOWLUqq7hjvm/laONHsQ15vcQMQVVZRi+cGPeSDX9lQZ2Y9P7wpMQgAxYZWNkfl5ll8lk75Txam7Ffgz6n30zwtKyg+wX31pchvaPfHwPS3vq2XGHu0wnqJeV8Mg7iL7QNSXRIFf5pLJV0MESaj2hyJD4lPqt2opAa6/yhT7ziL5DkECs6QGcdJR0bwKqg6kmXrJqo+T9ZqQ6byMdqkSU70xgNjCg5ELRSMrxllyYmJEQZvxg5YRy/VcQv2F4Vq0PvZQVBWPNlrgzC0EARtEtT47l6JcgX9XjyaW7CjHr+CdbBwQeU+L/t2KY1xHmKR227VGqvZdVZj/v2CabUX1jy8tGKM3/lOv7eIOj9DLiZV2GeRtSDUihdyZ0tuIN2+qsY7lkMzJcGSTL50uZX5THMcahXX2g3dcl3Ga8ngZVnEf/CMsojYXdl44So0hjaBKLDSF4mNaUrWMv/raiUCTiGElQoLoWWuSQU/syomTfBW7P8eEeg+avgDVzUAjRm0MbHxxfqfIn1rvuo9HlC6Stj1icS5QksCAkWh/UTr2Xm3dY0rUM4yyA3itkikZrEujra8rTD3b0H/6eAv5WX6DvXvu5ZYpZLcIXpdWPlCbeJ2rtL6Wnnb4q09S0KW+MZN5MiJBSz2W2349wYNHIUghBsPSK4J3Jig5rfshpmmu6p/A6BYJNCZ+vN5OfboXlrIv46zy1zmtgeJrtD0hxSxQm+aO6qwDSUzjrWNIHPE83LokElnQ74Nwuk09P9XtS8pE2+gZ6YFQ/tCOQn7yxwUNlWXM3Nt4q6JKnJrWVR0L6dImkmsvsIGzyzuxl/CJAmDEMhsdCKsc7Vt7nXoawFkc1oj9+I6n7H7X07NfoMkmBLGQ4ooQXyC8XTAu7uEb0IQlFpIMoBJAvLC/g0bdvIaHtxH3nuHpOGX7gdHyKXL+PQ2HXcMiiRIS5Gx00L0P8hQwx1XEKJbP2sL/qPpetvXPCm5cBSNVYTFBrNT87tVY5WVWQYV0byZcbnyqGcW6/iJKGUW/lm+soQ5ItSTfIrJzC90Ru5+CCSftNdDmUTpCPZeppsbzQro/8Gbtnt5neg8gVpK2ZOb/STuy1FugRs22smcDJ5hA4TycHYvG28NApgHGeSI56hQMjaQPqxLdLa+ml0vJ+h+ibtzU8C/6b/aWAJsz0iCCDGNwJZnDCb+mA+tWEa1wTpGnzGDH+Joz1UdV1cIlyqMarihc9NlerPPXQEKt5tWED1tfmt8jBY1IHfnQSA/rl8UL4xi8gNUaOFZfFdPP7kc1HlzuIjv9WYzMeQAESUcKheb2NrmsX5pOve7SodbH+18o4hNykGsuyqZRI+Ds6PCImjaBgHzI0mmXn2UTsJb3EwduBD65ou11PcGBTS2WWID96O9Mak7edMdurjnFbyyPcj9PzDBcsIZW1Z+/XlSX/5Am1Y3pIXU1zvsbZpB2oa43+7blrnL6u2G5DV0ACuYTKuF6LSjyaFRtaLR7CBC2BVrrEkoQc45SyibE7EBiBFGiBsWI8OdPoEXdK+A9QDRiJ/cO3iGPjeRw13TUYZQxs7G+VREORx6JGQZEq5SZpf3IPWsunu60tUxJy9/gG0rw95UastuVeXjdizIg88K6oqGF14pFYkV8KSrEQIs/cnJcmoh9OBjFnZNrtmKS9wzPlDKqsEh5xEiWGLpi1kKD8AtBG0/hJz47NM1w07awJzhLyYMwpGZgBmynkOzwnPiZemOVzHP+LTA21qqpx/ztLhdFXFBigAjDuD1mUm6kjcQSN9GKwSvkSK74282eaP77uKnHBd9kUKeXhdSWIM1955UjxRfhl3cJ/yKzHjoriUi/JREUJxbyZI1cqspbbcDve4KjEEK435oqOr+Ns3oGBxBLwIZ3x/Xs7WL2nfdPfC5+SEg9167YIFNivQKOP7Kg4SNFIQqEJBviSAuTQru+IkCoJcqB2yEiq3zkggixQOr44SexwS8meN7HUuH8rNTFyy/LYopFolcrFAhIl+8XxPCboJ14LrHawiQj2auKvEdehd9TgLW+Njv0qQUKW6b3lI3+cwiRi9U239DUYy69rFycsyeCVgbAmQ8NObSyw4FknzTCN/WnM+zmckbZ1uPYfLpfuDIlJ7kE+WQRhYJWgmO9DbMhg5Za+3UJ/IIzJKhVJRVuuzMinQ/RecdmmdTkdetccgTWkmhrQEf4xgfTiAsomkGJ35FBj8u39n6Zqz5nAuP8hGhDVgIZnbEwdMnJG4emq3nmdrt1tK7MhnsNeGqJz93k46D0R52F8ZJJv68wpvDMruD0Oj9A0KaMbn+aCyfp19K83Edx0n7Pky0nM+qKrC6Aj+Bk8akZ6hnL/hyrpVyuavT7MrBNVyCWTRkRsjwjR6ChQP0PNgIFKoPPBB3WsdutPKgSot1SkHPxX6r3x6pbyGakim4+OJ/cfNOK7sGggehgN6pl+BqSzdMxjnu32XqZm2GwcDnI3PbC+RYh1wiIkI7g7ytVpvO52FUbKnixA9/IjPV1bvCnclNKYWCAZzIrblQAMZNUCV29DMKSi2cefZTifrQtkTidD/n6g3mdVrQypkhqbYFIc1+N26XfF0k8f4B5t1/f43B5o+s/CXPnvV9Vtork+HLSu1TaCOarl24LZtCbjbbE9qmJXfTpqj2wGytrZR84GhjPLItqnm3FJVeiclHjAzKdWXhbaAP/19yJhS9xpkMClrZGXf9RgJ4Q919Caumqr98Q+zNtoDgOOjxA77z/iGTHZudeiY+bYNsnhTJQ9ioY7Joddh9UtAbz8dhPjCjqsCYqi2VBhQObMCYD6bD3GRGQWj2oOg8SezGCGa4xr2ZlxQZYf/jCWhYbuNsBiL/Myeq+jAK3TOhB1KuTdmmHAPskMIAEHxylZQRETiDG6SWUXFjqBra6E90Jgq5gM5H7/FvenusCg4drXVEZ9/3JehVSt4NXSsQw+zpkNBQBy6XXgEETDBuHIIUxQHwsDTLTvCSeBO5Bf86ZBsEqN8y6slT65TTZRNaTHFTX0l3K7zU4pPchFvBnq82DgkdOvxIHN791giFf/C8ewHq2wN/y1/UO+DZYLhwwckbkfBIz+p4BW5q1sggKqpOhHVhEGxz5JKTG8YjBMu13rvIwUsIaUDZvnl+hPrS12U17WxkgWd0x4IMemJhyxqi52QtxWj4bJd4wbFSdkDYrk8Q+MHbw+PHMM50POm/tfmEe4jOgF5s7JEnTtzw+qON24HHjmJ1zVoDEnWs853M/v5ZU0DsblzB6BvADNGS21YApCu/si3xgL9vq3h2DHcrqSzlkXE31wBhkkYnD0X/QWXEZppuBH54YorBpsLtUYRdHTLnL/etiFo27KAItA8SHOkCvx/mXssRW3K42Kt6HCIy+CTK5G+GtKtARluDh4sOz8JBxM+pEbbQDXcKkJ+LOVWXzC9Fj7vkpH9hNwka1vf2cpBfU2m/1LVE/M/2O/ieXruNNaf7IP23i+kHjLJqwVCV/0f/17RqsvX2YQamZSoOTP+YudsQseB6pCUiRpfg07cuAWzINeLeUw3U0j8q5rfJstTz4X8LrHASKUT2PnnPH+8DVq08+gVsUwGRpMVuZLcD8j7eS/+BjN3wzpBjmOEBYUPYdJTI886KdcdwVE0XrBHhIJqIf8L9bBKvhIEOoqmv0ARbzVDynsuQB/9UgpIzNeyVbkXqOCKZN6Z1snKPiNTQgMc6E6VFDIC1olvO8M22w5w8L8KeqZsQ/VAMbsOVc0alBSZpkF3eEhGXGOogyMDRrgVaaCPVizayWCRlxDh6MJSrmotCrLMyFOkTK/Kxbl9aVRMatRrGa+mnNPJJ90bf40bV7IPzl4jxGl/jWwlNcqIhX2YQxVyyKiu6WSDtPu9dB5GCnY05zQg1L59GAU0GhpvaRrk6FGaiAnRMcT6qJ8znAlpHaI7vgQqQ2nj5tsauAAKJUWN4vRtqZ1gvMO3RmCILMcrTvS5BbLJmHO4j9wwDIGa2IWzZ3LB5HTokv2YhUgFyJCxlxMysuV331wQ5zeRmS76VcN7voke6rpqAq9bzIvL9u+lNHb8adoep/z8lSWmRAP1Sqll1ZM3e9SFz4ZGs4I38hyvPFZ37ILaquC1Bw1pXquEqlOvaXk6MPS9X+FWStjD7vPnB/hxrsjv9Sd98buQXpcAnsSPWVCyDARCH0IUmaNP3z8NSPzLrLBFh/81awzDevOSb1JuQTXZ1dilj6B6yB7G6Cs9J9NnasremHnWf6BcvG1jzd2SuYpAcmd+QhL97QPJy8KL28mvN0/vqN7ax2mZOdaDNanLYiym18Ioj52m3t+0chaWdC7ywtS+qGw5FFSORxfXQcEBsLhNIe+rsR9V6XGhmkU4pyQC/oHruGdFui24BmGWz+QqmFzoeCW409Ajjah8W2/gSUvrvi07kZpcNcPFEv1xO9v44SE6JFKI3StRxrfKoNQXmQbrH3tAvObWgUvkSHxruvGMRbXewGezbkp/fP2s543YcFzH+xn4KXhDpi2111PJmoRK6vJvWdItleoTBIcsyWQIKXiDS+gcVL3Jq6aWSOmSfKqaKf2u/tmfk03nYG5D/7ITYp6nv65+pGUwKvWvIwzqvE81e3hWWRLVT4tLMaf/O9X+/KqD3SF0uPY3U0srXsk47gT2N1u7NsgotUBaRk7nVN4EAizPpojW3lrDAWLgYJsbEhqXI2D272i/ENX6N2oD93ogP0yRoiwbysxP4gc6rS7m8PP9s2CeUk7GAJ4rISk6XJpu5/mmKlQy0DK1Qdt0oEumMhrqUes8LVJZF5CNpqWv9PGQ+4VRsjR5LF58iSip0f2OjfaMzHu5wClvITVmdt+sIp7/Vdv92CKJtoV7NfWASS8DHNqBMG5Y4hXslJfIaOpZ8ghldC8mit1azhvcxbFa9DAgW7tEq+c0fOwsedvtqdDAciPLL7Tchf2wozdGSEAtiJ7WEWJben3AIKEgk38qO9cNaRQNDFOk+JG6ymSt5UlVx6/ZguOxYar6GuSgxpsTIEJoEXq+uM/Bf1TRcCi6J2YclLDeGATSK34+L8G0X2tcHPwtr0qnE0UYVIWwY6Ho8XJHc4e3PC2eVOOMXDKq7dzO0h/FK4EEApc8utGRiW0aMrkaR5h96EYxpz/OFewyepXtqATeYli5aRxpW7r/pH0iovTpZxQp5xHS1xkhcqQe5CMa7z41xyQjeWQf2/yvfyUInFZrbyy9+WkGs7rxgOgI3Q9HzV3FUvf6hgL5waT1cVNxWM/g+cGzVb2RBGJYSf2X2qVuPiatW0oNAH0sny6juHj72e4uKWGsB16z2Bk2G4tRN+fEgH0waNhn3aU4bAsvm969irlevlxK48vHrWFU8YJtkPOg7EZ6oIXKau0QBsuAfM1hg35P8ZGO59DrRBGTRzFp1NQdIfy2Hngoq8O30hJY+CuK4OqlDnMPeYDCc3p+PkU8c5s8dalKMhCTvoE3rH/Vqtr+XAoPSEzApzwJTGm75PaaCR5wcz8SVmwI7c596qPKlJApMbozQ0UoFy5O38hxIDCE4UX9BIy5+GV0pRq2tLoRdDc49CENz9yeAMeA7G4JL2XO+/MvfMtuxe29+yrDaZb/EfRhGrtr+Xb51+Fp4AZ2x8XkAB80n73orMm7+A3Ag9y6//YpEljpxjf9h/1F1qaiHP/uXeIMyIONu4PBdzwCbdbRUzQRH5g5PsWu3nxftB0HxP/Yb1+NuoJfqBWsOrRC5+yaYJ4IQceLLk1o5hL/pwBYR1Dew5cE8l6P7qpUF9z29hDwxZzI6RsBjg+CgSi8vXF8tKhfUUOvSuJaoPn/uD0iGk8YDLt+CSViO13jwq7QaoEevSwvDrJnX0MS8i2peqhLd8EN2wxbWIQSuHOauWsWx+lKBn8Q13qCKoI9IVEnEHjOuJRxZ52xovmrsOBo8BazTta6iTbESGgYwB52ejfYJSFOOTsZNfZEUklGHjyKR9FoFM660jPUvq1/jf08zdrdbE1KIbyg+eYr5IGBFi+j2bZK+1X55HItv+ve9qYv4l0aC/8+uLeaCBiXfoHGRIeu2q7DqJqgK6BCZrisVfGK+1I6tn3Q3OSSsVDpi2E548Khg9rwd9d9KHuo09AVrRjS7qEAX80I6KqCH4Idd1iCE+Q3fdRkrNVt8WYFaccpHP9uoZ3kbv9sLdOf6WRY0+3I/v2MZLA+Zh9AfprG7wZyhMg/gCiqewdcuSamRlJ934f0oQ9NBA5FUYOp4VwLCa7TmY0RUdxhMvAMfeVxh8+4kNvguWV9JjMByJm0ku7hL/5qSQ1iUA/ZWy/+vehXIiOOhhqJlWDHbf/jOLr/uuGLGqw73JOx4AReTzLH8vLe7E8ZjxyjmYmrsCP9HoQESuG3fnUyDajXVin42NoI4kSNitCJO22cR9kopTPbz7ZsUzdPcAuR7t2Q9PFdH3VRKyfnI/2fVy4h7CiwAYPucsKhRuGwD3cr3Bv8KZGRZvCqZUUb0eHIWkq+Vbia0SGElpmN0ufmQumeP8giCihiWvGs6czgBULxlDlFRj2ZRBfT+61BGLFQyI7bme9+AgH0Zq+2MhIDun6xH3GSmhz91b6GiB96gyJoPB5pc5Cac8du2mPwxWpsDwRTSWpdSynF8nhQRylX3d6EhLJgirrKvrArRNJev336+YSf2Kz/5sbfZJ98NfaeTXbSVa0MPJkMmg9TPL0K6C2cmIsWLEZ3YBAlD81sMcBYmerIQ7AAY2wnlNUQgwugEcqSnkZd034H+xNhRzqT3JmHpQ3Wro1/0LIgrVoF484HDIAxlH//FV6PMnjAAzDsgJ4dbPdPwTnqC8VJxrzzYe11kLFt5UGHMK/a7kpUICjego2f1pwJCETyWx6fmgTdkZb1QpfZigwA3UtPvMqcUSEBqqwogSvLzbP8z55gfenb++WGKFlE3iH62FUyTw4z3qLcrsBsGwKqBuHAtM8a4yhsvJcbkp/CvEw1SN2k/agFihRLjouPYpdZEVFhqbNEPujdhuIOfcbHyazzFWuPSgQwbJZuTUXGrKlPFtpbEX35lHY9+dGVn7kIOV4xVHiDkhaS37Eg+ybXk8OtLLDvT9pmQn0/F7jzPECh3Vx6lprle9FK0xHYivA78Z/KK4vwq+wLgVbGNfyDnTViMjCxP0G1hG2EAV6Z+w1/qU2BggmdfWRyfEZVenPhzVCaTUHALcD82QzTMQezgffiH6j+2pZbkD29VaEPfDxUSdFX3WDRFavlWxZz6sCW8fJjXcD4onieruoEwDcq9b1X1rek9TThxn5TLoHSW1lRHTYCldBLTzAFQzGOA1D1YZxFiBQYohK/W9Rs/qfO23vwOftdWvp0DT3L7cgiMOx8gf8hV9PH7LNEEcUApKUOCsp1CzsMK6mBz3SN+2EKcsZUn5DkKonkduzV3TxP/y5XCNRiXmGTqVz+l/+co9dAjDS5q4Fl7LB/tEJeHqiIcgnOzZLiCbvv34MrTDUv2DTaAFpIDyzSyZnPcQUjQ2n69kN32kJy6RqWEZ7wNRO7/e00kfgjV9q4+vuFIgZ59xUv0FPYm7ldNFeXaXEN55eNmmxD2rCWHgbI+zjpEUTkBBWEX9W+wEEJxeTj+loxNE+BwjWVruulSEpms7vRbgmZI3SlPc5DTrSw6e1v4ejKU/+gDj4dsSi6JVdUbwDJUOuGKdokUpGIv0OZYc77yk1OHkmUz15eAuop6UQAsC2opTYkBM2oBOyXeBmZo3pmpBQOaJuYTnwatwBY0a+qZahMfIeC9ECAn2DVV79ckPLgzQ+reTjNoCrldF4A1nWdGaOvcDgjUWvrXBpt3YfGhXG40CA936YSKUVJJGRSWrAmawyz1wR07COFcSutxuu+C5Jj00kMtHRT4QagwWi4Yr11c8tRBbAS9IHY+fhqZMhXWyKcsEoHLQz4rHMXtgCBAIDs7pLJu7rRRm4Wejda7uz7wt3Tqpfw3Z1So2gxUwHwwuvlGCjp5qVYsHritSYik7F4L+mf5O+oY6OPNKGGmWkW/TAtlaNAAPcstosSEnC0jNNEjzePrH1YepMbG1HD+o+qb9T96LQSov7pGPY6hG6jyrAIg10qDhnHuOqsZYRpAkCVvAMWQoogNIName4HEejgT6KwGO0CAXxzeFMthtNu5YFNzIFc+9Ppus0B9rxE44JDyv9u2J3gT9SW/p2KwaheQSCYCJmCRPqrKugi/NGBBAtkbqKNFoFciqIBUymYEkr0kBvkeoDvYEvCyyrzUIgicwY9iHUi2VDzh9tS6I638VnJxL7EGrknOe0AKWnejXOhGSzfIu1GbhRLApRTHZijOeXKlOp2UU4QIAqmZrPi2h6s5KZVDdiqp/XwGPn9ZincsGo/1nMj4J8z4cDZrl48hwoKZUMMSA37yrAOG2VlNioYInMPrQJheAnRS8bnAD0a1Epd/ktp/avg6BLoEcWmLEcq2753MkblBKIgREXj4YwhdX0sI2twd9mh/f3jhEhlXs2wjAubH9GRCKUaRcl/t8e+xf2EOy9Xl7As6HFnISX+ouVT/1x9011ddIqgwVWoCEQqswPXNx6CKpUWEkCyElINGQwJ9Y5Q5foLtcsFyHPcpgAzBzdeJK2WpoI+lWwDS81U/49UHxI54LrXCizokyqm+hoSiJFuktAaC5dkHpQn+y5nuKJLmK/IAr3BwWXIYtr1h060whMhb6OMmvNI61m84CqsHczmrGWNTUCpcJADETRO94DX5rdpv+0+Xc+gGI8EeBhLDcbkwiQht/gGwL+sbasQc455Af4qRH52NEJB+OaNq81YG3hmEcSrj36z6VDZXnQd/H63x/Zw4ebrQWLtEhsU011p/X+OvNH0ShCZV3A+FNwHjfxhacVTIn7w1G42FyUYe9hwHQ+f+UFVK2gKkOjoNU3cidcTURsDRnduy8MOl/L1aAvaxw9KcChXP005O74uId8AtwerVF80xv6d3kzy4UWfGWf20AtQTOcOtbBpiW2T2VzP1QE2eUXP3UsbFF+YGMt158fMiL8/oEnwVJHwIe9lE7Yb6SyvzuHOCYG8NxsvWImCHtLr1m1bPNrYgennWn+LFkF+wIgJt9Fumd8abjGtq18qUv/nLwDtQMuwuM171LzHbe5I5lqweVIHFgZuLuIDt7d7PIp7hvaYlEhUoDYsIsKuDYw4anWEzaMoLkY93aRAfE/PTO5t4ZIxehRMtyRRwvcLHy6AcsFfii9ug/4dxAei17kyqrm0aDc6JZXnoRh/s//Ut03+utony0JHk0qfKjbgwCbVLtf5ZDaUV9IJEDSWnx6jEMO+jwyVnXWuEKsYNXmigMOG/kz3G6zdgMWvYOoFx0cuHhctsOFjH33jBxKQehkeYLeNwgKt3FnVVDHFr1GxEyDVl8ZOTsbaHdtqYWZed7JtPIhECJg/+FNzYNxOTV63U4fcNt9CZodlUq6fXvyIEZ8t9OPaR1tBu5CQdjXhaQAiRtcf6wPQBwY3z1rcy7Om7jLfGiNGNDNaqWcAjOB3SvRoXr0+wU0iqIhVZOv0dCuCdMxIvo+TKu24u2yCj1LZI20vOlcjXkCtlOgyeuYB6VWBmst80iEYcEwLKk/C8z8cC9YyDdbMqWol1DbmlcE/r8ze+t/5nViP0Y9cUJT/k+M6qXONa+tq62e8AfLiSXPs0IrFGPm05TJ1pt9Z6oJr7zLn26MbHMTYraIagKzMaR7CQbKbYrgOeE7yrXmTYPbThfhGfs74VjrwBQq8Yg5R+zCc6epiVTRryJX8yMXhltLggBGcN/VflOVl2Sr0MUPe72XNFjBi1G5MFLi+hxTZzL7b0UYoHOnp/Gu4adAnfOFRdAbFHZTiJMVtdt3AWiy2oCaqZH89SRrDFOphPqGOBOY/bFmiIigCnOa1/kwTNr6vmSe9nl63iky3ZqcfRBDUJgR3nWi3OxASsu6MySb+SaSN/pIUO6AqunkpK5PdPGRrD9xWKUSPVtKZEwAZAaCQungFBWYztsiWYvAslWIo0JyP/bWcFJ4DLa5mzKp9hIuxXm2eRuSDUcqGnY09P4LcarpSld/LuNLQHwTAOTQ1qs6Udp0s4iblD+RdQjBQ8Iesb3reHqezGFo94SUXxV/iHvQBVB0BmDyMnc/pf55bYTZZO4UOK/+FFlQRQ3WJi9lRoXty0vEs9f4YO/n3joIYYP/To8drcCGefVPU9HaAtKVFDh/aAW9xNJPXNK6FyCUJ+MDJPIHLFa7Q7usTrNSX63doPCEpt2kJtNVRffeDwbXZOAQuqWV9i6+otGVQTOydyq1sTW+MC2CjHjAys8zx4TTW+7c78UTM+jxDni4rvp2RLAgXQXQUwtUtFS1ent/jxK2XVPh4RUQWz35HiF6feINc+q9J9/7L8fZIEOiCt/N3fxuxG4ie2ABoBuIPDzJrBRSD8tr/vPFxoi8voO9eKauWygethocHreLkgY8+kg6KrHorTqPHi0dyxM0uKqagni0eeZV5yVDXYplCMFeyJL/MYH+IsS/D6V2lm4O5xO8KvcpnndWtOyvCcZ2CuhBNwJENl/tlyL8uKyc5gEyS4ZebJBuWzPD3CTp51Gc2EEQ0MjjNeH8X+Cjrz4+vh+uzpZOh66UEIxHrYMnTzoMLj9kut+eAFPzXPBq+MHergOvynZn5ZVTLui2qnBWSCuQLhH/GcEevf307Jp0qNtiBHBcTulsXkDln9hWEyxQpjEf0TBadX68YxhNoYisgCc0IAszRNX94txN0oBNEjDY1dAwcHeRhBZ9f54mpTvomO/DmwogAtUfOAAAAABFWElGCgEAAEV4aWYAAE1NACoAAAAOAAGHaQAEAAAAAQAAABwAAZKGAAcAAADgAAAAKlVOSUNPREUAAEkAbQBhAGcAZQAgAGwAaQBjAGUAbgBzAGUAZAAgAHQAbwAgAFoAYQB6AHoAbABlACAASQBuAGMALgAgAEEAbABsACAAdQBuAGEAdQB0AGgAbwByAGkAegBlAGQAIAB1AHMAZQAgAGkAcwAgAHAAcgBvAGgAaQBiAGkAdABlAGQALgAgADIAZABhADMAZQA4ADgAMQAtAGQAZQA5AGYALQA0ADIAZAAyAC0AOQA4AGMAMAAtAGUAZQBlAGMAZgBjAGEAMwAyADgAZgA2AAAAAAAAAAAAAAAA	2026-06-06 13:33:19.466748+00
\.


--
-- Name: match_chat_messages_id_seq; Type: SEQUENCE SET; Schema: public; Owner: neondb_owner
--

SELECT pg_catalog.setval('public.match_chat_messages_id_seq', 51, true);


--
-- Name: matches_id_seq; Type: SEQUENCE SET; Schema: public; Owner: neondb_owner
--

SELECT pg_catalog.setval('public.matches_id_seq', 87, true);


--
-- Name: playing_with_neon_id_seq; Type: SEQUENCE SET; Schema: public; Owner: neondb_owner
--

SELECT pg_catalog.setval('public.playing_with_neon_id_seq', 70, true);


--
-- Name: playing_with_neon_id_seq1; Type: SEQUENCE SET; Schema: public; Owner: neondb_owner
--

SELECT pg_catalog.setval('public.playing_with_neon_id_seq1', 70, true);


--
-- Name: predictions_id_seq; Type: SEQUENCE SET; Schema: public; Owner: neondb_owner
--

SELECT pg_catalog.setval('public.predictions_id_seq', 499, true);


--
-- Name: users_id_seq; Type: SEQUENCE SET; Schema: public; Owner: neondb_owner
--

SELECT pg_catalog.setval('public.users_id_seq', 33, true);


--
-- Name: match_chat_messages match_chat_messages_pkey; Type: CONSTRAINT; Schema: public; Owner: neondb_owner
--

ALTER TABLE ONLY public.match_chat_messages
    ADD CONSTRAINT match_chat_messages_pkey PRIMARY KEY (id);


--
-- Name: matches matches_external_id_unique; Type: CONSTRAINT; Schema: public; Owner: neondb_owner
--

ALTER TABLE ONLY public.matches
    ADD CONSTRAINT matches_external_id_unique UNIQUE (external_id);


--
-- Name: matches matches_pkey; Type: CONSTRAINT; Schema: public; Owner: neondb_owner
--

ALTER TABLE ONLY public.matches
    ADD CONSTRAINT matches_pkey PRIMARY KEY (id);


--
-- Name: notices playing_with_neon_pkey; Type: CONSTRAINT; Schema: public; Owner: neondb_owner
--

ALTER TABLE ONLY public.notices
    ADD CONSTRAINT playing_with_neon_pkey PRIMARY KEY (id);


--
-- Name: playing_with_neon playing_with_neon_pkey1; Type: CONSTRAINT; Schema: public; Owner: neondb_owner
--

ALTER TABLE ONLY public.playing_with_neon
    ADD CONSTRAINT playing_with_neon_pkey1 PRIMARY KEY (id);


--
-- Name: predictions predictions_pkey; Type: CONSTRAINT; Schema: public; Owner: neondb_owner
--

ALTER TABLE ONLY public.predictions
    ADD CONSTRAINT predictions_pkey PRIMARY KEY (id);


--
-- Name: predictions user_match_unique; Type: CONSTRAINT; Schema: public; Owner: neondb_owner
--

ALTER TABLE ONLY public.predictions
    ADD CONSTRAINT user_match_unique UNIQUE (user_id, match_id);


--
-- Name: users users_email_unique; Type: CONSTRAINT; Schema: public; Owner: neondb_owner
--

ALTER TABLE ONLY public.users
    ADD CONSTRAINT users_email_unique UNIQUE (email);


--
-- Name: users users_pkey; Type: CONSTRAINT; Schema: public; Owner: neondb_owner
--

ALTER TABLE ONLY public.users
    ADD CONSTRAINT users_pkey PRIMARY KEY (id);


--
-- Name: predictions predictions_match_id_matches_id_fk; Type: FK CONSTRAINT; Schema: public; Owner: neondb_owner
--

ALTER TABLE ONLY public.predictions
    ADD CONSTRAINT predictions_match_id_matches_id_fk FOREIGN KEY (match_id) REFERENCES public.matches(id);


--
-- Name: predictions predictions_user_id_users_id_fk; Type: FK CONSTRAINT; Schema: public; Owner: neondb_owner
--

ALTER TABLE ONLY public.predictions
    ADD CONSTRAINT predictions_user_id_users_id_fk FOREIGN KEY (user_id) REFERENCES public.users(id);


--
-- Name: DEFAULT PRIVILEGES FOR SEQUENCES; Type: DEFAULT ACL; Schema: public; Owner: cloud_admin
--

ALTER DEFAULT PRIVILEGES FOR ROLE cloud_admin IN SCHEMA public GRANT ALL ON SEQUENCES TO neon_superuser WITH GRANT OPTION;


--
-- Name: DEFAULT PRIVILEGES FOR TABLES; Type: DEFAULT ACL; Schema: public; Owner: cloud_admin
--

ALTER DEFAULT PRIVILEGES FOR ROLE cloud_admin IN SCHEMA public GRANT ALL ON TABLES TO neon_superuser WITH GRANT OPTION;


--
-- PostgreSQL database dump complete
--

\unrestrict cRBqJNuvvmrp6cQWutdZI1RXAQJeETurbTDf0n7ObrKdTMSFBWsEf4BbHW9qbDr

